[       6ms] [LOG] [Fast Refresh] done in 160ms @ http://localhost:3000/_next/static/chunks/node_modules_next_dist_1e8vcs8._.js:776
[    1092ms] [INFO] %cDownload the React DevTools for a better development experience: https://react.dev/link/react-devtools font-weight:bold @ http://localhost:3000/_next/static/chunks/node_modules_next_dist_1e8vcs8._.js:776
[    1143ms] [LOG] [HMR] connected @ http://localhost:3000/_next/static/chunks/node_modules_next_dist_1e8vcs8._.js:776
[    1991ms] [LOG] [Fast Refresh] rebuilding @ http://localhost:3000/_next/static/chunks/node_modules_next_dist_1e8vcs8._.js:776
[    1998ms] [LOG] [Fast Refresh] done in 115ms @ http://localhost:3000/_next/static/chunks/node_modules_next_dist_1e8vcs8._.js:776
[   25928ms] [LOG] [Fast Refresh] rebuilding @ http://localhost:3000/_next/static/chunks/node_modules_next_dist_1e8vcs8._.js:776
[   26127ms] [LOG] [Fast Refresh] done in 177ms @ http://localhost:3000/_next/static/chunks/node_modules_next_dist_1e8vcs8._.js:776
[   26197ms] [LOG] [Fast Refresh] done in 177ms @ http://localhost:3000/_next/static/chunks/node_modules_next_dist_1e8vcs8._.js:776
[   26256ms] [LOG] [Fast Refresh] done in 177ms @ http://localhost:3000/_next/static/chunks/node_modules_next_dist_1e8vcs8._.js:776
[   26316ms] [LOG] [Fast Refresh] done in 177ms @ http://localhost:3000/_next/static/chunks/node_modules_next_dist_1e8vcs8._.js:776
[   26373ms] [LOG] [Fast Refresh] done in 177ms @ http://localhost:3000/_next/static/chunks/node_modules_next_dist_1e8vcs8._.js:776
[   26661ms] [LOG] [Fast Refresh] rebuilding @ http://localhost:3000/_next/static/chunks/node_modules_next_dist_1e8vcs8._.js:776
[   27474ms] [LOG] [Fast Refresh] done in 819ms @ http://localhost:3000/_next/static/chunks/node_modules_next_dist_1e8vcs8._.js:776
[   27506ms] [LOG] [Fast Refresh] done in 819ms @ http://localhost:3000/_next/static/chunks/node_modules_next_dist_1e8vcs8._.js:776
[   27507ms] [LOG] [Fast Refresh] done in 819ms @ http://localhost:3000/_next/static/chunks/node_modules_next_dist_1e8vcs8._.js:776
[   27569ms] [LOG] [Fast Refresh] done in 819ms @ http://localhost:3000/_next/static/chunks/node_modules_next_dist_1e8vcs8._.js:776
[   27633ms] [LOG] [Fast Refresh] done in 819ms @ http://localhost:3000/_next/static/chunks/node_modules_next_dist_1e8vcs8._.js:776
[   27693ms] [LOG] [Fast Refresh] done in 819ms @ http://localhost:3000/_next/static/chunks/node_modules_next_dist_1e8vcs8._.js:776
[   27753ms] [LOG] [Fast Refresh] done in 819ms @ http://localhost:3000/_next/static/chunks/node_modules_next_dist_1e8vcs8._.js:776
[   27833ms] [LOG] [Fast Refresh] done in 819ms @ http://localhost:3000/_next/static/chunks/node_modules_next_dist_1e8vcs8._.js:776
[   27892ms] [LOG] [Fast Refresh] done in 819ms @ http://localhost:3000/_next/static/chunks/node_modules_next_dist_1e8vcs8._.js:776
[   27955ms] [LOG] [Fast Refresh] done in 819ms @ http://localhost:3000/_next/static/chunks/node_modules_next_dist_1e8vcs8._.js:776
[   28016ms] [LOG] [Fast Refresh] done in 819ms @ http://localhost:3000/_next/static/chunks/node_modules_next_dist_1e8vcs8._.js:776
[   28079ms] [LOG] [Fast Refresh] done in 819ms @ http://localhost:3000/_next/static/chunks/node_modules_next_dist_1e8vcs8._.js:776
[   28142ms] [LOG] [Fast Refresh] done in 819ms @ http://localhost:3000/_next/static/chunks/node_modules_next_dist_1e8vcs8._.js:776
[   28335ms] [LOG] [Fast Refresh] done in 819ms @ http://localhost:3000/_next/static/chunks/node_modules_next_dist_1e8vcs8._.js:776
[   28481ms] [LOG] [Fast Refresh] done in 819ms @ http://localhost:3000/_next/static/chunks/node_modules_next_dist_1e8vcs8._.js:776
[   28560ms] [LOG] [Fast Refresh] done in 819ms @ http://localhost:3000/_next/static/chunks/node_modules_next_dist_1e8vcs8._.js:776
[   28637ms] [LOG] [Fast Refresh] done in 819ms @ http://localhost:3000/_next/static/chunks/node_modules_next_dist_1e8vcs8._.js:776
[   28725ms] [LOG] [Fast Refresh] done in 819ms @ http://localhost:3000/_next/static/chunks/node_modules_next_dist_1e8vcs8._.js:776
[   28785ms] [LOG] [Fast Refresh] done in 819ms @ http://localhost:3000/_next/static/chunks/node_modules_next_dist_1e8vcs8._.js:776
[   28856ms] [LOG] [Fast Refresh] done in 819ms @ http://localhost:3000/_next/static/chunks/node_modules_next_dist_1e8vcs8._.js:776
[   28928ms] [LOG] [Fast Refresh] done in 819ms @ http://localhost:3000/_next/static/chunks/node_modules_next_dist_1e8vcs8._.js:776
[   29001ms] [LOG] [Fast Refresh] done in 819ms @ http://localhost:3000/_next/static/chunks/node_modules_next_dist_1e8vcs8._.js:776
[   29063ms] [LOG] [Fast Refresh] done in 819ms @ http://localhost:3000/_next/static/chunks/node_modules_next_dist_1e8vcs8._.js:776
[   29130ms] [LOG] [Fast Refresh] done in 819ms @ http://localhost:3000/_next/static/chunks/node_modules_next_dist_1e8vcs8._.js:776
[   29248ms] [LOG] [Fast Refresh] done in 819ms @ http://localhost:3000/_next/static/chunks/node_modules_next_dist_1e8vcs8._.js:776
[   29319ms] [LOG] [Fast Refresh] done in 819ms @ http://localhost:3000/_next/static/chunks/node_modules_next_dist_1e8vcs8._.js:776
[   29389ms] [LOG] [Fast Refresh] done in 819ms @ http://localhost:3000/_next/static/chunks/node_modules_next_dist_1e8vcs8._.js:776
[   29449ms] [LOG] [Fast Refresh] done in 819ms @ http://localhost:3000/_next/static/chunks/node_modules_next_dist_1e8vcs8._.js:776
[   29515ms] [LOG] [Fast Refresh] done in 819ms @ http://localhost:3000/_next/static/chunks/node_modules_next_dist_1e8vcs8._.js:776
[   29577ms] [LOG] [Fast Refresh] done in 819ms @ http://localhost:3000/_next/static/chunks/node_modules_next_dist_1e8vcs8._.js:776
[   29639ms] [LOG] [Fast Refresh] done in 819ms @ http://localhost:3000/_next/static/chunks/node_modules_next_dist_1e8vcs8._.js:776
[   29702ms] [LOG] [Fast Refresh] done in 819ms @ http://localhost:3000/_next/static/chunks/node_modules_next_dist_1e8vcs8._.js:776
[   29765ms] [LOG] [Fast Refresh] done in 819ms @ http://localhost:3000/_next/static/chunks/node_modules_next_dist_1e8vcs8._.js:776
[   29826ms] [LOG] [Fast Refresh] done in 819ms @ http://localhost:3000/_next/static/chunks/node_modules_next_dist_1e8vcs8._.js:776
[   29889ms] [LOG] [Fast Refresh] done in 819ms @ http://localhost:3000/_next/static/chunks/node_modules_next_dist_1e8vcs8._.js:776
[   29948ms] [LOG] [Fast Refresh] done in 819ms @ http://localhost:3000/_next/static/chunks/node_modules_next_dist_1e8vcs8._.js:776
[   30013ms] [LOG] [Fast Refresh] done in 819ms @ http://localhost:3000/_next/static/chunks/node_modules_next_dist_1e8vcs8._.js:776
[   30074ms] [LOG] [Fast Refresh] done in 819ms @ http://localhost:3000/_next/static/chunks/node_modules_next_dist_1e8vcs8._.js:776
[   30138ms] [LOG] [Fast Refresh] done in 819ms @ http://localhost:3000/_next/static/chunks/node_modules_next_dist_1e8vcs8._.js:776
[   30206ms] [LOG] [Fast Refresh] done in 819ms @ http://localhost:3000/_next/static/chunks/node_modules_next_dist_1e8vcs8._.js:776
[   30261ms] [LOG] [Fast Refresh] done in 819ms @ http://localhost:3000/_next/static/chunks/node_modules_next_dist_1e8vcs8._.js:776
[   30328ms] [LOG] [Fast Refresh] done in 819ms @ http://localhost:3000/_next/static/chunks/node_modules_next_dist_1e8vcs8._.js:776
[   30386ms] [LOG] [Fast Refresh] done in 819ms @ http://localhost:3000/_next/static/chunks/node_modules_next_dist_1e8vcs8._.js:776
[   30448ms] [LOG] [Fast Refresh] done in 819ms @ http://localhost:3000/_next/static/chunks/node_modules_next_dist_1e8vcs8._.js:776
[   30512ms] [LOG] [Fast Refresh] done in 819ms @ http://localhost:3000/_next/static/chunks/node_modules_next_dist_1e8vcs8._.js:776
[   30588ms] [LOG] [Fast Refresh] done in 819ms @ http://localhost:3000/_next/static/chunks/node_modules_next_dist_1e8vcs8._.js:776
[   30652ms] [LOG] [Fast Refresh] done in 819ms @ http://localhost:3000/_next/static/chunks/node_modules_next_dist_1e8vcs8._.js:776
[   30717ms] [LOG] [Fast Refresh] done in 819ms @ http://localhost:3000/_next/static/chunks/node_modules_next_dist_1e8vcs8._.js:776
[   30776ms] [LOG] [Fast Refresh] done in 819ms @ http://localhost:3000/_next/static/chunks/node_modules_next_dist_1e8vcs8._.js:776
[   30838ms] [LOG] [Fast Refresh] done in 819ms @ http://localhost:3000/_next/static/chunks/node_modules_next_dist_1e8vcs8._.js:776
[   30901ms] [LOG] [Fast Refresh] done in 819ms @ http://localhost:3000/_next/static/chunks/node_modules_next_dist_1e8vcs8._.js:776
[   30965ms] [LOG] [Fast Refresh] done in 819ms @ http://localhost:3000/_next/static/chunks/node_modules_next_dist_1e8vcs8._.js:776
[   31027ms] [LOG] [Fast Refresh] done in 819ms @ http://localhost:3000/_next/static/chunks/node_modules_next_dist_1e8vcs8._.js:776
[   31089ms] [LOG] [Fast Refresh] done in 819ms @ http://localhost:3000/_next/static/chunks/node_modules_next_dist_1e8vcs8._.js:776
[   31151ms] [LOG] [Fast Refresh] done in 819ms @ http://localhost:3000/_next/static/chunks/node_modules_next_dist_1e8vcs8._.js:776
[   31213ms] [LOG] [Fast Refresh] done in 819ms @ http://localhost:3000/_next/static/chunks/node_modules_next_dist_1e8vcs8._.js:776
[   31274ms] [LOG] [Fast Refresh] done in 819ms @ http://localhost:3000/_next/static/chunks/node_modules_next_dist_1e8vcs8._.js:776
[   31336ms] [LOG] [Fast Refresh] done in 819ms @ http://localhost:3000/_next/static/chunks/node_modules_next_dist_1e8vcs8._.js:776
[   31397ms] [LOG] [Fast Refresh] done in 819ms @ http://localhost:3000/_next/static/chunks/node_modules_next_dist_1e8vcs8._.js:776
[   31463ms] [LOG] [Fast Refresh] done in 819ms @ http://localhost:3000/_next/static/chunks/node_modules_next_dist_1e8vcs8._.js:776
[   31681ms] [LOG] [Fast Refresh] done in 819ms @ http://localhost:3000/_next/static/chunks/node_modules_next_dist_1e8vcs8._.js:776
[   31744ms] [LOG] [Fast Refresh] done in 819ms @ http://localhost:3000/_next/static/chunks/node_modules_next_dist_1e8vcs8._.js:776
[   31804ms] [LOG] [Fast Refresh] done in 819ms @ http://localhost:3000/_next/static/chunks/node_modules_next_dist_1e8vcs8._.js:776
[   31869ms] [LOG] [Fast Refresh] done in 819ms @ http://localhost:3000/_next/static/chunks/node_modules_next_dist_1e8vcs8._.js:776
[   31932ms] [LOG] [Fast Refresh] done in 819ms @ http://localhost:3000/_next/static/chunks/node_modules_next_dist_1e8vcs8._.js:776
[   31995ms] [LOG] [Fast Refresh] done in 819ms @ http://localhost:3000/_next/static/chunks/node_modules_next_dist_1e8vcs8._.js:776
[   32054ms] [LOG] [Fast Refresh] done in 819ms @ http://localhost:3000/_next/static/chunks/node_modules_next_dist_1e8vcs8._.js:776
[   32118ms] [LOG] [Fast Refresh] done in 819ms @ http://localhost:3000/_next/static/chunks/node_modules_next_dist_1e8vcs8._.js:776
[   32182ms] [LOG] [Fast Refresh] done in 819ms @ http://localhost:3000/_next/static/chunks/node_modules_next_dist_1e8vcs8._.js:776
[   32245ms] [LOG] [Fast Refresh] done in 819ms @ http://localhost:3000/_next/static/chunks/node_modules_next_dist_1e8vcs8._.js:776
[   32307ms] [LOG] [Fast Refresh] done in 819ms @ http://localhost:3000/_next/static/chunks/node_modules_next_dist_1e8vcs8._.js:776
[   32386ms] [LOG] [Fast Refresh] done in 819ms @ http://localhost:3000/_next/static/chunks/node_modules_next_dist_1e8vcs8._.js:776
[   32452ms] [LOG] [Fast Refresh] done in 819ms @ http://localhost:3000/_next/static/chunks/node_modules_next_dist_1e8vcs8._.js:776
[   32528ms] [LOG] [Fast Refresh] done in 819ms @ http://localhost:3000/_next/static/chunks/node_modules_next_dist_1e8vcs8._.js:776
[   32583ms] [LOG] [Fast Refresh] done in 819ms @ http://localhost:3000/_next/static/chunks/node_modules_next_dist_1e8vcs8._.js:776
[   32645ms] [LOG] [Fast Refresh] done in 819ms @ http://localhost:3000/_next/static/chunks/node_modules_next_dist_1e8vcs8._.js:776
[   32708ms] [LOG] [Fast Refresh] done in 819ms @ http://localhost:3000/_next/static/chunks/node_modules_next_dist_1e8vcs8._.js:776
[   32769ms] [LOG] [Fast Refresh] done in 819ms @ http://localhost:3000/_next/static/chunks/node_modules_next_dist_1e8vcs8._.js:776
[   32818ms] [LOG] [Fast Refresh] done in 819ms @ http://localhost:3000/_next/static/chunks/node_modules_next_dist_1e8vcs8._.js:776
[   32880ms] [LOG] [Fast Refresh] done in 819ms @ http://localhost:3000/_next/static/chunks/node_modules_next_dist_1e8vcs8._.js:776
[   32946ms] [LOG] [Fast Refresh] done in 819ms @ http://localhost:3000/_next/static/chunks/node_modules_next_dist_1e8vcs8._.js:776
[   33006ms] [LOG] [Fast Refresh] done in 819ms @ http://localhost:3000/_next/static/chunks/node_modules_next_dist_1e8vcs8._.js:776
[   33069ms] [LOG] [Fast Refresh] done in 819ms @ http://localhost:3000/_next/static/chunks/node_modules_next_dist_1e8vcs8._.js:776
[   33134ms] [LOG] [Fast Refresh] done in 819ms @ http://localhost:3000/_next/static/chunks/node_modules_next_dist_1e8vcs8._.js:776
[   33193ms] [LOG] [Fast Refresh] done in 819ms @ http://localhost:3000/_next/static/chunks/node_modules_next_dist_1e8vcs8._.js:776
[   33257ms] [LOG] [Fast Refresh] done in 819ms @ http://localhost:3000/_next/static/chunks/node_modules_next_dist_1e8vcs8._.js:776
[   33320ms] [LOG] [Fast Refresh] done in 819ms @ http://localhost:3000/_next/static/chunks/node_modules_next_dist_1e8vcs8._.js:776
[   33381ms] [LOG] [Fast Refresh] done in 819ms @ http://localhost:3000/_next/static/chunks/node_modules_next_dist_1e8vcs8._.js:776
[   33442ms] [LOG] [Fast Refresh] done in 819ms @ http://localhost:3000/_next/static/chunks/node_modules_next_dist_1e8vcs8._.js:776
[   33504ms] [LOG] [Fast Refresh] done in 819ms @ http://localhost:3000/_next/static/chunks/node_modules_next_dist_1e8vcs8._.js:776
[   33569ms] [LOG] [Fast Refresh] done in 819ms @ http://localhost:3000/_next/static/chunks/node_modules_next_dist_1e8vcs8._.js:776
[   33629ms] [LOG] [Fast Refresh] done in 819ms @ http://localhost:3000/_next/static/chunks/node_modules_next_dist_1e8vcs8._.js:776
[   33691ms] [LOG] [Fast Refresh] done in 819ms @ http://localhost:3000/_next/static/chunks/node_modules_next_dist_1e8vcs8._.js:776
[   33754ms] [LOG] [Fast Refresh] done in 819ms @ http://localhost:3000/_next/static/chunks/node_modules_next_dist_1e8vcs8._.js:776
[   33818ms] [LOG] [Fast Refresh] done in 819ms @ http://localhost:3000/_next/static/chunks/node_modules_next_dist_1e8vcs8._.js:776
[   33879ms] [LOG] [Fast Refresh] done in 819ms @ http://localhost:3000/_next/static/chunks/node_modules_next_dist_1e8vcs8._.js:776
[   33942ms] [LOG] [Fast Refresh] done in 819ms @ http://localhost:3000/_next/static/chunks/node_modules_next_dist_1e8vcs8._.js:776
[   34004ms] [LOG] [Fast Refresh] done in 819ms @ http://localhost:3000/_next/static/chunks/node_modules_next_dist_1e8vcs8._.js:776
[   34065ms] [LOG] [Fast Refresh] done in 819ms @ http://localhost:3000/_next/static/chunks/node_modules_next_dist_1e8vcs8._.js:776
[   34128ms] [LOG] [Fast Refresh] done in 819ms @ http://localhost:3000/_next/static/chunks/node_modules_next_dist_1e8vcs8._.js:776
[   34192ms] [LOG] [Fast Refresh] done in 819ms @ http://localhost:3000/_next/static/chunks/node_modules_next_dist_1e8vcs8._.js:776
[   34254ms] [LOG] [Fast Refresh] done in 819ms @ http://localhost:3000/_next/static/chunks/node_modules_next_dist_1e8vcs8._.js:776
[   34316ms] [LOG] [Fast Refresh] done in 819ms @ http://localhost:3000/_next/static/chunks/node_modules_next_dist_1e8vcs8._.js:776
[   34379ms] [LOG] [Fast Refresh] done in 819ms @ http://localhost:3000/_next/static/chunks/node_modules_next_dist_1e8vcs8._.js:776
[   34442ms] [LOG] [Fast Refresh] done in 819ms @ http://localhost:3000/_next/static/chunks/node_modules_next_dist_1e8vcs8._.js:776
[   34504ms] [LOG] [Fast Refresh] done in 819ms @ http://localhost:3000/_next/static/chunks/node_modules_next_dist_1e8vcs8._.js:776
[   34565ms] [LOG] [Fast Refresh] done in 819ms @ http://localhost:3000/_next/static/chunks/node_modules_next_dist_1e8vcs8._.js:776
[   34627ms] [LOG] [Fast Refresh] done in 819ms @ http://localhost:3000/_next/static/chunks/node_modules_next_dist_1e8vcs8._.js:776
[   34690ms] [LOG] [Fast Refresh] done in 819ms @ http://localhost:3000/_next/static/chunks/node_modules_next_dist_1e8vcs8._.js:776
[   34752ms] [LOG] [Fast Refresh] done in 819ms @ http://localhost:3000/_next/static/chunks/node_modules_next_dist_1e8vcs8._.js:776
[   34814ms] [LOG] [Fast Refresh] done in 819ms @ http://localhost:3000/_next/static/chunks/node_modules_next_dist_1e8vcs8._.js:776
[   34879ms] [LOG] [Fast Refresh] done in 819ms @ http://localhost:3000/_next/static/chunks/node_modules_next_dist_1e8vcs8._.js:776
[   34940ms] [LOG] [Fast Refresh] done in 819ms @ http://localhost:3000/_next/static/chunks/node_modules_next_dist_1e8vcs8._.js:776
[   35002ms] [LOG] [Fast Refresh] done in 819ms @ http://localhost:3000/_next/static/chunks/node_modules_next_dist_1e8vcs8._.js:776
[   35062ms] [LOG] [Fast Refresh] done in 819ms @ http://localhost:3000/_next/static/chunks/node_modules_next_dist_1e8vcs8._.js:776
[   35125ms] [LOG] [Fast Refresh] done in 819ms @ http://localhost:3000/_next/static/chunks/node_modules_next_dist_1e8vcs8._.js:776
[   35172ms] [LOG] [Fast Refresh] done in 819ms @ http://localhost:3000/_next/static/chunks/node_modules_next_dist_1e8vcs8._.js:776
[   35221ms] [LOG] [Fast Refresh] done in 819ms @ http://localhost:3000/_next/static/chunks/node_modules_next_dist_1e8vcs8._.js:776
[   35285ms] [LOG] [Fast Refresh] done in 819ms @ http://localhost:3000/_next/static/chunks/node_modules_next_dist_1e8vcs8._.js:776
[   35347ms] [LOG] [Fast Refresh] done in 819ms @ http://localhost:3000/_next/static/chunks/node_modules_next_dist_1e8vcs8._.js:776
[   35548ms] [LOG] [Fast Refresh] done in 819ms @ http://localhost:3000/_next/static/chunks/node_modules_next_dist_1e8vcs8._.js:776
[   35616ms] [LOG] [Fast Refresh] done in 819ms @ http://localhost:3000/_next/static/chunks/node_modules_next_dist_1e8vcs8._.js:776
[   35678ms] [LOG] [Fast Refresh] done in 819ms @ http://localhost:3000/_next/static/chunks/node_modules_next_dist_1e8vcs8._.js:776
[   35740ms] [LOG] [Fast Refresh] done in 819ms @ http://localhost:3000/_next/static/chunks/node_modules_next_dist_1e8vcs8._.js:776
[   35803ms] [LOG] [Fast Refresh] done in 819ms @ http://localhost:3000/_next/static/chunks/node_modules_next_dist_1e8vcs8._.js:776
[   35864ms] [LOG] [Fast Refresh] done in 819ms @ http://localhost:3000/_next/static/chunks/node_modules_next_dist_1e8vcs8._.js:776
[   35927ms] [LOG] [Fast Refresh] done in 819ms @ http://localhost:3000/_next/static/chunks/node_modules_next_dist_1e8vcs8._.js:776
[   35989ms] [LOG] [Fast Refresh] done in 819ms @ http://localhost:3000/_next/static/chunks/node_modules_next_dist_1e8vcs8._.js:776
[   36062ms] [LOG] [Fast Refresh] done in 819ms @ http://localhost:3000/_next/static/chunks/node_modules_next_dist_1e8vcs8._.js:776
[   36117ms] [LOG] [Fast Refresh] done in 819ms @ http://localhost:3000/_next/static/chunks/node_modules_next_dist_1e8vcs8._.js:776
[   36181ms] [LOG] [Fast Refresh] done in 819ms @ http://localhost:3000/_next/static/chunks/node_modules_next_dist_1e8vcs8._.js:776
[   36241ms] [LOG] [Fast Refresh] done in 819ms @ http://localhost:3000/_next/static/chunks/node_modules_next_dist_1e8vcs8._.js:776
[   36304ms] [LOG] [Fast Refresh] done in 819ms @ http://localhost:3000/_next/static/chunks/node_modules_next_dist_1e8vcs8._.js:776
[   36368ms] [LOG] [Fast Refresh] done in 819ms @ http://localhost:3000/_next/static/chunks/node_modules_next_dist_1e8vcs8._.js:776
[   36431ms] [LOG] [Fast Refresh] done in 819ms @ http://localhost:3000/_next/static/chunks/node_modules_next_dist_1e8vcs8._.js:776
[   36493ms] [LOG] [Fast Refresh] done in 819ms @ http://localhost:3000/_next/static/chunks/node_modules_next_dist_1e8vcs8._.js:776
[   36555ms] [LOG] [Fast Refresh] done in 819ms @ http://localhost:3000/_next/static/chunks/node_modules_next_dist_1e8vcs8._.js:776
[   36617ms] [LOG] [Fast Refresh] done in 819ms @ http://localhost:3000/_next/static/chunks/node_modules_next_dist_1e8vcs8._.js:776
[   36682ms] [LOG] [Fast Refresh] done in 819ms @ http://localhost:3000/_next/static/chunks/node_modules_next_dist_1e8vcs8._.js:776
[   36731ms] [LOG] [Fast Refresh] done in 819ms @ http://localhost:3000/_next/static/chunks/node_modules_next_dist_1e8vcs8._.js:776
[   36791ms] [LOG] [Fast Refresh] done in 819ms @ http://localhost:3000/_next/static/chunks/node_modules_next_dist_1e8vcs8._.js:776
[   36852ms] [LOG] [Fast Refresh] done in 819ms @ http://localhost:3000/_next/static/chunks/node_modules_next_dist_1e8vcs8._.js:776
[   36915ms] [LOG] [Fast Refresh] done in 819ms @ http://localhost:3000/_next/static/chunks/node_modules_next_dist_1e8vcs8._.js:776
[   36981ms] [LOG] [Fast Refresh] done in 819ms @ http://localhost:3000/_next/static/chunks/node_modules_next_dist_1e8vcs8._.js:776
[   37041ms] [LOG] [Fast Refresh] done in 819ms @ http://localhost:3000/_next/static/chunks/node_modules_next_dist_1e8vcs8._.js:776
[   37103ms] [LOG] [Fast Refresh] done in 819ms @ http://localhost:3000/_next/static/chunks/node_modules_next_dist_1e8vcs8._.js:776
[   37164ms] [LOG] [Fast Refresh] done in 819ms @ http://localhost:3000/_next/static/chunks/node_modules_next_dist_1e8vcs8._.js:776
[   37229ms] [LOG] [Fast Refresh] done in 819ms @ http://localhost:3000/_next/static/chunks/node_modules_next_dist_1e8vcs8._.js:776
[   37297ms] [LOG] [Fast Refresh] done in 819ms @ http://localhost:3000/_next/static/chunks/node_modules_next_dist_1e8vcs8._.js:776
[   37351ms] [LOG] [Fast Refresh] done in 819ms @ http://localhost:3000/_next/static/chunks/node_modules_next_dist_1e8vcs8._.js:776
[   37416ms] [LOG] [Fast Refresh] done in 819ms @ http://localhost:3000/_next/static/chunks/node_modules_next_dist_1e8vcs8._.js:776
[   37479ms] [LOG] [Fast Refresh] done in 819ms @ http://localhost:3000/_next/static/chunks/node_modules_next_dist_1e8vcs8._.js:776
[   37555ms] [LOG] [Fast Refresh] done in 819ms @ http://localhost:3000/_next/static/chunks/node_modules_next_dist_1e8vcs8._.js:776
[   37628ms] [LOG] [Fast Refresh] done in 819ms @ http://localhost:3000/_next/static/chunks/node_modules_next_dist_1e8vcs8._.js:776
[   37711ms] [LOG] [Fast Refresh] done in 819ms @ http://localhost:3000/_next/static/chunks/node_modules_next_dist_1e8vcs8._.js:776
[   37775ms] [LOG] [Fast Refresh] done in 819ms @ http://localhost:3000/_next/static/chunks/node_modules_next_dist_1e8vcs8._.js:776
[   38062ms] [LOG] [Fast Refresh] done in 819ms @ http://localhost:3000/_next/static/chunks/node_modules_next_dist_1e8vcs8._.js:776
[   38219ms] [LOG] [Fast Refresh] done in 819ms @ http://localhost:3000/_next/static/chunks/node_modules_next_dist_1e8vcs8._.js:776
[   38280ms] [LOG] [Fast Refresh] done in 819ms @ http://localhost:3000/_next/static/chunks/node_modules_next_dist_1e8vcs8._.js:776
[   38346ms] [LOG] [Fast Refresh] done in 819ms @ http://localhost:3000/_next/static/chunks/node_modules_next_dist_1e8vcs8._.js:776
[   38416ms] [LOG] [Fast Refresh] done in 819ms @ http://localhost:3000/_next/static/chunks/node_modules_next_dist_1e8vcs8._.js:776
[   38486ms] [LOG] [Fast Refresh] done in 819ms @ http://localhost:3000/_next/static/chunks/node_modules_next_dist_1e8vcs8._.js:776
[   38540ms] [LOG] [Fast Refresh] done in 819ms @ http://localhost:3000/_next/static/chunks/node_modules_next_dist_1e8vcs8._.js:776
[   38589ms] [LOG] [Fast Refresh] done in 819ms @ http://localhost:3000/_next/static/chunks/node_modules_next_dist_1e8vcs8._.js:776
[   38651ms] [LOG] [Fast Refresh] done in 819ms @ http://localhost:3000/_next/static/chunks/node_modules_next_dist_1e8vcs8._.js:776
[   38715ms] [LOG] [Fast Refresh] done in 819ms @ http://localhost:3000/_next/static/chunks/node_modules_next_dist_1e8vcs8._.js:776
[   38775ms] [LOG] [Fast Refresh] done in 819ms @ http://localhost:3000/_next/static/chunks/node_modules_next_dist_1e8vcs8._.js:776
[   38838ms] [LOG] [Fast Refresh] done in 819ms @ http://localhost:3000/_next/static/chunks/node_modules_next_dist_1e8vcs8._.js:776
[   38902ms] [LOG] [Fast Refresh] done in 819ms @ http://localhost:3000/_next/static/chunks/node_modules_next_dist_1e8vcs8._.js:776
[   38965ms] [LOG] [Fast Refresh] done in 819ms @ http://localhost:3000/_next/static/chunks/node_modules_next_dist_1e8vcs8._.js:776
[   39067ms] [LOG] [Fast Refresh] done in 819ms @ http://localhost:3000/_next/static/chunks/node_modules_next_dist_1e8vcs8._.js:776
[   39134ms] [LOG] [Fast Refresh] done in 819ms @ http://localhost:3000/_next/static/chunks/node_modules_next_dist_1e8vcs8._.js:776
[   39200ms] [LOG] [Fast Refresh] done in 819ms @ http://localhost:3000/_next/static/chunks/node_modules_next_dist_1e8vcs8._.js:776
[   39258ms] [LOG] [Fast Refresh] done in 819ms @ http://localhost:3000/_next/static/chunks/node_modules_next_dist_1e8vcs8._.js:776
[   39325ms] [LOG] [Fast Refresh] done in 819ms @ http://localhost:3000/_next/static/chunks/node_modules_next_dist_1e8vcs8._.js:776
[   39385ms] [LOG] [Fast Refresh] done in 819ms @ http://localhost:3000/_next/static/chunks/node_modules_next_dist_1e8vcs8._.js:776
[   39446ms] [LOG] [Fast Refresh] done in 819ms @ http://localhost:3000/_next/static/chunks/node_modules_next_dist_1e8vcs8._.js:776
[   39513ms] [LOG] [Fast Refresh] done in 819ms @ http://localhost:3000/_next/static/chunks/node_modules_next_dist_1e8vcs8._.js:776
[   39572ms] [LOG] [Fast Refresh] done in 819ms @ http://localhost:3000/_next/static/chunks/node_modules_next_dist_1e8vcs8._.js:776
[   39634ms] [LOG] [Fast Refresh] done in 819ms @ http://localhost:3000/_next/static/chunks/node_modules_next_dist_1e8vcs8._.js:776
[   39696ms] [LOG] [Fast Refresh] done in 819ms @ http://localhost:3000/_next/static/chunks/node_modules_next_dist_1e8vcs8._.js:776
[   39790ms] [LOG] [Fast Refresh] done in 819ms @ http://localhost:3000/_next/static/chunks/node_modules_next_dist_1e8vcs8._.js:776
[   39852ms] [LOG] [Fast Refresh] done in 819ms @ http://localhost:3000/_next/static/chunks/node_modules_next_dist_1e8vcs8._.js:776
[   39920ms] [LOG] [Fast Refresh] done in 819ms @ http://localhost:3000/_next/static/chunks/node_modules_next_dist_1e8vcs8._.js:776
[   39983ms] [LOG] [Fast Refresh] done in 819ms @ http://localhost:3000/_next/static/chunks/node_modules_next_dist_1e8vcs8._.js:776
[   40056ms] [LOG] [Fast Refresh] done in 819ms @ http://localhost:3000/_next/static/chunks/node_modules_next_dist_1e8vcs8._.js:776
[   40120ms] [LOG] [Fast Refresh] done in 819ms @ http://localhost:3000/_next/static/chunks/node_modules_next_dist_1e8vcs8._.js:776
[   40183ms] [LOG] [Fast Refresh] done in 819ms @ http://localhost:3000/_next/static/chunks/node_modules_next_dist_1e8vcs8._.js:776
[   40245ms] [LOG] [Fast Refresh] done in 819ms @ http://localhost:3000/_next/static/chunks/node_modules_next_dist_1e8vcs8._.js:776
[   40308ms] [LOG] [Fast Refresh] done in 819ms @ http://localhost:3000/_next/static/chunks/node_modules_next_dist_1e8vcs8._.js:776
[   40373ms] [LOG] [Fast Refresh] done in 819ms @ http://localhost:3000/_next/static/chunks/node_modules_next_dist_1e8vcs8._.js:776
[   40437ms] [LOG] [Fast Refresh] done in 819ms @ http://localhost:3000/_next/static/chunks/node_modules_next_dist_1e8vcs8._.js:776
[   40499ms] [LOG] [Fast Refresh] done in 819ms @ http://localhost:3000/_next/static/chunks/node_modules_next_dist_1e8vcs8._.js:776
[   40561ms] [LOG] [Fast Refresh] done in 819ms @ http://localhost:3000/_next/static/chunks/node_modules_next_dist_1e8vcs8._.js:776
[   40624ms] [LOG] [Fast Refresh] done in 819ms @ http://localhost:3000/_next/static/chunks/node_modules_next_dist_1e8vcs8._.js:776
[   40688ms] [LOG] [Fast Refresh] done in 819ms @ http://localhost:3000/_next/static/chunks/node_modules_next_dist_1e8vcs8._.js:776
[   40941ms] [LOG] [Fast Refresh] done in 819ms @ http://localhost:3000/_next/static/chunks/node_modules_next_dist_1e8vcs8._.js:776
[   40987ms] [LOG] [Fast Refresh] done in 819ms @ http://localhost:3000/_next/static/chunks/node_modules_next_dist_1e8vcs8._.js:776
[   41046ms] [LOG] [Fast Refresh] done in 819ms @ http://localhost:3000/_next/static/chunks/node_modules_next_dist_1e8vcs8._.js:776
[   41110ms] [LOG] [Fast Refresh] done in 819ms @ http://localhost:3000/_next/static/chunks/node_modules_next_dist_1e8vcs8._.js:776
[   41171ms] [LOG] [Fast Refresh] done in 819ms @ http://localhost:3000/_next/static/chunks/node_modules_next_dist_1e8vcs8._.js:776
[   41233ms] [LOG] [Fast Refresh] done in 819ms @ http://localhost:3000/_next/static/chunks/node_modules_next_dist_1e8vcs8._.js:776
[   41298ms] [LOG] [Fast Refresh] done in 819ms @ http://localhost:3000/_next/static/chunks/node_modules_next_dist_1e8vcs8._.js:776
[   41359ms] [LOG] [Fast Refresh] done in 819ms @ http://localhost:3000/_next/static/chunks/node_modules_next_dist_1e8vcs8._.js:776
[   41422ms] [LOG] [Fast Refresh] done in 819ms @ http://localhost:3000/_next/static/chunks/node_modules_next_dist_1e8vcs8._.js:776
[   41484ms] [LOG] [Fast Refresh] done in 819ms @ http://localhost:3000/_next/static/chunks/node_modules_next_dist_1e8vcs8._.js:776
[   41546ms] [LOG] [Fast Refresh] done in 819ms @ http://localhost:3000/_next/static/chunks/node_modules_next_dist_1e8vcs8._.js:776
[   41608ms] [LOG] [Fast Refresh] done in 819ms @ http://localhost:3000/_next/static/chunks/node_modules_next_dist_1e8vcs8._.js:776
[   41669ms] [LOG] [Fast Refresh] done in 819ms @ http://localhost:3000/_next/static/chunks/node_modules_next_dist_1e8vcs8._.js:776
[   41737ms] [LOG] [Fast Refresh] done in 819ms @ http://localhost:3000/_next/static/chunks/node_modules_next_dist_1e8vcs8._.js:776
[   41796ms] [LOG] [Fast Refresh] done in 819ms @ http://localhost:3000/_next/static/chunks/node_modules_next_dist_1e8vcs8._.js:776
[   41862ms] [LOG] [Fast Refresh] done in 819ms @ http://localhost:3000/_next/static/chunks/node_modules_next_dist_1e8vcs8._.js:776
[   41922ms] [LOG] [Fast Refresh] done in 819ms @ http://localhost:3000/_next/static/chunks/node_modules_next_dist_1e8vcs8._.js:776
[   41986ms] [LOG] [Fast Refresh] done in 819ms @ http://localhost:3000/_next/static/chunks/node_modules_next_dist_1e8vcs8._.js:776
[   42049ms] [LOG] [Fast Refresh] done in 819ms @ http://localhost:3000/_next/static/chunks/node_modules_next_dist_1e8vcs8._.js:776
[   42109ms] [LOG] [Fast Refresh] done in 819ms @ http://localhost:3000/_next/static/chunks/node_modules_next_dist_1e8vcs8._.js:776
[   42174ms] [LOG] [Fast Refresh] done in 819ms @ http://localhost:3000/_next/static/chunks/node_modules_next_dist_1e8vcs8._.js:776
[   42235ms] [LOG] [Fast Refresh] done in 819ms @ http://localhost:3000/_next/static/chunks/node_modules_next_dist_1e8vcs8._.js:776
[   42300ms] [LOG] [Fast Refresh] done in 819ms @ http://localhost:3000/_next/static/chunks/node_modules_next_dist_1e8vcs8._.js:776
[   42361ms] [LOG] [Fast Refresh] done in 819ms @ http://localhost:3000/_next/static/chunks/node_modules_next_dist_1e8vcs8._.js:776
[   42424ms] [LOG] [Fast Refresh] done in 819ms @ http://localhost:3000/_next/static/chunks/node_modules_next_dist_1e8vcs8._.js:776
[   42483ms] [LOG] [Fast Refresh] done in 819ms @ http://localhost:3000/_next/static/chunks/node_modules_next_dist_1e8vcs8._.js:776
[   42547ms] [LOG] [Fast Refresh] done in 819ms @ http://localhost:3000/_next/static/chunks/node_modules_next_dist_1e8vcs8._.js:776
[   42611ms] [LOG] [Fast Refresh] done in 819ms @ http://localhost:3000/_next/static/chunks/node_modules_next_dist_1e8vcs8._.js:776
[   42672ms] [LOG] [Fast Refresh] done in 819ms @ http://localhost:3000/_next/static/chunks/node_modules_next_dist_1e8vcs8._.js:776
[   42734ms] [LOG] [Fast Refresh] done in 819ms @ http://localhost:3000/_next/static/chunks/node_modules_next_dist_1e8vcs8._.js:776
[   42796ms] [LOG] [Fast Refresh] done in 819ms @ http://localhost:3000/_next/static/chunks/node_modules_next_dist_1e8vcs8._.js:776
[   42859ms] [LOG] [Fast Refresh] done in 819ms @ http://localhost:3000/_next/static/chunks/node_modules_next_dist_1e8vcs8._.js:776
[   42922ms] [LOG] [Fast Refresh] done in 819ms @ http://localhost:3000/_next/static/chunks/node_modules_next_dist_1e8vcs8._.js:776
[   42984ms] [LOG] [Fast Refresh] done in 819ms @ http://localhost:3000/_next/static/chunks/node_modules_next_dist_1e8vcs8._.js:776
[   43047ms] [LOG] [Fast Refresh] done in 819ms @ http://localhost:3000/_next/static/chunks/node_modules_next_dist_1e8vcs8._.js:776
[   43109ms] [LOG] [Fast Refresh] done in 819ms @ http://localhost:3000/_next/static/chunks/node_modules_next_dist_1e8vcs8._.js:776
[   43178ms] [LOG] [Fast Refresh] done in 819ms @ http://localhost:3000/_next/static/chunks/node_modules_next_dist_1e8vcs8._.js:776
[   43522ms] [LOG] [Fast Refresh] done in 819ms @ http://localhost:3000/_next/static/chunks/node_modules_next_dist_1e8vcs8._.js:776
[   43626ms] [LOG] [Fast Refresh] done in 819ms @ http://localhost:3000/_next/static/chunks/node_modules_next_dist_1e8vcs8._.js:776
[   43693ms] [LOG] [Fast Refresh] done in 819ms @ http://localhost:3000/_next/static/chunks/node_modules_next_dist_1e8vcs8._.js:776
[   43766ms] [LOG] [Fast Refresh] done in 819ms @ http://localhost:3000/_next/static/chunks/node_modules_next_dist_1e8vcs8._.js:776
[   43829ms] [LOG] [Fast Refresh] done in 819ms @ http://localhost:3000/_next/static/chunks/node_modules_next_dist_1e8vcs8._.js:776
[   43896ms] [LOG] [Fast Refresh] done in 819ms @ http://localhost:3000/_next/static/chunks/node_modules_next_dist_1e8vcs8._.js:776
[   43956ms] [LOG] [Fast Refresh] done in 819ms @ http://localhost:3000/_next/static/chunks/node_modules_next_dist_1e8vcs8._.js:776
[   44199ms] [LOG] [Fast Refresh] done in 819ms @ http://localhost:3000/_next/static/chunks/node_modules_next_dist_1e8vcs8._.js:776
[   44267ms] [LOG] [Fast Refresh] done in 819ms @ http://localhost:3000/_next/static/chunks/node_modules_next_dist_1e8vcs8._.js:776
[   44330ms] [LOG] [Fast Refresh] done in 819ms @ http://localhost:3000/_next/static/chunks/node_modules_next_dist_1e8vcs8._.js:776
[   44393ms] [LOG] [Fast Refresh] done in 819ms @ http://localhost:3000/_next/static/chunks/node_modules_next_dist_1e8vcs8._.js:776
[   44450ms] [LOG] [Fast Refresh] done in 819ms @ http://localhost:3000/_next/static/chunks/node_modules_next_dist_1e8vcs8._.js:776
[   44504ms] [LOG] [Fast Refresh] done in 819ms @ http://localhost:3000/_next/static/chunks/node_modules_next_dist_1e8vcs8._.js:776
[   44565ms] [LOG] [Fast Refresh] done in 819ms @ http://localhost:3000/_next/static/chunks/node_modules_next_dist_1e8vcs8._.js:776
[   44629ms] [LOG] [Fast Refresh] done in 819ms @ http://localhost:3000/_next/static/chunks/node_modules_next_dist_1e8vcs8._.js:776
[   44691ms] [LOG] [Fast Refresh] done in 819ms @ http://localhost:3000/_next/static/chunks/node_modules_next_dist_1e8vcs8._.js:776
[   44754ms] [LOG] [Fast Refresh] done in 819ms @ http://localhost:3000/_next/static/chunks/node_modules_next_dist_1e8vcs8._.js:776
[   44819ms] [LOG] [Fast Refresh] done in 819ms @ http://localhost:3000/_next/static/chunks/node_modules_next_dist_1e8vcs8._.js:776
[   44882ms] [LOG] [Fast Refresh] done in 819ms @ http://localhost:3000/_next/static/chunks/node_modules_next_dist_1e8vcs8._.js:776
[   44942ms] [LOG] [Fast Refresh] done in 819ms @ http://localhost:3000/_next/static/chunks/node_modules_next_dist_1e8vcs8._.js:776
[   45032ms] [LOG] [Fast Refresh] done in 819ms @ http://localhost:3000/_next/static/chunks/node_modules_next_dist_1e8vcs8._.js:776
[   45120ms] [LOG] [Fast Refresh] done in 819ms @ http://localhost:3000/_next/static/chunks/node_modules_next_dist_1e8vcs8._.js:776
[   45178ms] [LOG] [Fast Refresh] done in 819ms @ http://localhost:3000/_next/static/chunks/node_modules_next_dist_1e8vcs8._.js:776
[   45240ms] [LOG] [Fast Refresh] done in 819ms @ http://localhost:3000/_next/static/chunks/node_modules_next_dist_1e8vcs8._.js:776
[   45301ms] [LOG] [Fast Refresh] done in 819ms @ http://localhost:3000/_next/static/chunks/node_modules_next_dist_1e8vcs8._.js:776
[   45366ms] [LOG] [Fast Refresh] done in 819ms @ http://localhost:3000/_next/static/chunks/node_modules_next_dist_1e8vcs8._.js:776
[   45429ms] [LOG] [Fast Refresh] done in 819ms @ http://localhost:3000/_next/static/chunks/node_modules_next_dist_1e8vcs8._.js:776
[   45498ms] [LOG] [Fast Refresh] done in 819ms @ http://localhost:3000/_next/static/chunks/node_modules_next_dist_1e8vcs8._.js:776
[   45556ms] [LOG] [Fast Refresh] done in 819ms @ http://localhost:3000/_next/static/chunks/node_modules_next_dist_1e8vcs8._.js:776
[   45630ms] [LOG] [Fast Refresh] done in 819ms @ http://localhost:3000/_next/static/chunks/node_modules_next_dist_1e8vcs8._.js:776
[   45697ms] [LOG] [Fast Refresh] done in 819ms @ http://localhost:3000/_next/static/chunks/node_modules_next_dist_1e8vcs8._.js:776
[   45761ms] [LOG] [Fast Refresh] done in 819ms @ http://localhost:3000/_next/static/chunks/node_modules_next_dist_1e8vcs8._.js:776
[   45827ms] [LOG] [Fast Refresh] done in 819ms @ http://localhost:3000/_next/static/chunks/node_modules_next_dist_1e8vcs8._.js:776
[   45885ms] [LOG] [Fast Refresh] done in 819ms @ http://localhost:3000/_next/static/chunks/node_modules_next_dist_1e8vcs8._.js:776
[   45973ms] [LOG] [Fast Refresh] done in 819ms @ http://localhost:3000/_next/static/chunks/node_modules_next_dist_1e8vcs8._.js:776
[   46043ms] [LOG] [Fast Refresh] done in 819ms @ http://localhost:3000/_next/static/chunks/node_modules_next_dist_1e8vcs8._.js:776
[   46104ms] [LOG] [Fast Refresh] done in 819ms @ http://localhost:3000/_next/static/chunks/node_modules_next_dist_1e8vcs8._.js:776
[   46173ms] [LOG] [Fast Refresh] done in 819ms @ http://localhost:3000/_next/static/chunks/node_modules_next_dist_1e8vcs8._.js:776
[   46232ms] [LOG] [Fast Refresh] done in 819ms @ http://localhost:3000/_next/static/chunks/node_modules_next_dist_1e8vcs8._.js:776
[   46294ms] [LOG] [Fast Refresh] done in 819ms @ http://localhost:3000/_next/static/chunks/node_modules_next_dist_1e8vcs8._.js:776
[   46356ms] [LOG] [Fast Refresh] done in 819ms @ http://localhost:3000/_next/static/chunks/node_modules_next_dist_1e8vcs8._.js:776
[   46419ms] [LOG] [Fast Refresh] done in 819ms @ http://localhost:3000/_next/static/chunks/node_modules_next_dist_1e8vcs8._.js:776
[   46482ms] [LOG] [Fast Refresh] done in 819ms @ http://localhost:3000/_next/static/chunks/node_modules_next_dist_1e8vcs8._.js:776
[   46546ms] [LOG] [Fast Refresh] done in 819ms @ http://localhost:3000/_next/static/chunks/node_modules_next_dist_1e8vcs8._.js:776
[   46608ms] [LOG] [Fast Refresh] done in 819ms @ http://localhost:3000/_next/static/chunks/node_modules_next_dist_1e8vcs8._.js:776
[   46669ms] [LOG] [Fast Refresh] done in 819ms @ http://localhost:3000/_next/static/chunks/node_modules_next_dist_1e8vcs8._.js:776
[   46733ms] [LOG] [Fast Refresh] done in 819ms @ http://localhost:3000/_next/static/chunks/node_modules_next_dist_1e8vcs8._.js:776
[   46811ms] [LOG] [Fast Refresh] done in 819ms @ http://localhost:3000/_next/static/chunks/node_modules_next_dist_1e8vcs8._.js:776
[   46899ms] [LOG] [Fast Refresh] done in 819ms @ http://localhost:3000/_next/static/chunks/node_modules_next_dist_1e8vcs8._.js:776
[   46973ms] [LOG] [Fast Refresh] done in 819ms @ http://localhost:3000/_next/static/chunks/node_modules_next_dist_1e8vcs8._.js:776
[   47035ms] [LOG] [Fast Refresh] done in 819ms @ http://localhost:3000/_next/static/chunks/node_modules_next_dist_1e8vcs8._.js:776
[   47097ms] [LOG] [Fast Refresh] done in 819ms @ http://localhost:3000/_next/static/chunks/node_modules_next_dist_1e8vcs8._.js:776
[   47160ms] [LOG] [Fast Refresh] done in 819ms @ http://localhost:3000/_next/static/chunks/node_modules_next_dist_1e8vcs8._.js:776
[   47222ms] [LOG] [Fast Refresh] done in 819ms @ http://localhost:3000/_next/static/chunks/node_modules_next_dist_1e8vcs8._.js:776
[   47305ms] [LOG] [Fast Refresh] done in 819ms @ http://localhost:3000/_next/static/chunks/node_modules_next_dist_1e8vcs8._.js:776
[   47371ms] [LOG] [Fast Refresh] done in 819ms @ http://localhost:3000/_next/static/chunks/node_modules_next_dist_1e8vcs8._.js:776
[   47596ms] [LOG] [Fast Refresh] done in 819ms @ http://localhost:3000/_next/static/chunks/node_modules_next_dist_1e8vcs8._.js:776
[   47667ms] [LOG] [Fast Refresh] done in 819ms @ http://localhost:3000/_next/static/chunks/node_modules_next_dist_1e8vcs8._.js:776
[   47729ms] [LOG] [Fast Refresh] done in 819ms @ http://localhost:3000/_next/static/chunks/node_modules_next_dist_1e8vcs8._.js:776
[   47794ms] [LOG] [Fast Refresh] done in 819ms @ http://localhost:3000/_next/static/chunks/node_modules_next_dist_1e8vcs8._.js:776
[   47865ms] [LOG] [Fast Refresh] done in 819ms @ http://localhost:3000/_next/static/chunks/node_modules_next_dist_1e8vcs8._.js:776
[   47933ms] [LOG] [Fast Refresh] done in 819ms @ http://localhost:3000/_next/static/chunks/node_modules_next_dist_1e8vcs8._.js:776
[   47997ms] [LOG] [Fast Refresh] done in 819ms @ http://localhost:3000/_next/static/chunks/node_modules_next_dist_1e8vcs8._.js:776
[   48063ms] [LOG] [Fast Refresh] done in 819ms @ http://localhost:3000/_next/static/chunks/node_modules_next_dist_1e8vcs8._.js:776
[   48127ms] [LOG] [Fast Refresh] done in 819ms @ http://localhost:3000/_next/static/chunks/node_modules_next_dist_1e8vcs8._.js:776
[   48184ms] [LOG] [Fast Refresh] done in 819ms @ http://localhost:3000/_next/static/chunks/node_modules_next_dist_1e8vcs8._.js:776
[   48247ms] [LOG] [Fast Refresh] done in 819ms @ http://localhost:3000/_next/static/chunks/node_modules_next_dist_1e8vcs8._.js:776
[   48311ms] [LOG] [Fast Refresh] done in 819ms @ http://localhost:3000/_next/static/chunks/node_modules_next_dist_1e8vcs8._.js:776
[   48386ms] [LOG] [Fast Refresh] done in 819ms @ http://localhost:3000/_next/static/chunks/node_modules_next_dist_1e8vcs8._.js:776
[   48448ms] [LOG] [Fast Refresh] done in 819ms @ http://localhost:3000/_next/static/chunks/node_modules_next_dist_1e8vcs8._.js:776
[   48511ms] [LOG] [Fast Refresh] done in 819ms @ http://localhost:3000/_next/static/chunks/node_modules_next_dist_1e8vcs8._.js:776
[   48558ms] [LOG] [Fast Refresh] done in 819ms @ http://localhost:3000/_next/static/chunks/node_modules_next_dist_1e8vcs8._.js:776
[   48620ms] [LOG] [Fast Refresh] done in 819ms @ http://localhost:3000/_next/static/chunks/node_modules_next_dist_1e8vcs8._.js:776
[   48684ms] [LOG] [Fast Refresh] done in 819ms @ http://localhost:3000/_next/static/chunks/node_modules_next_dist_1e8vcs8._.js:776
[   48746ms] [LOG] [Fast Refresh] done in 819ms @ http://localhost:3000/_next/static/chunks/node_modules_next_dist_1e8vcs8._.js:776
[   48809ms] [LOG] [Fast Refresh] done in 819ms @ http://localhost:3000/_next/static/chunks/node_modules_next_dist_1e8vcs8._.js:776
[   48873ms] [LOG] [Fast Refresh] done in 819ms @ http://localhost:3000/_next/static/chunks/node_modules_next_dist_1e8vcs8._.js:776
[   48935ms] [LOG] [Fast Refresh] done in 819ms @ http://localhost:3000/_next/static/chunks/node_modules_next_dist_1e8vcs8._.js:776
[   48988ms] [LOG] [Fast Refresh] done in 819ms @ http://localhost:3000/_next/static/chunks/node_modules_next_dist_1e8vcs8._.js:776
[   49061ms] [LOG] [Fast Refresh] done in 819ms @ http://localhost:3000/_next/static/chunks/node_modules_next_dist_1e8vcs8._.js:776
[   49123ms] [LOG] [Fast Refresh] done in 819ms @ http://localhost:3000/_next/static/chunks/node_modules_next_dist_1e8vcs8._.js:776
[   49185ms] [LOG] [Fast Refresh] done in 819ms @ http://localhost:3000/_next/static/chunks/node_modules_next_dist_1e8vcs8._.js:776
[   49247ms] [LOG] [Fast Refresh] done in 819ms @ http://localhost:3000/_next/static/chunks/node_modules_next_dist_1e8vcs8._.js:776
[   49310ms] [LOG] [Fast Refresh] done in 819ms @ http://localhost:3000/_next/static/chunks/node_modules_next_dist_1e8vcs8._.js:776
[   49372ms] [LOG] [Fast Refresh] done in 819ms @ http://localhost:3000/_next/static/chunks/node_modules_next_dist_1e8vcs8._.js:776
[   49434ms] [LOG] [Fast Refresh] done in 819ms @ http://localhost:3000/_next/static/chunks/node_modules_next_dist_1e8vcs8._.js:776
[   49495ms] [LOG] [Fast Refresh] done in 819ms @ http://localhost:3000/_next/static/chunks/node_modules_next_dist_1e8vcs8._.js:776
[   49558ms] [LOG] [Fast Refresh] done in 819ms @ http://localhost:3000/_next/static/chunks/node_modules_next_dist_1e8vcs8._.js:776
[   49620ms] [LOG] [Fast Refresh] done in 819ms @ http://localhost:3000/_next/static/chunks/node_modules_next_dist_1e8vcs8._.js:776
[   49682ms] [LOG] [Fast Refresh] done in 819ms @ http://localhost:3000/_next/static/chunks/node_modules_next_dist_1e8vcs8._.js:776
[   49748ms] [LOG] [Fast Refresh] done in 819ms @ http://localhost:3000/_next/static/chunks/node_modules_next_dist_1e8vcs8._.js:776
[   49808ms] [LOG] [Fast Refresh] done in 819ms @ http://localhost:3000/_next/static/chunks/node_modules_next_dist_1e8vcs8._.js:776
[   49853ms] [LOG] [Fast Refresh] done in 819ms @ http://localhost:3000/_next/static/chunks/node_modules_next_dist_1e8vcs8._.js:776
[   49932ms] [LOG] [Fast Refresh] done in 819ms @ http://localhost:3000/_next/static/chunks/node_modules_next_dist_1e8vcs8._.js:776
[   49979ms] [LOG] [Fast Refresh] done in 819ms @ http://localhost:3000/_next/static/chunks/node_modules_next_dist_1e8vcs8._.js:776
[   50051ms] [LOG] [Fast Refresh] done in 819ms @ http://localhost:3000/_next/static/chunks/node_modules_next_dist_1e8vcs8._.js:776
[   50150ms] [LOG] [Fast Refresh] done in 819ms @ http://localhost:3000/_next/static/chunks/node_modules_next_dist_1e8vcs8._.js:776
[   50200ms] [LOG] [Fast Refresh] done in 819ms @ http://localhost:3000/_next/static/chunks/node_modules_next_dist_1e8vcs8._.js:776
[   50262ms] [LOG] [Fast Refresh] done in 819ms @ http://localhost:3000/_next/static/chunks/node_modules_next_dist_1e8vcs8._.js:776
[   50359ms] [LOG] [Fast Refresh] done in 819ms @ http://localhost:3000/_next/static/chunks/node_modules_next_dist_1e8vcs8._.js:776
[   50453ms] [LOG] [Fast Refresh] done in 819ms @ http://localhost:3000/_next/static/chunks/node_modules_next_dist_1e8vcs8._.js:776
[   50567ms] [LOG] [Fast Refresh] done in 819ms @ http://localhost:3000/_next/static/chunks/node_modules_next_dist_1e8vcs8._.js:776
[   50646ms] [LOG] [Fast Refresh] done in 819ms @ http://localhost:3000/_next/static/chunks/node_modules_next_dist_1e8vcs8._.js:776
[   50690ms] [LOG] [Fast Refresh] done in 819ms @ http://localhost:3000/_next/static/chunks/node_modules_next_dist_1e8vcs8._.js:776
[   50756ms] [LOG] [Fast Refresh] done in 819ms @ http://localhost:3000/_next/static/chunks/node_modules_next_dist_1e8vcs8._.js:776
[   50831ms] [LOG] [Fast Refresh] done in 819ms @ http://localhost:3000/_next/static/chunks/node_modules_next_dist_1e8vcs8._.js:776
[   50903ms] [LOG] [Fast Refresh] done in 819ms @ http://localhost:3000/_next/static/chunks/node_modules_next_dist_1e8vcs8._.js:776
[   50971ms] [LOG] [Fast Refresh] done in 819ms @ http://localhost:3000/_next/static/chunks/node_modules_next_dist_1e8vcs8._.js:776
[   51033ms] [LOG] [Fast Refresh] done in 819ms @ http://localhost:3000/_next/static/chunks/node_modules_next_dist_1e8vcs8._.js:776
[   51079ms] [LOG] [Fast Refresh] done in 819ms @ http://localhost:3000/_next/static/chunks/node_modules_next_dist_1e8vcs8._.js:776
[   51156ms] [LOG] [Fast Refresh] done in 819ms @ http://localhost:3000/_next/static/chunks/node_modules_next_dist_1e8vcs8._.js:776
[   51219ms] [LOG] [Fast Refresh] done in 819ms @ http://localhost:3000/_next/static/chunks/node_modules_next_dist_1e8vcs8._.js:776
[   51296ms] [LOG] [Fast Refresh] done in 819ms @ http://localhost:3000/_next/static/chunks/node_modules_next_dist_1e8vcs8._.js:776
[   51376ms] [LOG] [Fast Refresh] done in 819ms @ http://localhost:3000/_next/static/chunks/node_modules_next_dist_1e8vcs8._.js:776
[   51438ms] [LOG] [Fast Refresh] done in 819ms @ http://localhost:3000/_next/static/chunks/node_modules_next_dist_1e8vcs8._.js:776
[   51498ms] [LOG] [Fast Refresh] done in 819ms @ http://localhost:3000/_next/static/chunks/node_modules_next_dist_1e8vcs8._.js:776
[   51562ms] [LOG] [Fast Refresh] done in 819ms @ http://localhost:3000/_next/static/chunks/node_modules_next_dist_1e8vcs8._.js:776
[   51609ms] [LOG] [Fast Refresh] done in 819ms @ http://localhost:3000/_next/static/chunks/node_modules_next_dist_1e8vcs8._.js:776
[   51688ms] [LOG] [Fast Refresh] done in 819ms @ http://localhost:3000/_next/static/chunks/node_modules_next_dist_1e8vcs8._.js:776
[   51752ms] [LOG] [Fast Refresh] done in 819ms @ http://localhost:3000/_next/static/chunks/node_modules_next_dist_1e8vcs8._.js:776
[   51809ms] [LOG] [Fast Refresh] done in 819ms @ http://localhost:3000/_next/static/chunks/node_modules_next_dist_1e8vcs8._.js:776
[   51873ms] [LOG] [Fast Refresh] done in 819ms @ http://localhost:3000/_next/static/chunks/node_modules_next_dist_1e8vcs8._.js:776
[   51937ms] [LOG] [Fast Refresh] done in 819ms @ http://localhost:3000/_next/static/chunks/node_modules_next_dist_1e8vcs8._.js:776
[   51999ms] [LOG] [Fast Refresh] done in 819ms @ http://localhost:3000/_next/static/chunks/node_modules_next_dist_1e8vcs8._.js:776
[   52062ms] [LOG] [Fast Refresh] done in 819ms @ http://localhost:3000/_next/static/chunks/node_modules_next_dist_1e8vcs8._.js:776
[   52123ms] [LOG] [Fast Refresh] done in 819ms @ http://localhost:3000/_next/static/chunks/node_modules_next_dist_1e8vcs8._.js:776
[   52186ms] [LOG] [Fast Refresh] done in 819ms @ http://localhost:3000/_next/static/chunks/node_modules_next_dist_1e8vcs8._.js:776
[   52249ms] [LOG] [Fast Refresh] done in 819ms @ http://localhost:3000/_next/static/chunks/node_modules_next_dist_1e8vcs8._.js:776
[   52312ms] [LOG] [Fast Refresh] done in 819ms @ http://localhost:3000/_next/static/chunks/node_modules_next_dist_1e8vcs8._.js:776
[   52376ms] [LOG] [Fast Refresh] done in 819ms @ http://localhost:3000/_next/static/chunks/node_modules_next_dist_1e8vcs8._.js:776
[   52439ms] [LOG] [Fast Refresh] done in 819ms @ http://localhost:3000/_next/static/chunks/node_modules_next_dist_1e8vcs8._.js:776
[   52501ms] [LOG] [Fast Refresh] done in 819ms @ http://localhost:3000/_next/static/chunks/node_modules_next_dist_1e8vcs8._.js:776
[   52564ms] [LOG] [Fast Refresh] done in 819ms @ http://localhost:3000/_next/static/chunks/node_modules_next_dist_1e8vcs8._.js:776
[   52627ms] [LOG] [Fast Refresh] done in 819ms @ http://localhost:3000/_next/static/chunks/node_modules_next_dist_1e8vcs8._.js:776
[   52725ms] [LOG] [Fast Refresh] done in 819ms @ http://localhost:3000/_next/static/chunks/node_modules_next_dist_1e8vcs8._.js:776
[   52786ms] [LOG] [Fast Refresh] done in 819ms @ http://localhost:3000/_next/static/chunks/node_modules_next_dist_1e8vcs8._.js:776
[   52848ms] [LOG] [Fast Refresh] done in 819ms @ http://localhost:3000/_next/static/chunks/node_modules_next_dist_1e8vcs8._.js:776
[   52911ms] [LOG] [Fast Refresh] done in 819ms @ http://localhost:3000/_next/static/chunks/node_modules_next_dist_1e8vcs8._.js:776
[   52977ms] [LOG] [Fast Refresh] done in 819ms @ http://localhost:3000/_next/static/chunks/node_modules_next_dist_1e8vcs8._.js:776
[   53046ms] [LOG] [Fast Refresh] done in 819ms @ http://localhost:3000/_next/static/chunks/node_modules_next_dist_1e8vcs8._.js:776
[   53099ms] [LOG] [Fast Refresh] done in 819ms @ http://localhost:3000/_next/static/chunks/node_modules_next_dist_1e8vcs8._.js:776
[   53161ms] [LOG] [Fast Refresh] done in 819ms @ http://localhost:3000/_next/static/chunks/node_modules_next_dist_1e8vcs8._.js:776
[   53213ms] [LOG] [Fast Refresh] done in 819ms @ http://localhost:3000/_next/static/chunks/node_modules_next_dist_1e8vcs8._.js:776
[   53290ms] [LOG] [Fast Refresh] done in 819ms @ http://localhost:3000/_next/static/chunks/node_modules_next_dist_1e8vcs8._.js:776
[   53354ms] [LOG] [Fast Refresh] done in 819ms @ http://localhost:3000/_next/static/chunks/node_modules_next_dist_1e8vcs8._.js:776
[   53415ms] [LOG] [Fast Refresh] done in 819ms @ http://localhost:3000/_next/static/chunks/node_modules_next_dist_1e8vcs8._.js:776
[   53479ms] [LOG] [Fast Refresh] done in 819ms @ http://localhost:3000/_next/static/chunks/node_modules_next_dist_1e8vcs8._.js:776
[   53541ms] [LOG] [Fast Refresh] done in 819ms @ http://localhost:3000/_next/static/chunks/node_modules_next_dist_1e8vcs8._.js:776
[   53601ms] [LOG] [Fast Refresh] done in 819ms @ http://localhost:3000/_next/static/chunks/node_modules_next_dist_1e8vcs8._.js:776
[   53664ms] [LOG] [Fast Refresh] done in 819ms @ http://localhost:3000/_next/static/chunks/node_modules_next_dist_1e8vcs8._.js:776
[   53725ms] [LOG] [Fast Refresh] done in 819ms @ http://localhost:3000/_next/static/chunks/node_modules_next_dist_1e8vcs8._.js:776
[   53773ms] [LOG] [Fast Refresh] done in 819ms @ http://localhost:3000/_next/static/chunks/node_modules_next_dist_1e8vcs8._.js:776
[   53836ms] [LOG] [Fast Refresh] done in 819ms @ http://localhost:3000/_next/static/chunks/node_modules_next_dist_1e8vcs8._.js:776
[   53886ms] [LOG] [Fast Refresh] done in 819ms @ http://localhost:3000/_next/static/chunks/node_modules_next_dist_1e8vcs8._.js:776
[   53948ms] [LOG] [Fast Refresh] done in 819ms @ http://localhost:3000/_next/static/chunks/node_modules_next_dist_1e8vcs8._.js:776
[   54010ms] [LOG] [Fast Refresh] done in 819ms @ http://localhost:3000/_next/static/chunks/node_modules_next_dist_1e8vcs8._.js:776
[   54074ms] [LOG] [Fast Refresh] done in 819ms @ http://localhost:3000/_next/static/chunks/node_modules_next_dist_1e8vcs8._.js:776
[   54136ms] [LOG] [Fast Refresh] done in 819ms @ http://localhost:3000/_next/static/chunks/node_modules_next_dist_1e8vcs8._.js:776
[   54196ms] [LOG] [Fast Refresh] done in 819ms @ http://localhost:3000/_next/static/chunks/node_modules_next_dist_1e8vcs8._.js:776
[   54261ms] [LOG] [Fast Refresh] done in 819ms @ http://localhost:3000/_next/static/chunks/node_modules_next_dist_1e8vcs8._.js:776
[   54319ms] [LOG] [Fast Refresh] done in 819ms @ http://localhost:3000/_next/static/chunks/node_modules_next_dist_1e8vcs8._.js:776
[   54381ms] [LOG] [Fast Refresh] done in 819ms @ http://localhost:3000/_next/static/chunks/node_modules_next_dist_1e8vcs8._.js:776
[   54444ms] [LOG] [Fast Refresh] done in 819ms @ http://localhost:3000/_next/static/chunks/node_modules_next_dist_1e8vcs8._.js:776
[   54505ms] [LOG] [Fast Refresh] done in 819ms @ http://localhost:3000/_next/static/chunks/node_modules_next_dist_1e8vcs8._.js:776
[   54570ms] [LOG] [Fast Refresh] done in 819ms @ http://localhost:3000/_next/static/chunks/node_modules_next_dist_1e8vcs8._.js:776
[   54631ms] [LOG] [Fast Refresh] done in 819ms @ http://localhost:3000/_next/static/chunks/node_modules_next_dist_1e8vcs8._.js:776
[   54694ms] [LOG] [Fast Refresh] done in 819ms @ http://localhost:3000/_next/static/chunks/node_modules_next_dist_1e8vcs8._.js:776
[   54756ms] [LOG] [Fast Refresh] done in 819ms @ http://localhost:3000/_next/static/chunks/node_modules_next_dist_1e8vcs8._.js:776
[   54818ms] [LOG] [Fast Refresh] done in 819ms @ http://localhost:3000/_next/static/chunks/node_modules_next_dist_1e8vcs8._.js:776
[   54880ms] [LOG] [Fast Refresh] done in 819ms @ http://localhost:3000/_next/static/chunks/node_modules_next_dist_1e8vcs8._.js:776
[   54941ms] [LOG] [Fast Refresh] done in 819ms @ http://localhost:3000/_next/static/chunks/node_modules_next_dist_1e8vcs8._.js:776
[   55002ms] [LOG] [Fast Refresh] done in 819ms @ http://localhost:3000/_next/static/chunks/node_modules_next_dist_1e8vcs8._.js:776
[   55064ms] [LOG] [Fast Refresh] done in 819ms @ http://localhost:3000/_next/static/chunks/node_modules_next_dist_1e8vcs8._.js:776
[   55131ms] [LOG] [Fast Refresh] done in 819ms @ http://localhost:3000/_next/static/chunks/node_modules_next_dist_1e8vcs8._.js:776
[   55189ms] [LOG] [Fast Refresh] done in 819ms @ http://localhost:3000/_next/static/chunks/node_modules_next_dist_1e8vcs8._.js:776
[   55248ms] [LOG] [Fast Refresh] done in 819ms @ http://localhost:3000/_next/static/chunks/node_modules_next_dist_1e8vcs8._.js:776
[   55311ms] [LOG] [Fast Refresh] done in 819ms @ http://localhost:3000/_next/static/chunks/node_modules_next_dist_1e8vcs8._.js:776
[   55373ms] [LOG] [Fast Refresh] done in 819ms @ http://localhost:3000/_next/static/chunks/node_modules_next_dist_1e8vcs8._.js:776
[   55436ms] [LOG] [Fast Refresh] done in 819ms @ http://localhost:3000/_next/static/chunks/node_modules_next_dist_1e8vcs8._.js:776
[   55510ms] [LOG] [Fast Refresh] done in 819ms @ http://localhost:3000/_next/static/chunks/node_modules_next_dist_1e8vcs8._.js:776
[   55575ms] [LOG] [Fast Refresh] done in 819ms @ http://localhost:3000/_next/static/chunks/node_modules_next_dist_1e8vcs8._.js:776
[   55637ms] [LOG] [Fast Refresh] done in 819ms @ http://localhost:3000/_next/static/chunks/node_modules_next_dist_1e8vcs8._.js:776
[   55701ms] [LOG] [Fast Refresh] done in 819ms @ http://localhost:3000/_next/static/chunks/node_modules_next_dist_1e8vcs8._.js:776
[   55764ms] [LOG] [Fast Refresh] done in 819ms @ http://localhost:3000/_next/static/chunks/node_modules_next_dist_1e8vcs8._.js:776
[   55827ms] [LOG] [Fast Refresh] done in 819ms @ http://localhost:3000/_next/static/chunks/node_modules_next_dist_1e8vcs8._.js:776
[   55892ms] [LOG] [Fast Refresh] done in 819ms @ http://localhost:3000/_next/static/chunks/node_modules_next_dist_1e8vcs8._.js:776
[   55954ms] [LOG] [Fast Refresh] done in 819ms @ http://localhost:3000/_next/static/chunks/node_modules_next_dist_1e8vcs8._.js:776
[   56016ms] [LOG] [Fast Refresh] done in 819ms @ http://localhost:3000/_next/static/chunks/node_modules_next_dist_1e8vcs8._.js:776
[   56079ms] [LOG] [Fast Refresh] done in 819ms @ http://localhost:3000/_next/static/chunks/node_modules_next_dist_1e8vcs8._.js:776
[   56154ms] [LOG] [Fast Refresh] done in 819ms @ http://localhost:3000/_next/static/chunks/node_modules_next_dist_1e8vcs8._.js:776
[   56218ms] [LOG] [Fast Refresh] done in 819ms @ http://localhost:3000/_next/static/chunks/node_modules_next_dist_1e8vcs8._.js:776
[   56281ms] [LOG] [Fast Refresh] done in 819ms @ http://localhost:3000/_next/static/chunks/node_modules_next_dist_1e8vcs8._.js:776
[   56360ms] [LOG] [Fast Refresh] done in 819ms @ http://localhost:3000/_next/static/chunks/node_modules_next_dist_1e8vcs8._.js:776
[   56416ms] [LOG] [Fast Refresh] done in 819ms @ http://localhost:3000/_next/static/chunks/node_modules_next_dist_1e8vcs8._.js:776
[   56468ms] [LOG] [Fast Refresh] done in 819ms @ http://localhost:3000/_next/static/chunks/node_modules_next_dist_1e8vcs8._.js:776
[   56532ms] [LOG] [Fast Refresh] done in 819ms @ http://localhost:3000/_next/static/chunks/node_modules_next_dist_1e8vcs8._.js:776
[   56593ms] [LOG] [Fast Refresh] done in 819ms @ http://localhost:3000/_next/static/chunks/node_modules_next_dist_1e8vcs8._.js:776
[   56660ms] [LOG] [Fast Refresh] done in 819ms @ http://localhost:3000/_next/static/chunks/node_modules_next_dist_1e8vcs8._.js:776
[   56721ms] [LOG] [Fast Refresh] done in 819ms @ http://localhost:3000/_next/static/chunks/node_modules_next_dist_1e8vcs8._.js:776
[   56768ms] [LOG] [Fast Refresh] done in 819ms @ http://localhost:3000/_next/static/chunks/node_modules_next_dist_1e8vcs8._.js:776
[   56833ms] [LOG] [Fast Refresh] done in 819ms @ http://localhost:3000/_next/static/chunks/node_modules_next_dist_1e8vcs8._.js:776
[   56897ms] [LOG] [Fast Refresh] done in 819ms @ http://localhost:3000/_next/static/chunks/node_modules_next_dist_1e8vcs8._.js:776
[   56961ms] [LOG] [Fast Refresh] done in 819ms @ http://localhost:3000/_next/static/chunks/node_modules_next_dist_1e8vcs8._.js:776
[   57023ms] [LOG] [Fast Refresh] done in 819ms @ http://localhost:3000/_next/static/chunks/node_modules_next_dist_1e8vcs8._.js:776
[   57086ms] [LOG] [Fast Refresh] done in 819ms @ http://localhost:3000/_next/static/chunks/node_modules_next_dist_1e8vcs8._.js:776
[   57153ms] [LOG] [Fast Refresh] done in 819ms @ http://localhost:3000/_next/static/chunks/node_modules_next_dist_1e8vcs8._.js:776
[   57212ms] [LOG] [Fast Refresh] done in 819ms @ http://localhost:3000/_next/static/chunks/node_modules_next_dist_1e8vcs8._.js:776
[   57276ms] [LOG] [Fast Refresh] done in 819ms @ http://localhost:3000/_next/static/chunks/node_modules_next_dist_1e8vcs8._.js:776
[   57355ms] [LOG] [Fast Refresh] done in 819ms @ http://localhost:3000/_next/static/chunks/node_modules_next_dist_1e8vcs8._.js:776
[   57444ms] [LOG] [Fast Refresh] done in 819ms @ http://localhost:3000/_next/static/chunks/node_modules_next_dist_1e8vcs8._.js:776
[   57517ms] [LOG] [Fast Refresh] done in 819ms @ http://localhost:3000/_next/static/chunks/node_modules_next_dist_1e8vcs8._.js:776
[   57577ms] [LOG] [Fast Refresh] done in 819ms @ http://localhost:3000/_next/static/chunks/node_modules_next_dist_1e8vcs8._.js:776
[   57641ms] [LOG] [Fast Refresh] done in 819ms @ http://localhost:3000/_next/static/chunks/node_modules_next_dist_1e8vcs8._.js:776
[   57702ms] [LOG] [Fast Refresh] done in 819ms @ http://localhost:3000/_next/static/chunks/node_modules_next_dist_1e8vcs8._.js:776
[   57769ms] [LOG] [Fast Refresh] done in 819ms @ http://localhost:3000/_next/static/chunks/node_modules_next_dist_1e8vcs8._.js:776
[   57829ms] [LOG] [Fast Refresh] done in 819ms @ http://localhost:3000/_next/static/chunks/node_modules_next_dist_1e8vcs8._.js:776
[   57898ms] [LOG] [Fast Refresh] done in 819ms @ http://localhost:3000/_next/static/chunks/node_modules_next_dist_1e8vcs8._.js:776
[   57956ms] [LOG] [Fast Refresh] done in 819ms @ http://localhost:3000/_next/static/chunks/node_modules_next_dist_1e8vcs8._.js:776
[   58020ms] [LOG] [Fast Refresh] done in 819ms @ http://localhost:3000/_next/static/chunks/node_modules_next_dist_1e8vcs8._.js:776
[   58083ms] [LOG] [Fast Refresh] done in 819ms @ http://localhost:3000/_next/static/chunks/node_modules_next_dist_1e8vcs8._.js:776
[   58150ms] [LOG] [Fast Refresh] done in 819ms @ http://localhost:3000/_next/static/chunks/node_modules_next_dist_1e8vcs8._.js:776
[   58240ms] [LOG] [Fast Refresh] done in 819ms @ http://localhost:3000/_next/static/chunks/node_modules_next_dist_1e8vcs8._.js:776
[   58313ms] [LOG] [Fast Refresh] done in 819ms @ http://localhost:3000/_next/static/chunks/node_modules_next_dist_1e8vcs8._.js:776
[   58370ms] [LOG] [Fast Refresh] done in 819ms @ http://localhost:3000/_next/static/chunks/node_modules_next_dist_1e8vcs8._.js:776
[   58427ms] [LOG] [Fast Refresh] done in 819ms @ http://localhost:3000/_next/static/chunks/node_modules_next_dist_1e8vcs8._.js:776
[   58489ms] [LOG] [Fast Refresh] done in 819ms @ http://localhost:3000/_next/static/chunks/node_modules_next_dist_1e8vcs8._.js:776
[   58549ms] [LOG] [Fast Refresh] done in 819ms @ http://localhost:3000/_next/static/chunks/node_modules_next_dist_1e8vcs8._.js:776
[   58612ms] [LOG] [Fast Refresh] done in 819ms @ http://localhost:3000/_next/static/chunks/node_modules_next_dist_1e8vcs8._.js:776
[   58675ms] [LOG] [Fast Refresh] done in 819ms @ http://localhost:3000/_next/static/chunks/node_modules_next_dist_1e8vcs8._.js:776
[   58738ms] [LOG] [Fast Refresh] done in 819ms @ http://localhost:3000/_next/static/chunks/node_modules_next_dist_1e8vcs8._.js:776
[   58800ms] [LOG] [Fast Refresh] done in 819ms @ http://localhost:3000/_next/static/chunks/node_modules_next_dist_1e8vcs8._.js:776
[   58862ms] [LOG] [Fast Refresh] done in 819ms @ http://localhost:3000/_next/static/chunks/node_modules_next_dist_1e8vcs8._.js:776
[   58925ms] [LOG] [Fast Refresh] done in 819ms @ http://localhost:3000/_next/static/chunks/node_modules_next_dist_1e8vcs8._.js:776
[   58988ms] [LOG] [Fast Refresh] done in 819ms @ http://localhost:3000/_next/static/chunks/node_modules_next_dist_1e8vcs8._.js:776
[   59050ms] [LOG] [Fast Refresh] done in 819ms @ http://localhost:3000/_next/static/chunks/node_modules_next_dist_1e8vcs8._.js:776
[   59112ms] [LOG] [Fast Refresh] done in 819ms @ http://localhost:3000/_next/static/chunks/node_modules_next_dist_1e8vcs8._.js:776
[   59175ms] [LOG] [Fast Refresh] done in 819ms @ http://localhost:3000/_next/static/chunks/node_modules_next_dist_1e8vcs8._.js:776
[   59237ms] [LOG] [Fast Refresh] done in 819ms @ http://localhost:3000/_next/static/chunks/node_modules_next_dist_1e8vcs8._.js:776
[   59301ms] [LOG] [Fast Refresh] done in 819ms @ http://localhost:3000/_next/static/chunks/node_modules_next_dist_1e8vcs8._.js:776
[   59364ms] [LOG] [Fast Refresh] done in 819ms @ http://localhost:3000/_next/static/chunks/node_modules_next_dist_1e8vcs8._.js:776
[   59426ms] [LOG] [Fast Refresh] done in 819ms @ http://localhost:3000/_next/static/chunks/node_modules_next_dist_1e8vcs8._.js:776
[   59488ms] [LOG] [Fast Refresh] done in 819ms @ http://localhost:3000/_next/static/chunks/node_modules_next_dist_1e8vcs8._.js:776
[   59550ms] [LOG] [Fast Refresh] done in 819ms @ http://localhost:3000/_next/static/chunks/node_modules_next_dist_1e8vcs8._.js:776
[   59610ms] [LOG] [Fast Refresh] done in 819ms @ http://localhost:3000/_next/static/chunks/node_modules_next_dist_1e8vcs8._.js:776
[   59673ms] [LOG] [Fast Refresh] done in 819ms @ http://localhost:3000/_next/static/chunks/node_modules_next_dist_1e8vcs8._.js:776
[   59734ms] [LOG] [Fast Refresh] done in 819ms @ http://localhost:3000/_next/static/chunks/node_modules_next_dist_1e8vcs8._.js:776
[   59797ms] [LOG] [Fast Refresh] done in 819ms @ http://localhost:3000/_next/static/chunks/node_modules_next_dist_1e8vcs8._.js:776
[   59862ms] [LOG] [Fast Refresh] done in 819ms @ http://localhost:3000/_next/static/chunks/node_modules_next_dist_1e8vcs8._.js:776
[   59923ms] [LOG] [Fast Refresh] done in 819ms @ http://localhost:3000/_next/static/chunks/node_modules_next_dist_1e8vcs8._.js:776
[   59986ms] [LOG] [Fast Refresh] done in 819ms @ http://localhost:3000/_next/static/chunks/node_modules_next_dist_1e8vcs8._.js:776
[   60046ms] [LOG] [Fast Refresh] done in 819ms @ http://localhost:3000/_next/static/chunks/node_modules_next_dist_1e8vcs8._.js:776
[   60109ms] [LOG] [Fast Refresh] done in 819ms @ http://localhost:3000/_next/static/chunks/node_modules_next_dist_1e8vcs8._.js:776
[   60170ms] [LOG] [Fast Refresh] done in 819ms @ http://localhost:3000/_next/static/chunks/node_modules_next_dist_1e8vcs8._.js:776
[   60232ms] [LOG] [Fast Refresh] done in 819ms @ http://localhost:3000/_next/static/chunks/node_modules_next_dist_1e8vcs8._.js:776
[   60296ms] [LOG] [Fast Refresh] done in 819ms @ http://localhost:3000/_next/static/chunks/node_modules_next_dist_1e8vcs8._.js:776
[   60359ms] [LOG] [Fast Refresh] done in 819ms @ http://localhost:3000/_next/static/chunks/node_modules_next_dist_1e8vcs8._.js:776
[   60421ms] [LOG] [Fast Refresh] done in 819ms @ http://localhost:3000/_next/static/chunks/node_modules_next_dist_1e8vcs8._.js:776
[   60485ms] [LOG] [Fast Refresh] done in 819ms @ http://localhost:3000/_next/static/chunks/node_modules_next_dist_1e8vcs8._.js:776
[   60551ms] [LOG] [Fast Refresh] done in 819ms @ http://localhost:3000/_next/static/chunks/node_modules_next_dist_1e8vcs8._.js:776
[   60609ms] [LOG] [Fast Refresh] done in 819ms @ http://localhost:3000/_next/static/chunks/node_modules_next_dist_1e8vcs8._.js:776
[   60672ms] [LOG] [Fast Refresh] done in 819ms @ http://localhost:3000/_next/static/chunks/node_modules_next_dist_1e8vcs8._.js:776
[   60736ms] [LOG] [Fast Refresh] done in 819ms @ http://localhost:3000/_next/static/chunks/node_modules_next_dist_1e8vcs8._.js:776
[   60797ms] [LOG] [Fast Refresh] done in 819ms @ http://localhost:3000/_next/static/chunks/node_modules_next_dist_1e8vcs8._.js:776
[   60861ms] [LOG] [Fast Refresh] done in 819ms @ http://localhost:3000/_next/static/chunks/node_modules_next_dist_1e8vcs8._.js:776
[   60924ms] [LOG] [Fast Refresh] done in 819ms @ http://localhost:3000/_next/static/chunks/node_modules_next_dist_1e8vcs8._.js:776
[   60986ms] [LOG] [Fast Refresh] done in 819ms @ http://localhost:3000/_next/static/chunks/node_modules_next_dist_1e8vcs8._.js:776
[   61048ms] [LOG] [Fast Refresh] done in 819ms @ http://localhost:3000/_next/static/chunks/node_modules_next_dist_1e8vcs8._.js:776
[   61112ms] [LOG] [Fast Refresh] done in 819ms @ http://localhost:3000/_next/static/chunks/node_modules_next_dist_1e8vcs8._.js:776
[   61175ms] [LOG] [Fast Refresh] done in 819ms @ http://localhost:3000/_next/static/chunks/node_modules_next_dist_1e8vcs8._.js:776
[   61240ms] [LOG] [Fast Refresh] done in 819ms @ http://localhost:3000/_next/static/chunks/node_modules_next_dist_1e8vcs8._.js:776
[   61289ms] [LOG] [Fast Refresh] done in 819ms @ http://localhost:3000/_next/static/chunks/node_modules_next_dist_1e8vcs8._.js:776
[   61372ms] [LOG] [Fast Refresh] done in 819ms @ http://localhost:3000/_next/static/chunks/node_modules_next_dist_1e8vcs8._.js:776
[   61413ms] [LOG] [Fast Refresh] done in 819ms @ http://localhost:3000/_next/static/chunks/node_modules_next_dist_1e8vcs8._.js:776
[   61476ms] [LOG] [Fast Refresh] done in 819ms @ http://localhost:3000/_next/static/chunks/node_modules_next_dist_1e8vcs8._.js:776
[   61588ms] [LOG] [Fast Refresh] done in 819ms @ http://localhost:3000/_next/static/chunks/node_modules_next_dist_1e8vcs8._.js:776
[   61647ms] [LOG] [Fast Refresh] done in 819ms @ http://localhost:3000/_next/static/chunks/node_modules_next_dist_1e8vcs8._.js:776
[   61710ms] [LOG] [Fast Refresh] done in 819ms @ http://localhost:3000/_next/static/chunks/node_modules_next_dist_1e8vcs8._.js:776
[   61774ms] [LOG] [Fast Refresh] done in 819ms @ http://localhost:3000/_next/static/chunks/node_modules_next_dist_1e8vcs8._.js:776
[   61836ms] [LOG] [Fast Refresh] done in 819ms @ http://localhost:3000/_next/static/chunks/node_modules_next_dist_1e8vcs8._.js:776
[   61902ms] [LOG] [Fast Refresh] done in 819ms @ http://localhost:3000/_next/static/chunks/node_modules_next_dist_1e8vcs8._.js:776
[   61948ms] [LOG] [Fast Refresh] done in 819ms @ http://localhost:3000/_next/static/chunks/node_modules_next_dist_1e8vcs8._.js:776
[   62009ms] [LOG] [Fast Refresh] done in 819ms @ http://localhost:3000/_next/static/chunks/node_modules_next_dist_1e8vcs8._.js:776
[   62057ms] [LOG] [Fast Refresh] done in 819ms @ http://localhost:3000/_next/static/chunks/node_modules_next_dist_1e8vcs8._.js:776
[   62104ms] [LOG] [Fast Refresh] done in 819ms @ http://localhost:3000/_next/static/chunks/node_modules_next_dist_1e8vcs8._.js:776
[   62151ms] [LOG] [Fast Refresh] done in 819ms @ http://localhost:3000/_next/static/chunks/node_modules_next_dist_1e8vcs8._.js:776
[   62201ms] [LOG] [Fast Refresh] done in 819ms @ http://localhost:3000/_next/static/chunks/node_modules_next_dist_1e8vcs8._.js:776
[   62248ms] [LOG] [Fast Refresh] done in 819ms @ http://localhost:3000/_next/static/chunks/node_modules_next_dist_1e8vcs8._.js:776
[   62310ms] [LOG] [Fast Refresh] done in 819ms @ http://localhost:3000/_next/static/chunks/node_modules_next_dist_1e8vcs8._.js:776
[   62359ms] [LOG] [Fast Refresh] done in 819ms @ http://localhost:3000/_next/static/chunks/node_modules_next_dist_1e8vcs8._.js:776
[   62421ms] [LOG] [Fast Refresh] done in 819ms @ http://localhost:3000/_next/static/chunks/node_modules_next_dist_1e8vcs8._.js:776
[   62484ms] [LOG] [Fast Refresh] done in 819ms @ http://localhost:3000/_next/static/chunks/node_modules_next_dist_1e8vcs8._.js:776
[   62548ms] [LOG] [Fast Refresh] done in 819ms @ http://localhost:3000/_next/static/chunks/node_modules_next_dist_1e8vcs8._.js:776
[   62615ms] [LOG] [Fast Refresh] done in 819ms @ http://localhost:3000/_next/static/chunks/node_modules_next_dist_1e8vcs8._.js:776
[   62676ms] [LOG] [Fast Refresh] done in 819ms @ http://localhost:3000/_next/static/chunks/node_modules_next_dist_1e8vcs8._.js:776
[   62757ms] [LOG] [Fast Refresh] done in 819ms @ http://localhost:3000/_next/static/chunks/node_modules_next_dist_1e8vcs8._.js:776
[   62803ms] [LOG] [Fast Refresh] done in 819ms @ http://localhost:3000/_next/static/chunks/node_modules_next_dist_1e8vcs8._.js:776
[   62866ms] [LOG] [Fast Refresh] done in 819ms @ http://localhost:3000/_next/static/chunks/node_modules_next_dist_1e8vcs8._.js:776
[   62913ms] [LOG] [Fast Refresh] done in 819ms @ http://localhost:3000/_next/static/chunks/node_modules_next_dist_1e8vcs8._.js:776
[   62993ms] [LOG] [Fast Refresh] done in 819ms @ http://localhost:3000/_next/static/chunks/node_modules_next_dist_1e8vcs8._.js:776
[   63054ms] [LOG] [Fast Refresh] done in 819ms @ http://localhost:3000/_next/static/chunks/node_modules_next_dist_1e8vcs8._.js:776
[   63117ms] [LOG] [Fast Refresh] done in 819ms @ http://localhost:3000/_next/static/chunks/node_modules_next_dist_1e8vcs8._.js:776
[   63179ms] [LOG] [Fast Refresh] done in 819ms @ http://localhost:3000/_next/static/chunks/node_modules_next_dist_1e8vcs8._.js:776
[   63242ms] [LOG] [Fast Refresh] done in 819ms @ http://localhost:3000/_next/static/chunks/node_modules_next_dist_1e8vcs8._.js:776
[   63305ms] [LOG] [Fast Refresh] done in 819ms @ http://localhost:3000/_next/static/chunks/node_modules_next_dist_1e8vcs8._.js:776
[   63370ms] [LOG] [Fast Refresh] done in 819ms @ http://localhost:3000/_next/static/chunks/node_modules_next_dist_1e8vcs8._.js:776
[   63433ms] [LOG] [Fast Refresh] done in 819ms @ http://localhost:3000/_next/static/chunks/node_modules_next_dist_1e8vcs8._.js:776
[   63496ms] [LOG] [Fast Refresh] done in 819ms @ http://localhost:3000/_next/static/chunks/node_modules_next_dist_1e8vcs8._.js:776
[   63557ms] [LOG] [Fast Refresh] done in 819ms @ http://localhost:3000/_next/static/chunks/node_modules_next_dist_1e8vcs8._.js:776
[   63619ms] [LOG] [Fast Refresh] done in 819ms @ http://localhost:3000/_next/static/chunks/node_modules_next_dist_1e8vcs8._.js:776
[   63683ms] [LOG] [Fast Refresh] done in 819ms @ http://localhost:3000/_next/static/chunks/node_modules_next_dist_1e8vcs8._.js:776
[   63745ms] [LOG] [Fast Refresh] done in 819ms @ http://localhost:3000/_next/static/chunks/node_modules_next_dist_1e8vcs8._.js:776
[   63794ms] [LOG] [Fast Refresh] done in 819ms @ http://localhost:3000/_next/static/chunks/node_modules_next_dist_1e8vcs8._.js:776
[   63857ms] [LOG] [Fast Refresh] done in 819ms @ http://localhost:3000/_next/static/chunks/node_modules_next_dist_1e8vcs8._.js:776
[   63905ms] [LOG] [Fast Refresh] done in 819ms @ http://localhost:3000/_next/static/chunks/node_modules_next_dist_1e8vcs8._.js:776
[   63953ms] [LOG] [Fast Refresh] done in 819ms @ http://localhost:3000/_next/static/chunks/node_modules_next_dist_1e8vcs8._.js:776
[   64016ms] [LOG] [Fast Refresh] done in 819ms @ http://localhost:3000/_next/static/chunks/node_modules_next_dist_1e8vcs8._.js:776
[   64079ms] [LOG] [Fast Refresh] done in 819ms @ http://localhost:3000/_next/static/chunks/node_modules_next_dist_1e8vcs8._.js:776
[   64142ms] [LOG] [Fast Refresh] done in 819ms @ http://localhost:3000/_next/static/chunks/node_modules_next_dist_1e8vcs8._.js:776
[   64191ms] [LOG] [Fast Refresh] done in 819ms @ http://localhost:3000/_next/static/chunks/node_modules_next_dist_1e8vcs8._.js:776
[   64255ms] [LOG] [Fast Refresh] done in 819ms @ http://localhost:3000/_next/static/chunks/node_modules_next_dist_1e8vcs8._.js:776
[   64302ms] [LOG] [Fast Refresh] done in 819ms @ http://localhost:3000/_next/static/chunks/node_modules_next_dist_1e8vcs8._.js:776
[   64366ms] [LOG] [Fast Refresh] done in 819ms @ http://localhost:3000/_next/static/chunks/node_modules_next_dist_1e8vcs8._.js:776
[   64414ms] [LOG] [Fast Refresh] done in 819ms @ http://localhost:3000/_next/static/chunks/node_modules_next_dist_1e8vcs8._.js:776
[   64462ms] [LOG] [Fast Refresh] done in 819ms @ http://localhost:3000/_next/static/chunks/node_modules_next_dist_1e8vcs8._.js:776
[   64526ms] [LOG] [Fast Refresh] done in 819ms @ http://localhost:3000/_next/static/chunks/node_modules_next_dist_1e8vcs8._.js:776
[   64601ms] [LOG] [Fast Refresh] done in 819ms @ http://localhost:3000/_next/static/chunks/node_modules_next_dist_1e8vcs8._.js:776
[   64669ms] [LOG] [Fast Refresh] done in 819ms @ http://localhost:3000/_next/static/chunks/node_modules_next_dist_1e8vcs8._.js:776
[   64729ms] [LOG] [Fast Refresh] done in 819ms @ http://localhost:3000/_next/static/chunks/node_modules_next_dist_1e8vcs8._.js:776
[   64792ms] [LOG] [Fast Refresh] done in 819ms @ http://localhost:3000/_next/static/chunks/node_modules_next_dist_1e8vcs8._.js:776
[   64854ms] [LOG] [Fast Refresh] done in 819ms @ http://localhost:3000/_next/static/chunks/node_modules_next_dist_1e8vcs8._.js:776
[   64917ms] [LOG] [Fast Refresh] done in 819ms @ http://localhost:3000/_next/static/chunks/node_modules_next_dist_1e8vcs8._.js:776
[   64981ms] [LOG] [Fast Refresh] done in 819ms @ http://localhost:3000/_next/static/chunks/node_modules_next_dist_1e8vcs8._.js:776
[   65043ms] [LOG] [Fast Refresh] done in 819ms @ http://localhost:3000/_next/static/chunks/node_modules_next_dist_1e8vcs8._.js:776
[   65106ms] [LOG] [Fast Refresh] done in 819ms @ http://localhost:3000/_next/static/chunks/node_modules_next_dist_1e8vcs8._.js:776
[   65170ms] [LOG] [Fast Refresh] done in 819ms @ http://localhost:3000/_next/static/chunks/node_modules_next_dist_1e8vcs8._.js:776
[   65233ms] [LOG] [Fast Refresh] done in 819ms @ http://localhost:3000/_next/static/chunks/node_modules_next_dist_1e8vcs8._.js:776
[   65294ms] [LOG] [Fast Refresh] done in 819ms @ http://localhost:3000/_next/static/chunks/node_modules_next_dist_1e8vcs8._.js:776
[   65355ms] [LOG] [Fast Refresh] done in 819ms @ http://localhost:3000/_next/static/chunks/node_modules_next_dist_1e8vcs8._.js:776
[   65416ms] [LOG] [Fast Refresh] done in 819ms @ http://localhost:3000/_next/static/chunks/node_modules_next_dist_1e8vcs8._.js:776
[   65480ms] [LOG] [Fast Refresh] done in 819ms @ http://localhost:3000/_next/static/chunks/node_modules_next_dist_1e8vcs8._.js:776
[   65543ms] [LOG] [Fast Refresh] done in 819ms @ http://localhost:3000/_next/static/chunks/node_modules_next_dist_1e8vcs8._.js:776
[   65606ms] [LOG] [Fast Refresh] done in 819ms @ http://localhost:3000/_next/static/chunks/node_modules_next_dist_1e8vcs8._.js:776
[   65667ms] [LOG] [Fast Refresh] done in 819ms @ http://localhost:3000/_next/static/chunks/node_modules_next_dist_1e8vcs8._.js:776
[   65730ms] [LOG] [Fast Refresh] done in 819ms @ http://localhost:3000/_next/static/chunks/node_modules_next_dist_1e8vcs8._.js:776
[   65791ms] [LOG] [Fast Refresh] done in 819ms @ http://localhost:3000/_next/static/chunks/node_modules_next_dist_1e8vcs8._.js:776
[   65839ms] [LOG] [Fast Refresh] done in 819ms @ http://localhost:3000/_next/static/chunks/node_modules_next_dist_1e8vcs8._.js:776
[   65901ms] [LOG] [Fast Refresh] done in 819ms @ http://localhost:3000/_next/static/chunks/node_modules_next_dist_1e8vcs8._.js:776
[   65966ms] [LOG] [Fast Refresh] done in 819ms @ http://localhost:3000/_next/static/chunks/node_modules_next_dist_1e8vcs8._.js:776
[   66026ms] [LOG] [Fast Refresh] done in 819ms @ http://localhost:3000/_next/static/chunks/node_modules_next_dist_1e8vcs8._.js:776
[   66088ms] [LOG] [Fast Refresh] done in 819ms @ http://localhost:3000/_next/static/chunks/node_modules_next_dist_1e8vcs8._.js:776
[   66152ms] [LOG] [Fast Refresh] done in 819ms @ http://localhost:3000/_next/static/chunks/node_modules_next_dist_1e8vcs8._.js:776
[   66214ms] [LOG] [Fast Refresh] done in 819ms @ http://localhost:3000/_next/static/chunks/node_modules_next_dist_1e8vcs8._.js:776
[   66276ms] [LOG] [Fast Refresh] done in 819ms @ http://localhost:3000/_next/static/chunks/node_modules_next_dist_1e8vcs8._.js:776
[   66338ms] [LOG] [Fast Refresh] done in 819ms @ http://localhost:3000/_next/static/chunks/node_modules_next_dist_1e8vcs8._.js:776
[   66402ms] [LOG] [Fast Refresh] done in 819ms @ http://localhost:3000/_next/static/chunks/node_modules_next_dist_1e8vcs8._.js:776
[   66466ms] [LOG] [Fast Refresh] done in 819ms @ http://localhost:3000/_next/static/chunks/node_modules_next_dist_1e8vcs8._.js:776
[   66529ms] [LOG] [Fast Refresh] done in 819ms @ http://localhost:3000/_next/static/chunks/node_modules_next_dist_1e8vcs8._.js:776
[   66594ms] [LOG] [Fast Refresh] done in 819ms @ http://localhost:3000/_next/static/chunks/node_modules_next_dist_1e8vcs8._.js:776
[   66639ms] [LOG] [Fast Refresh] done in 819ms @ http://localhost:3000/_next/static/chunks/node_modules_next_dist_1e8vcs8._.js:776
[   66707ms] [LOG] [Fast Refresh] done in 819ms @ http://localhost:3000/_next/static/chunks/node_modules_next_dist_1e8vcs8._.js:776
[   66750ms] [LOG] [Fast Refresh] done in 819ms @ http://localhost:3000/_next/static/chunks/node_modules_next_dist_1e8vcs8._.js:776
[   66812ms] [LOG] [Fast Refresh] done in 819ms @ http://localhost:3000/_next/static/chunks/node_modules_next_dist_1e8vcs8._.js:776
[   66873ms] [LOG] [Fast Refresh] done in 819ms @ http://localhost:3000/_next/static/chunks/node_modules_next_dist_1e8vcs8._.js:776
[   66936ms] [LOG] [Fast Refresh] done in 819ms @ http://localhost:3000/_next/static/chunks/node_modules_next_dist_1e8vcs8._.js:776
[   67000ms] [LOG] [Fast Refresh] done in 819ms @ http://localhost:3000/_next/static/chunks/node_modules_next_dist_1e8vcs8._.js:776
[   67062ms] [LOG] [Fast Refresh] done in 819ms @ http://localhost:3000/_next/static/chunks/node_modules_next_dist_1e8vcs8._.js:776
[   67122ms] [LOG] [Fast Refresh] done in 819ms @ http://localhost:3000/_next/static/chunks/node_modules_next_dist_1e8vcs8._.js:776
[   67187ms] [LOG] [Fast Refresh] done in 819ms @ http://localhost:3000/_next/static/chunks/node_modules_next_dist_1e8vcs8._.js:776
[   67250ms] [LOG] [Fast Refresh] done in 819ms @ http://localhost:3000/_next/static/chunks/node_modules_next_dist_1e8vcs8._.js:776
[   67313ms] [LOG] [Fast Refresh] done in 819ms @ http://localhost:3000/_next/static/chunks/node_modules_next_dist_1e8vcs8._.js:776
[   67376ms] [LOG] [Fast Refresh] done in 819ms @ http://localhost:3000/_next/static/chunks/node_modules_next_dist_1e8vcs8._.js:776
[   67440ms] [LOG] [Fast Refresh] done in 819ms @ http://localhost:3000/_next/static/chunks/node_modules_next_dist_1e8vcs8._.js:776
[   67500ms] [LOG] [Fast Refresh] done in 819ms @ http://localhost:3000/_next/static/chunks/node_modules_next_dist_1e8vcs8._.js:776
[   67564ms] [LOG] [Fast Refresh] done in 819ms @ http://localhost:3000/_next/static/chunks/node_modules_next_dist_1e8vcs8._.js:776
[   67613ms] [LOG] [Fast Refresh] done in 819ms @ http://localhost:3000/_next/static/chunks/node_modules_next_dist_1e8vcs8._.js:776
[   67674ms] [LOG] [Fast Refresh] done in 819ms @ http://localhost:3000/_next/static/chunks/node_modules_next_dist_1e8vcs8._.js:776
[   67722ms] [LOG] [Fast Refresh] done in 819ms @ http://localhost:3000/_next/static/chunks/node_modules_next_dist_1e8vcs8._.js:776
[   67789ms] [LOG] [Fast Refresh] done in 819ms @ http://localhost:3000/_next/static/chunks/node_modules_next_dist_1e8vcs8._.js:776
[   67848ms] [LOG] [Fast Refresh] done in 819ms @ http://localhost:3000/_next/static/chunks/node_modules_next_dist_1e8vcs8._.js:776
[   67912ms] [LOG] [Fast Refresh] done in 819ms @ http://localhost:3000/_next/static/chunks/node_modules_next_dist_1e8vcs8._.js:776
[   67976ms] [LOG] [Fast Refresh] done in 819ms @ http://localhost:3000/_next/static/chunks/node_modules_next_dist_1e8vcs8._.js:776
[   68038ms] [LOG] [Fast Refresh] done in 819ms @ http://localhost:3000/_next/static/chunks/node_modules_next_dist_1e8vcs8._.js:776
[   68101ms] [LOG] [Fast Refresh] done in 819ms @ http://localhost:3000/_next/static/chunks/node_modules_next_dist_1e8vcs8._.js:776
[   68166ms] [LOG] [Fast Refresh] done in 819ms @ http://localhost:3000/_next/static/chunks/node_modules_next_dist_1e8vcs8._.js:776
[   68227ms] [LOG] [Fast Refresh] done in 819ms @ http://localhost:3000/_next/static/chunks/node_modules_next_dist_1e8vcs8._.js:776
[   68288ms] [LOG] [Fast Refresh] done in 819ms @ http://localhost:3000/_next/static/chunks/node_modules_next_dist_1e8vcs8._.js:776
[   68351ms] [LOG] [Fast Refresh] done in 819ms @ http://localhost:3000/_next/static/chunks/node_modules_next_dist_1e8vcs8._.js:776
[   68413ms] [LOG] [Fast Refresh] done in 819ms @ http://localhost:3000/_next/static/chunks/node_modules_next_dist_1e8vcs8._.js:776
[   68476ms] [LOG] [Fast Refresh] done in 819ms @ http://localhost:3000/_next/static/chunks/node_modules_next_dist_1e8vcs8._.js:776
[   68537ms] [LOG] [Fast Refresh] done in 819ms @ http://localhost:3000/_next/static/chunks/node_modules_next_dist_1e8vcs8._.js:776
[   68615ms] [LOG] [Fast Refresh] done in 819ms @ http://localhost:3000/_next/static/chunks/node_modules_next_dist_1e8vcs8._.js:776
[   68678ms] [LOG] [Fast Refresh] done in 819ms @ http://localhost:3000/_next/static/chunks/node_modules_next_dist_1e8vcs8._.js:776
[   68742ms] [LOG] [Fast Refresh] done in 819ms @ http://localhost:3000/_next/static/chunks/node_modules_next_dist_1e8vcs8._.js:776
[   68805ms] [LOG] [Fast Refresh] done in 819ms @ http://localhost:3000/_next/static/chunks/node_modules_next_dist_1e8vcs8._.js:776
[   68866ms] [LOG] [Fast Refresh] done in 819ms @ http://localhost:3000/_next/static/chunks/node_modules_next_dist_1e8vcs8._.js:776
[   68925ms] [LOG] [Fast Refresh] done in 819ms @ http://localhost:3000/_next/static/chunks/node_modules_next_dist_1e8vcs8._.js:776
[   68988ms] [LOG] [Fast Refresh] done in 819ms @ http://localhost:3000/_next/static/chunks/node_modules_next_dist_1e8vcs8._.js:776
[   69049ms] [LOG] [Fast Refresh] done in 819ms @ http://localhost:3000/_next/static/chunks/node_modules_next_dist_1e8vcs8._.js:776
[   69115ms] [LOG] [Fast Refresh] done in 819ms @ http://localhost:3000/_next/static/chunks/node_modules_next_dist_1e8vcs8._.js:776
[   69176ms] [LOG] [Fast Refresh] done in 819ms @ http://localhost:3000/_next/static/chunks/node_modules_next_dist_1e8vcs8._.js:776
[   69237ms] [LOG] [Fast Refresh] done in 819ms @ http://localhost:3000/_next/static/chunks/node_modules_next_dist_1e8vcs8._.js:776
[   69302ms] [LOG] [Fast Refresh] done in 819ms @ http://localhost:3000/_next/static/chunks/node_modules_next_dist_1e8vcs8._.js:776
[   69364ms] [LOG] [Fast Refresh] done in 819ms @ http://localhost:3000/_next/static/chunks/node_modules_next_dist_1e8vcs8._.js:776
[   69425ms] [LOG] [Fast Refresh] done in 819ms @ http://localhost:3000/_next/static/chunks/node_modules_next_dist_1e8vcs8._.js:776
[   69486ms] [LOG] [Fast Refresh] done in 819ms @ http://localhost:3000/_next/static/chunks/node_modules_next_dist_1e8vcs8._.js:776
[   69548ms] [LOG] [Fast Refresh] done in 819ms @ http://localhost:3000/_next/static/chunks/node_modules_next_dist_1e8vcs8._.js:776
[   69613ms] [LOG] [Fast Refresh] done in 819ms @ http://localhost:3000/_next/static/chunks/node_modules_next_dist_1e8vcs8._.js:776
[   69674ms] [LOG] [Fast Refresh] done in 819ms @ http://localhost:3000/_next/static/chunks/node_modules_next_dist_1e8vcs8._.js:776
[   69735ms] [LOG] [Fast Refresh] done in 819ms @ http://localhost:3000/_next/static/chunks/node_modules_next_dist_1e8vcs8._.js:776
[   69795ms] [LOG] [Fast Refresh] done in 819ms @ http://localhost:3000/_next/static/chunks/node_modules_next_dist_1e8vcs8._.js:776
[   69858ms] [LOG] [Fast Refresh] done in 819ms @ http://localhost:3000/_next/static/chunks/node_modules_next_dist_1e8vcs8._.js:776
[   69919ms] [LOG] [Fast Refresh] done in 819ms @ http://localhost:3000/_next/static/chunks/node_modules_next_dist_1e8vcs8._.js:776
[   69986ms] [LOG] [Fast Refresh] done in 819ms @ http://localhost:3000/_next/static/chunks/node_modules_next_dist_1e8vcs8._.js:776
[   70047ms] [LOG] [Fast Refresh] done in 819ms @ http://localhost:3000/_next/static/chunks/node_modules_next_dist_1e8vcs8._.js:776
[   70109ms] [LOG] [Fast Refresh] done in 819ms @ http://localhost:3000/_next/static/chunks/node_modules_next_dist_1e8vcs8._.js:776
[   70171ms] [LOG] [Fast Refresh] done in 819ms @ http://localhost:3000/_next/static/chunks/node_modules_next_dist_1e8vcs8._.js:776
[   70234ms] [LOG] [Fast Refresh] done in 819ms @ http://localhost:3000/_next/static/chunks/node_modules_next_dist_1e8vcs8._.js:776
[   70295ms] [LOG] [Fast Refresh] done in 819ms @ http://localhost:3000/_next/static/chunks/node_modules_next_dist_1e8vcs8._.js:776
[   70357ms] [LOG] [Fast Refresh] done in 819ms @ http://localhost:3000/_next/static/chunks/node_modules_next_dist_1e8vcs8._.js:776
[   70420ms] [LOG] [Fast Refresh] done in 819ms @ http://localhost:3000/_next/static/chunks/node_modules_next_dist_1e8vcs8._.js:776
[   70481ms] [LOG] [Fast Refresh] done in 819ms @ http://localhost:3000/_next/static/chunks/node_modules_next_dist_1e8vcs8._.js:776
[   70544ms] [LOG] [Fast Refresh] done in 819ms @ http://localhost:3000/_next/static/chunks/node_modules_next_dist_1e8vcs8._.js:776
[   70596ms] [LOG] [Fast Refresh] done in 819ms @ http://localhost:3000/_next/static/chunks/node_modules_next_dist_1e8vcs8._.js:776
[   70655ms] [LOG] [Fast Refresh] done in 819ms @ http://localhost:3000/_next/static/chunks/node_modules_next_dist_1e8vcs8._.js:776
[   70716ms] [LOG] [Fast Refresh] done in 819ms @ http://localhost:3000/_next/static/chunks/node_modules_next_dist_1e8vcs8._.js:776
[   70780ms] [LOG] [Fast Refresh] done in 819ms @ http://localhost:3000/_next/static/chunks/node_modules_next_dist_1e8vcs8._.js:776
[   70842ms] [LOG] [Fast Refresh] done in 819ms @ http://localhost:3000/_next/static/chunks/node_modules_next_dist_1e8vcs8._.js:776
[   70904ms] [LOG] [Fast Refresh] done in 819ms @ http://localhost:3000/_next/static/chunks/node_modules_next_dist_1e8vcs8._.js:776
[   70965ms] [LOG] [Fast Refresh] done in 819ms @ http://localhost:3000/_next/static/chunks/node_modules_next_dist_1e8vcs8._.js:776
[   71028ms] [LOG] [Fast Refresh] done in 819ms @ http://localhost:3000/_next/static/chunks/node_modules_next_dist_1e8vcs8._.js:776
[   71092ms] [LOG] [Fast Refresh] done in 819ms @ http://localhost:3000/_next/static/chunks/node_modules_next_dist_1e8vcs8._.js:776
[   71153ms] [LOG] [Fast Refresh] done in 819ms @ http://localhost:3000/_next/static/chunks/node_modules_next_dist_1e8vcs8._.js:776
[   71216ms] [LOG] [Fast Refresh] done in 819ms @ http://localhost:3000/_next/static/chunks/node_modules_next_dist_1e8vcs8._.js:776
[   71281ms] [LOG] [Fast Refresh] done in 819ms @ http://localhost:3000/_next/static/chunks/node_modules_next_dist_1e8vcs8._.js:776
[   71343ms] [LOG] [Fast Refresh] done in 819ms @ http://localhost:3000/_next/static/chunks/node_modules_next_dist_1e8vcs8._.js:776
[   71404ms] [LOG] [Fast Refresh] done in 819ms @ http://localhost:3000/_next/static/chunks/node_modules_next_dist_1e8vcs8._.js:776
[   71467ms] [LOG] [Fast Refresh] done in 819ms @ http://localhost:3000/_next/static/chunks/node_modules_next_dist_1e8vcs8._.js:776
[   71528ms] [LOG] [Fast Refresh] done in 819ms @ http://localhost:3000/_next/static/chunks/node_modules_next_dist_1e8vcs8._.js:776
[   71593ms] [LOG] [Fast Refresh] done in 819ms @ http://localhost:3000/_next/static/chunks/node_modules_next_dist_1e8vcs8._.js:776
[   71655ms] [LOG] [Fast Refresh] done in 819ms @ http://localhost:3000/_next/static/chunks/node_modules_next_dist_1e8vcs8._.js:776
[   71718ms] [LOG] [Fast Refresh] done in 819ms @ http://localhost:3000/_next/static/chunks/node_modules_next_dist_1e8vcs8._.js:776
[   71780ms] [LOG] [Fast Refresh] done in 819ms @ http://localhost:3000/_next/static/chunks/node_modules_next_dist_1e8vcs8._.js:776
[   71840ms] [LOG] [Fast Refresh] done in 819ms @ http://localhost:3000/_next/static/chunks/node_modules_next_dist_1e8vcs8._.js:776
[   71902ms] [LOG] [Fast Refresh] done in 819ms @ http://localhost:3000/_next/static/chunks/node_modules_next_dist_1e8vcs8._.js:776
[   71964ms] [LOG] [Fast Refresh] done in 819ms @ http://localhost:3000/_next/static/chunks/node_modules_next_dist_1e8vcs8._.js:776
[   72043ms] [LOG] [Fast Refresh] done in 819ms @ http://localhost:3000/_next/static/chunks/node_modules_next_dist_1e8vcs8._.js:776
[   72108ms] [LOG] [Fast Refresh] done in 819ms @ http://localhost:3000/_next/static/chunks/node_modules_next_dist_1e8vcs8._.js:776
[   72169ms] [LOG] [Fast Refresh] done in 819ms @ http://localhost:3000/_next/static/chunks/node_modules_next_dist_1e8vcs8._.js:776
[   72216ms] [LOG] [Fast Refresh] done in 819ms @ http://localhost:3000/_next/static/chunks/node_modules_next_dist_1e8vcs8._.js:776
[   72278ms] [LOG] [Fast Refresh] done in 819ms @ http://localhost:3000/_next/static/chunks/node_modules_next_dist_1e8vcs8._.js:776
[   72362ms] [LOG] [Fast Refresh] done in 819ms @ http://localhost:3000/_next/static/chunks/node_modules_next_dist_1e8vcs8._.js:776
[   72474ms] [LOG] [Fast Refresh] done in 819ms @ http://localhost:3000/_next/static/chunks/node_modules_next_dist_1e8vcs8._.js:776
[   72615ms] [LOG] [Fast Refresh] done in 819ms @ http://localhost:3000/_next/static/chunks/node_modules_next_dist_1e8vcs8._.js:776
[   72674ms] [LOG] [Fast Refresh] done in 819ms @ http://localhost:3000/_next/static/chunks/node_modules_next_dist_1e8vcs8._.js:776
[   72737ms] [LOG] [Fast Refresh] done in 819ms @ http://localhost:3000/_next/static/chunks/node_modules_next_dist_1e8vcs8._.js:776
[   72816ms] [LOG] [Fast Refresh] done in 819ms @ http://localhost:3000/_next/static/chunks/node_modules_next_dist_1e8vcs8._.js:776
[   72883ms] [LOG] [Fast Refresh] done in 819ms @ http://localhost:3000/_next/static/chunks/node_modules_next_dist_1e8vcs8._.js:776
[   72927ms] [LOG] [Fast Refresh] done in 819ms @ http://localhost:3000/_next/static/chunks/node_modules_next_dist_1e8vcs8._.js:776
[   72992ms] [LOG] [Fast Refresh] done in 819ms @ http://localhost:3000/_next/static/chunks/node_modules_next_dist_1e8vcs8._.js:776
[   73055ms] [LOG] [Fast Refresh] done in 819ms @ http://localhost:3000/_next/static/chunks/node_modules_next_dist_1e8vcs8._.js:776
[   73117ms] [LOG] [Fast Refresh] done in 819ms @ http://localhost:3000/_next/static/chunks/node_modules_next_dist_1e8vcs8._.js:776
[   73180ms] [LOG] [Fast Refresh] done in 819ms @ http://localhost:3000/_next/static/chunks/node_modules_next_dist_1e8vcs8._.js:776
[   73240ms] [LOG] [Fast Refresh] done in 819ms @ http://localhost:3000/_next/static/chunks/node_modules_next_dist_1e8vcs8._.js:776
[   73302ms] [LOG] [Fast Refresh] done in 819ms @ http://localhost:3000/_next/static/chunks/node_modules_next_dist_1e8vcs8._.js:776
[   73365ms] [LOG] [Fast Refresh] done in 819ms @ http://localhost:3000/_next/static/chunks/node_modules_next_dist_1e8vcs8._.js:776
[   73427ms] [LOG] [Fast Refresh] done in 819ms @ http://localhost:3000/_next/static/chunks/node_modules_next_dist_1e8vcs8._.js:776
[   73489ms] [LOG] [Fast Refresh] done in 819ms @ http://localhost:3000/_next/static/chunks/node_modules_next_dist_1e8vcs8._.js:776
[   73552ms] [LOG] [Fast Refresh] done in 819ms @ http://localhost:3000/_next/static/chunks/node_modules_next_dist_1e8vcs8._.js:776
[   73612ms] [LOG] [Fast Refresh] done in 819ms @ http://localhost:3000/_next/static/chunks/node_modules_next_dist_1e8vcs8._.js:776
[   73675ms] [LOG] [Fast Refresh] done in 819ms @ http://localhost:3000/_next/static/chunks/node_modules_next_dist_1e8vcs8._.js:776
[   73739ms] [LOG] [Fast Refresh] done in 819ms @ http://localhost:3000/_next/static/chunks/node_modules_next_dist_1e8vcs8._.js:776
[   73801ms] [LOG] [Fast Refresh] done in 819ms @ http://localhost:3000/_next/static/chunks/node_modules_next_dist_1e8vcs8._.js:776
[   73861ms] [LOG] [Fast Refresh] done in 819ms @ http://localhost:3000/_next/static/chunks/node_modules_next_dist_1e8vcs8._.js:776
[   73924ms] [LOG] [Fast Refresh] done in 819ms @ http://localhost:3000/_next/static/chunks/node_modules_next_dist_1e8vcs8._.js:776
[   73985ms] [LOG] [Fast Refresh] done in 819ms @ http://localhost:3000/_next/static/chunks/node_modules_next_dist_1e8vcs8._.js:776
[   74052ms] [LOG] [Fast Refresh] done in 819ms @ http://localhost:3000/_next/static/chunks/node_modules_next_dist_1e8vcs8._.js:776
[   74112ms] [LOG] [Fast Refresh] done in 819ms @ http://localhost:3000/_next/static/chunks/node_modules_next_dist_1e8vcs8._.js:776
[   74174ms] [LOG] [Fast Refresh] done in 819ms @ http://localhost:3000/_next/static/chunks/node_modules_next_dist_1e8vcs8._.js:776
[   74236ms] [LOG] [Fast Refresh] done in 819ms @ http://localhost:3000/_next/static/chunks/node_modules_next_dist_1e8vcs8._.js:776
[   74300ms] [LOG] [Fast Refresh] done in 819ms @ http://localhost:3000/_next/static/chunks/node_modules_next_dist_1e8vcs8._.js:776
[   74362ms] [LOG] [Fast Refresh] done in 819ms @ http://localhost:3000/_next/static/chunks/node_modules_next_dist_1e8vcs8._.js:776
[   74425ms] [LOG] [Fast Refresh] done in 819ms @ http://localhost:3000/_next/static/chunks/node_modules_next_dist_1e8vcs8._.js:776
[   74487ms] [LOG] [Fast Refresh] done in 819ms @ http://localhost:3000/_next/static/chunks/node_modules_next_dist_1e8vcs8._.js:776
[   74551ms] [LOG] [Fast Refresh] done in 819ms @ http://localhost:3000/_next/static/chunks/node_modules_next_dist_1e8vcs8._.js:776
[   74614ms] [LOG] [Fast Refresh] done in 819ms @ http://localhost:3000/_next/static/chunks/node_modules_next_dist_1e8vcs8._.js:776
[   74685ms] [LOG] [Fast Refresh] done in 819ms @ http://localhost:3000/_next/static/chunks/node_modules_next_dist_1e8vcs8._.js:776
[   74740ms] [LOG] [Fast Refresh] done in 819ms @ http://localhost:3000/_next/static/chunks/node_modules_next_dist_1e8vcs8._.js:776
[   74801ms] [LOG] [Fast Refresh] done in 819ms @ http://localhost:3000/_next/static/chunks/node_modules_next_dist_1e8vcs8._.js:776
[   74864ms] [LOG] [Fast Refresh] done in 819ms @ http://localhost:3000/_next/static/chunks/node_modules_next_dist_1e8vcs8._.js:776
[   74924ms] [LOG] [Fast Refresh] done in 819ms @ http://localhost:3000/_next/static/chunks/node_modules_next_dist_1e8vcs8._.js:776
[   74985ms] [LOG] [Fast Refresh] done in 819ms @ http://localhost:3000/_next/static/chunks/node_modules_next_dist_1e8vcs8._.js:776
[   75049ms] [LOG] [Fast Refresh] done in 819ms @ http://localhost:3000/_next/static/chunks/node_modules_next_dist_1e8vcs8._.js:776
[   75111ms] [LOG] [Fast Refresh] done in 819ms @ http://localhost:3000/_next/static/chunks/node_modules_next_dist_1e8vcs8._.js:776
[   75174ms] [LOG] [Fast Refresh] done in 819ms @ http://localhost:3000/_next/static/chunks/node_modules_next_dist_1e8vcs8._.js:776
[   75236ms] [LOG] [Fast Refresh] done in 819ms @ http://localhost:3000/_next/static/chunks/node_modules_next_dist_1e8vcs8._.js:776
[   75298ms] [LOG] [Fast Refresh] done in 819ms @ http://localhost:3000/_next/static/chunks/node_modules_next_dist_1e8vcs8._.js:776
[   75360ms] [LOG] [Fast Refresh] done in 819ms @ http://localhost:3000/_next/static/chunks/node_modules_next_dist_1e8vcs8._.js:776
[   75423ms] [LOG] [Fast Refresh] done in 819ms @ http://localhost:3000/_next/static/chunks/node_modules_next_dist_1e8vcs8._.js:776
[   75485ms] [LOG] [Fast Refresh] done in 819ms @ http://localhost:3000/_next/static/chunks/node_modules_next_dist_1e8vcs8._.js:776
[   75548ms] [LOG] [Fast Refresh] done in 819ms @ http://localhost:3000/_next/static/chunks/node_modules_next_dist_1e8vcs8._.js:776
[   75612ms] [LOG] [Fast Refresh] done in 819ms @ http://localhost:3000/_next/static/chunks/node_modules_next_dist_1e8vcs8._.js:776
[   75674ms] [LOG] [Fast Refresh] done in 819ms @ http://localhost:3000/_next/static/chunks/node_modules_next_dist_1e8vcs8._.js:776
[   75738ms] [LOG] [Fast Refresh] done in 819ms @ http://localhost:3000/_next/static/chunks/node_modules_next_dist_1e8vcs8._.js:776
[   75799ms] [LOG] [Fast Refresh] done in 819ms @ http://localhost:3000/_next/static/chunks/node_modules_next_dist_1e8vcs8._.js:776
[   75861ms] [LOG] [Fast Refresh] done in 819ms @ http://localhost:3000/_next/static/chunks/node_modules_next_dist_1e8vcs8._.js:776
[   75924ms] [LOG] [Fast Refresh] done in 819ms @ http://localhost:3000/_next/static/chunks/node_modules_next_dist_1e8vcs8._.js:776
[   75985ms] [LOG] [Fast Refresh] done in 819ms @ http://localhost:3000/_next/static/chunks/node_modules_next_dist_1e8vcs8._.js:776
[   76047ms] [LOG] [Fast Refresh] done in 819ms @ http://localhost:3000/_next/static/chunks/node_modules_next_dist_1e8vcs8._.js:776
[   76109ms] [LOG] [Fast Refresh] done in 819ms @ http://localhost:3000/_next/static/chunks/node_modules_next_dist_1e8vcs8._.js:776
[   76170ms] [LOG] [Fast Refresh] done in 819ms @ http://localhost:3000/_next/static/chunks/node_modules_next_dist_1e8vcs8._.js:776
[   76232ms] [LOG] [Fast Refresh] done in 819ms @ http://localhost:3000/_next/static/chunks/node_modules_next_dist_1e8vcs8._.js:776
[   76295ms] [LOG] [Fast Refresh] done in 819ms @ http://localhost:3000/_next/static/chunks/node_modules_next_dist_1e8vcs8._.js:776
[   76357ms] [LOG] [Fast Refresh] done in 819ms @ http://localhost:3000/_next/static/chunks/node_modules_next_dist_1e8vcs8._.js:776
[   76421ms] [LOG] [Fast Refresh] done in 819ms @ http://localhost:3000/_next/static/chunks/node_modules_next_dist_1e8vcs8._.js:776
[   76484ms] [LOG] [Fast Refresh] done in 819ms @ http://localhost:3000/_next/static/chunks/node_modules_next_dist_1e8vcs8._.js:776
[   76545ms] [LOG] [Fast Refresh] done in 819ms @ http://localhost:3000/_next/static/chunks/node_modules_next_dist_1e8vcs8._.js:776
[   76606ms] [LOG] [Fast Refresh] done in 819ms @ http://localhost:3000/_next/static/chunks/node_modules_next_dist_1e8vcs8._.js:776
[   76669ms] [LOG] [Fast Refresh] done in 819ms @ http://localhost:3000/_next/static/chunks/node_modules_next_dist_1e8vcs8._.js:776
[   76730ms] [LOG] [Fast Refresh] done in 819ms @ http://localhost:3000/_next/static/chunks/node_modules_next_dist_1e8vcs8._.js:776
[   76780ms] [LOG] [Fast Refresh] done in 819ms @ http://localhost:3000/_next/static/chunks/node_modules_next_dist_1e8vcs8._.js:776
[   76840ms] [LOG] [Fast Refresh] done in 819ms @ http://localhost:3000/_next/static/chunks/node_modules_next_dist_1e8vcs8._.js:776
[   76903ms] [LOG] [Fast Refresh] done in 819ms @ http://localhost:3000/_next/static/chunks/node_modules_next_dist_1e8vcs8._.js:776
[   76965ms] [LOG] [Fast Refresh] done in 819ms @ http://localhost:3000/_next/static/chunks/node_modules_next_dist_1e8vcs8._.js:776
[   77027ms] [LOG] [Fast Refresh] done in 819ms @ http://localhost:3000/_next/static/chunks/node_modules_next_dist_1e8vcs8._.js:776
[   77090ms] [LOG] [Fast Refresh] done in 819ms @ http://localhost:3000/_next/static/chunks/node_modules_next_dist_1e8vcs8._.js:776
[   77152ms] [LOG] [Fast Refresh] done in 819ms @ http://localhost:3000/_next/static/chunks/node_modules_next_dist_1e8vcs8._.js:776
[   77214ms] [LOG] [Fast Refresh] done in 819ms @ http://localhost:3000/_next/static/chunks/node_modules_next_dist_1e8vcs8._.js:776
[   77276ms] [LOG] [Fast Refresh] done in 819ms @ http://localhost:3000/_next/static/chunks/node_modules_next_dist_1e8vcs8._.js:776
[   77338ms] [LOG] [Fast Refresh] done in 819ms @ http://localhost:3000/_next/static/chunks/node_modules_next_dist_1e8vcs8._.js:776
[   77402ms] [LOG] [Fast Refresh] done in 819ms @ http://localhost:3000/_next/static/chunks/node_modules_next_dist_1e8vcs8._.js:776
[   77465ms] [LOG] [Fast Refresh] done in 819ms @ http://localhost:3000/_next/static/chunks/node_modules_next_dist_1e8vcs8._.js:776
[   77527ms] [LOG] [Fast Refresh] done in 819ms @ http://localhost:3000/_next/static/chunks/node_modules_next_dist_1e8vcs8._.js:776
[   77591ms] [LOG] [Fast Refresh] done in 819ms @ http://localhost:3000/_next/static/chunks/node_modules_next_dist_1e8vcs8._.js:776
[   77653ms] [LOG] [Fast Refresh] done in 819ms @ http://localhost:3000/_next/static/chunks/node_modules_next_dist_1e8vcs8._.js:776
[   77716ms] [LOG] [Fast Refresh] done in 819ms @ http://localhost:3000/_next/static/chunks/node_modules_next_dist_1e8vcs8._.js:776
[   77779ms] [LOG] [Fast Refresh] done in 819ms @ http://localhost:3000/_next/static/chunks/node_modules_next_dist_1e8vcs8._.js:776
[   77841ms] [LOG] [Fast Refresh] done in 819ms @ http://localhost:3000/_next/static/chunks/node_modules_next_dist_1e8vcs8._.js:776
[   77903ms] [LOG] [Fast Refresh] done in 819ms @ http://localhost:3000/_next/static/chunks/node_modules_next_dist_1e8vcs8._.js:776
[   77965ms] [LOG] [Fast Refresh] done in 819ms @ http://localhost:3000/_next/static/chunks/node_modules_next_dist_1e8vcs8._.js:776
[   78028ms] [LOG] [Fast Refresh] done in 819ms @ http://localhost:3000/_next/static/chunks/node_modules_next_dist_1e8vcs8._.js:776
[   78091ms] [LOG] [Fast Refresh] done in 819ms @ http://localhost:3000/_next/static/chunks/node_modules_next_dist_1e8vcs8._.js:776
[   78153ms] [LOG] [Fast Refresh] done in 819ms @ http://localhost:3000/_next/static/chunks/node_modules_next_dist_1e8vcs8._.js:776
[   78215ms] [LOG] [Fast Refresh] done in 819ms @ http://localhost:3000/_next/static/chunks/node_modules_next_dist_1e8vcs8._.js:776
[   78277ms] [LOG] [Fast Refresh] done in 819ms @ http://localhost:3000/_next/static/chunks/node_modules_next_dist_1e8vcs8._.js:776
[   78339ms] [LOG] [Fast Refresh] done in 819ms @ http://localhost:3000/_next/static/chunks/node_modules_next_dist_1e8vcs8._.js:776
[   78401ms] [LOG] [Fast Refresh] done in 819ms @ http://localhost:3000/_next/static/chunks/node_modules_next_dist_1e8vcs8._.js:776
[   78463ms] [LOG] [Fast Refresh] done in 819ms @ http://localhost:3000/_next/static/chunks/node_modules_next_dist_1e8vcs8._.js:776
[   78526ms] [LOG] [Fast Refresh] done in 819ms @ http://localhost:3000/_next/static/chunks/node_modules_next_dist_1e8vcs8._.js:776
[   78589ms] [LOG] [Fast Refresh] done in 819ms @ http://localhost:3000/_next/static/chunks/node_modules_next_dist_1e8vcs8._.js:776
[   78651ms] [LOG] [Fast Refresh] done in 819ms @ http://localhost:3000/_next/static/chunks/node_modules_next_dist_1e8vcs8._.js:776
[   78713ms] [LOG] [Fast Refresh] done in 819ms @ http://localhost:3000/_next/static/chunks/node_modules_next_dist_1e8vcs8._.js:776
[   78774ms] [LOG] [Fast Refresh] done in 819ms @ http://localhost:3000/_next/static/chunks/node_modules_next_dist_1e8vcs8._.js:776
[   78836ms] [LOG] [Fast Refresh] done in 819ms @ http://localhost:3000/_next/static/chunks/node_modules_next_dist_1e8vcs8._.js:776
[   78898ms] [LOG] [Fast Refresh] done in 819ms @ http://localhost:3000/_next/static/chunks/node_modules_next_dist_1e8vcs8._.js:776
[   78960ms] [LOG] [Fast Refresh] done in 819ms @ http://localhost:3000/_next/static/chunks/node_modules_next_dist_1e8vcs8._.js:776
[   79022ms] [LOG] [Fast Refresh] done in 819ms @ http://localhost:3000/_next/static/chunks/node_modules_next_dist_1e8vcs8._.js:776
[   79084ms] [LOG] [Fast Refresh] done in 819ms @ http://localhost:3000/_next/static/chunks/node_modules_next_dist_1e8vcs8._.js:776
[   79147ms] [LOG] [Fast Refresh] done in 819ms @ http://localhost:3000/_next/static/chunks/node_modules_next_dist_1e8vcs8._.js:776
[   79208ms] [LOG] [Fast Refresh] done in 819ms @ http://localhost:3000/_next/static/chunks/node_modules_next_dist_1e8vcs8._.js:776
[   79272ms] [LOG] [Fast Refresh] done in 819ms @ http://localhost:3000/_next/static/chunks/node_modules_next_dist_1e8vcs8._.js:776
[   79334ms] [LOG] [Fast Refresh] done in 819ms @ http://localhost:3000/_next/static/chunks/node_modules_next_dist_1e8vcs8._.js:776
[   79382ms] [LOG] [Fast Refresh] done in 819ms @ http://localhost:3000/_next/static/chunks/node_modules_next_dist_1e8vcs8._.js:776
[   79444ms] [LOG] [Fast Refresh] done in 819ms @ http://localhost:3000/_next/static/chunks/node_modules_next_dist_1e8vcs8._.js:776
[   79506ms] [LOG] [Fast Refresh] done in 819ms @ http://localhost:3000/_next/static/chunks/node_modules_next_dist_1e8vcs8._.js:776
[   79569ms] [LOG] [Fast Refresh] done in 819ms @ http://localhost:3000/_next/static/chunks/node_modules_next_dist_1e8vcs8._.js:776
[   79634ms] [LOG] [Fast Refresh] done in 819ms @ http://localhost:3000/_next/static/chunks/node_modules_next_dist_1e8vcs8._.js:776
[   79697ms] [LOG] [Fast Refresh] done in 819ms @ http://localhost:3000/_next/static/chunks/node_modules_next_dist_1e8vcs8._.js:776
[   79757ms] [LOG] [Fast Refresh] done in 819ms @ http://localhost:3000/_next/static/chunks/node_modules_next_dist_1e8vcs8._.js:776
[   79821ms] [LOG] [Fast Refresh] done in 819ms @ http://localhost:3000/_next/static/chunks/node_modules_next_dist_1e8vcs8._.js:776
[   79882ms] [LOG] [Fast Refresh] done in 819ms @ http://localhost:3000/_next/static/chunks/node_modules_next_dist_1e8vcs8._.js:776
[   79944ms] [LOG] [Fast Refresh] done in 819ms @ http://localhost:3000/_next/static/chunks/node_modules_next_dist_1e8vcs8._.js:776
[   80007ms] [LOG] [Fast Refresh] done in 819ms @ http://localhost:3000/_next/static/chunks/node_modules_next_dist_1e8vcs8._.js:776
[   80070ms] [LOG] [Fast Refresh] done in 819ms @ http://localhost:3000/_next/static/chunks/node_modules_next_dist_1e8vcs8._.js:776
[   80132ms] [LOG] [Fast Refresh] done in 819ms @ http://localhost:3000/_next/static/chunks/node_modules_next_dist_1e8vcs8._.js:776
[   80195ms] [LOG] [Fast Refresh] done in 819ms @ http://localhost:3000/_next/static/chunks/node_modules_next_dist_1e8vcs8._.js:776
[   80255ms] [LOG] [Fast Refresh] done in 819ms @ http://localhost:3000/_next/static/chunks/node_modules_next_dist_1e8vcs8._.js:776
[   80317ms] [LOG] [Fast Refresh] done in 819ms @ http://localhost:3000/_next/static/chunks/node_modules_next_dist_1e8vcs8._.js:776
[   80380ms] [LOG] [Fast Refresh] done in 819ms @ http://localhost:3000/_next/static/chunks/node_modules_next_dist_1e8vcs8._.js:776
[   80445ms] [LOG] [Fast Refresh] done in 819ms @ http://localhost:3000/_next/static/chunks/node_modules_next_dist_1e8vcs8._.js:776
[   80492ms] [LOG] [Fast Refresh] done in 819ms @ http://localhost:3000/_next/static/chunks/node_modules_next_dist_1e8vcs8._.js:776
[   80552ms] [LOG] [Fast Refresh] done in 819ms @ http://localhost:3000/_next/static/chunks/node_modules_next_dist_1e8vcs8._.js:776
[   80599ms] [LOG] [Fast Refresh] done in 819ms @ http://localhost:3000/_next/static/chunks/node_modules_next_dist_1e8vcs8._.js:776
[   80664ms] [LOG] [Fast Refresh] done in 819ms @ http://localhost:3000/_next/static/chunks/node_modules_next_dist_1e8vcs8._.js:776
[   80726ms] [LOG] [Fast Refresh] done in 819ms @ http://localhost:3000/_next/static/chunks/node_modules_next_dist_1e8vcs8._.js:776
[   80788ms] [LOG] [Fast Refresh] done in 819ms @ http://localhost:3000/_next/static/chunks/node_modules_next_dist_1e8vcs8._.js:776
[   80850ms] [LOG] [Fast Refresh] done in 819ms @ http://localhost:3000/_next/static/chunks/node_modules_next_dist_1e8vcs8._.js:776
[   80913ms] [LOG] [Fast Refresh] done in 819ms @ http://localhost:3000/_next/static/chunks/node_modules_next_dist_1e8vcs8._.js:776
[   80977ms] [LOG] [Fast Refresh] done in 819ms @ http://localhost:3000/_next/static/chunks/node_modules_next_dist_1e8vcs8._.js:776
[   81038ms] [LOG] [Fast Refresh] done in 819ms @ http://localhost:3000/_next/static/chunks/node_modules_next_dist_1e8vcs8._.js:776
[   81100ms] [LOG] [Fast Refresh] done in 819ms @ http://localhost:3000/_next/static/chunks/node_modules_next_dist_1e8vcs8._.js:776
[   81162ms] [LOG] [Fast Refresh] done in 819ms @ http://localhost:3000/_next/static/chunks/node_modules_next_dist_1e8vcs8._.js:776
[   81224ms] [LOG] [Fast Refresh] done in 819ms @ http://localhost:3000/_next/static/chunks/node_modules_next_dist_1e8vcs8._.js:776
[   81286ms] [LOG] [Fast Refresh] done in 819ms @ http://localhost:3000/_next/static/chunks/node_modules_next_dist_1e8vcs8._.js:776
[   81348ms] [LOG] [Fast Refresh] done in 819ms @ http://localhost:3000/_next/static/chunks/node_modules_next_dist_1e8vcs8._.js:776
[   81412ms] [LOG] [Fast Refresh] done in 819ms @ http://localhost:3000/_next/static/chunks/node_modules_next_dist_1e8vcs8._.js:776
[   81472ms] [LOG] [Fast Refresh] done in 819ms @ http://localhost:3000/_next/static/chunks/node_modules_next_dist_1e8vcs8._.js:776
[   81535ms] [LOG] [Fast Refresh] done in 819ms @ http://localhost:3000/_next/static/chunks/node_modules_next_dist_1e8vcs8._.js:776
[   81598ms] [LOG] [Fast Refresh] done in 819ms @ http://localhost:3000/_next/static/chunks/node_modules_next_dist_1e8vcs8._.js:776
[   81660ms] [LOG] [Fast Refresh] done in 819ms @ http://localhost:3000/_next/static/chunks/node_modules_next_dist_1e8vcs8._.js:776
[   81723ms] [LOG] [Fast Refresh] done in 819ms @ http://localhost:3000/_next/static/chunks/node_modules_next_dist_1e8vcs8._.js:776
[   81786ms] [LOG] [Fast Refresh] done in 819ms @ http://localhost:3000/_next/static/chunks/node_modules_next_dist_1e8vcs8._.js:776
[   81848ms] [LOG] [Fast Refresh] done in 819ms @ http://localhost:3000/_next/static/chunks/node_modules_next_dist_1e8vcs8._.js:776
[   81911ms] [LOG] [Fast Refresh] done in 819ms @ http://localhost:3000/_next/static/chunks/node_modules_next_dist_1e8vcs8._.js:776
[   81974ms] [LOG] [Fast Refresh] done in 819ms @ http://localhost:3000/_next/static/chunks/node_modules_next_dist_1e8vcs8._.js:776
[   82037ms] [LOG] [Fast Refresh] done in 819ms @ http://localhost:3000/_next/static/chunks/node_modules_next_dist_1e8vcs8._.js:776
[   82098ms] [LOG] [Fast Refresh] done in 819ms @ http://localhost:3000/_next/static/chunks/node_modules_next_dist_1e8vcs8._.js:776
[   82160ms] [LOG] [Fast Refresh] done in 819ms @ http://localhost:3000/_next/static/chunks/node_modules_next_dist_1e8vcs8._.js:776
[   82224ms] [LOG] [Fast Refresh] done in 819ms @ http://localhost:3000/_next/static/chunks/node_modules_next_dist_1e8vcs8._.js:776
[   82296ms] [LOG] [Fast Refresh] done in 819ms @ http://localhost:3000/_next/static/chunks/node_modules_next_dist_1e8vcs8._.js:776
[   82364ms] [LOG] [Fast Refresh] done in 819ms @ http://localhost:3000/_next/static/chunks/node_modules_next_dist_1e8vcs8._.js:776
[   82425ms] [LOG] [Fast Refresh] done in 819ms @ http://localhost:3000/_next/static/chunks/node_modules_next_dist_1e8vcs8._.js:776
[   82486ms] [LOG] [Fast Refresh] done in 819ms @ http://localhost:3000/_next/static/chunks/node_modules_next_dist_1e8vcs8._.js:776
[   82549ms] [LOG] [Fast Refresh] done in 819ms @ http://localhost:3000/_next/static/chunks/node_modules_next_dist_1e8vcs8._.js:776
[   82612ms] [LOG] [Fast Refresh] done in 819ms @ http://localhost:3000/_next/static/chunks/node_modules_next_dist_1e8vcs8._.js:776
[   82673ms] [LOG] [Fast Refresh] done in 819ms @ http://localhost:3000/_next/static/chunks/node_modules_next_dist_1e8vcs8._.js:776
[   82738ms] [LOG] [Fast Refresh] done in 819ms @ http://localhost:3000/_next/static/chunks/node_modules_next_dist_1e8vcs8._.js:776
[   82798ms] [LOG] [Fast Refresh] done in 819ms @ http://localhost:3000/_next/static/chunks/node_modules_next_dist_1e8vcs8._.js:776
[   82862ms] [LOG] [Fast Refresh] done in 819ms @ http://localhost:3000/_next/static/chunks/node_modules_next_dist_1e8vcs8._.js:776
[   82922ms] [LOG] [Fast Refresh] done in 819ms @ http://localhost:3000/_next/static/chunks/node_modules_next_dist_1e8vcs8._.js:776
[   82985ms] [LOG] [Fast Refresh] done in 819ms @ http://localhost:3000/_next/static/chunks/node_modules_next_dist_1e8vcs8._.js:776
[   83048ms] [LOG] [Fast Refresh] done in 819ms @ http://localhost:3000/_next/static/chunks/node_modules_next_dist_1e8vcs8._.js:776
[   83127ms] [LOG] [Fast Refresh] done in 819ms @ http://localhost:3000/_next/static/chunks/node_modules_next_dist_1e8vcs8._.js:776
[   83191ms] [LOG] [Fast Refresh] done in 819ms @ http://localhost:3000/_next/static/chunks/node_modules_next_dist_1e8vcs8._.js:776
[   83254ms] [LOG] [Fast Refresh] done in 819ms @ http://localhost:3000/_next/static/chunks/node_modules_next_dist_1e8vcs8._.js:776
[   83334ms] [LOG] [Fast Refresh] done in 819ms @ http://localhost:3000/_next/static/chunks/node_modules_next_dist_1e8vcs8._.js:776
[   83395ms] [LOG] [Fast Refresh] done in 819ms @ http://localhost:3000/_next/static/chunks/node_modules_next_dist_1e8vcs8._.js:776
[   83458ms] [LOG] [Fast Refresh] done in 819ms @ http://localhost:3000/_next/static/chunks/node_modules_next_dist_1e8vcs8._.js:776
[   83513ms] [LOG] [Fast Refresh] done in 819ms @ http://localhost:3000/_next/static/chunks/node_modules_next_dist_1e8vcs8._.js:776
[   83569ms] [LOG] [Fast Refresh] done in 819ms @ http://localhost:3000/_next/static/chunks/node_modules_next_dist_1e8vcs8._.js:776
[   83634ms] [LOG] [Fast Refresh] done in 819ms @ http://localhost:3000/_next/static/chunks/node_modules_next_dist_1e8vcs8._.js:776
[   83694ms] [LOG] [Fast Refresh] done in 819ms @ http://localhost:3000/_next/static/chunks/node_modules_next_dist_1e8vcs8._.js:776
[   83757ms] [LOG] [Fast Refresh] done in 819ms @ http://localhost:3000/_next/static/chunks/node_modules_next_dist_1e8vcs8._.js:776
[   83822ms] [LOG] [Fast Refresh] done in 819ms @ http://localhost:3000/_next/static/chunks/node_modules_next_dist_1e8vcs8._.js:776
[   83868ms] [LOG] [Fast Refresh] done in 819ms @ http://localhost:3000/_next/static/chunks/node_modules_next_dist_1e8vcs8._.js:776
[   83925ms] [LOG] [Fast Refresh] done in 819ms @ http://localhost:3000/_next/static/chunks/node_modules_next_dist_1e8vcs8._.js:776
[   83978ms] [LOG] [Fast Refresh] done in 819ms @ http://localhost:3000/_next/static/chunks/node_modules_next_dist_1e8vcs8._.js:776
[   84044ms] [LOG] [Fast Refresh] done in 819ms @ http://localhost:3000/_next/static/chunks/node_modules_next_dist_1e8vcs8._.js:776
[   84105ms] [LOG] [Fast Refresh] done in 819ms @ http://localhost:3000/_next/static/chunks/node_modules_next_dist_1e8vcs8._.js:776
[   84170ms] [LOG] [Fast Refresh] done in 819ms @ http://localhost:3000/_next/static/chunks/node_modules_next_dist_1e8vcs8._.js:776
[   84230ms] [LOG] [Fast Refresh] done in 819ms @ http://localhost:3000/_next/static/chunks/node_modules_next_dist_1e8vcs8._.js:776
[   84296ms] [LOG] [Fast Refresh] done in 819ms @ http://localhost:3000/_next/static/chunks/node_modules_next_dist_1e8vcs8._.js:776
[   84355ms] [LOG] [Fast Refresh] done in 819ms @ http://localhost:3000/_next/static/chunks/node_modules_next_dist_1e8vcs8._.js:776
[   84418ms] [LOG] [Fast Refresh] done in 819ms @ http://localhost:3000/_next/static/chunks/node_modules_next_dist_1e8vcs8._.js:776
[   84480ms] [LOG] [Fast Refresh] done in 819ms @ http://localhost:3000/_next/static/chunks/node_modules_next_dist_1e8vcs8._.js:776
[   84541ms] [LOG] [Fast Refresh] done in 819ms @ http://localhost:3000/_next/static/chunks/node_modules_next_dist_1e8vcs8._.js:776
[   84611ms] [LOG] [Fast Refresh] done in 819ms @ http://localhost:3000/_next/static/chunks/node_modules_next_dist_1e8vcs8._.js:776
[   84665ms] [LOG] [Fast Refresh] done in 819ms @ http://localhost:3000/_next/static/chunks/node_modules_next_dist_1e8vcs8._.js:776
[   84727ms] [LOG] [Fast Refresh] done in 819ms @ http://localhost:3000/_next/static/chunks/node_modules_next_dist_1e8vcs8._.js:776
[   84790ms] [LOG] [Fast Refresh] done in 819ms @ http://localhost:3000/_next/static/chunks/node_modules_next_dist_1e8vcs8._.js:776
[   84853ms] [LOG] [Fast Refresh] done in 819ms @ http://localhost:3000/_next/static/chunks/node_modules_next_dist_1e8vcs8._.js:776
[   84915ms] [LOG] [Fast Refresh] done in 819ms @ http://localhost:3000/_next/static/chunks/node_modules_next_dist_1e8vcs8._.js:776
[   84977ms] [LOG] [Fast Refresh] done in 819ms @ http://localhost:3000/_next/static/chunks/node_modules_next_dist_1e8vcs8._.js:776
[   85039ms] [LOG] [Fast Refresh] done in 819ms @ http://localhost:3000/_next/static/chunks/node_modules_next_dist_1e8vcs8._.js:776
[   85099ms] [LOG] [Fast Refresh] done in 819ms @ http://localhost:3000/_next/static/chunks/node_modules_next_dist_1e8vcs8._.js:776
[   85162ms] [LOG] [Fast Refresh] done in 819ms @ http://localhost:3000/_next/static/chunks/node_modules_next_dist_1e8vcs8._.js:776
[   85226ms] [LOG] [Fast Refresh] done in 819ms @ http://localhost:3000/_next/static/chunks/node_modules_next_dist_1e8vcs8._.js:776
[   85289ms] [LOG] [Fast Refresh] done in 819ms @ http://localhost:3000/_next/static/chunks/node_modules_next_dist_1e8vcs8._.js:776
[   85350ms] [LOG] [Fast Refresh] done in 819ms @ http://localhost:3000/_next/static/chunks/node_modules_next_dist_1e8vcs8._.js:776
[   85413ms] [LOG] [Fast Refresh] done in 819ms @ http://localhost:3000/_next/static/chunks/node_modules_next_dist_1e8vcs8._.js:776
[   85475ms] [LOG] [Fast Refresh] done in 819ms @ http://localhost:3000/_next/static/chunks/node_modules_next_dist_1e8vcs8._.js:776
[   85538ms] [LOG] [Fast Refresh] done in 819ms @ http://localhost:3000/_next/static/chunks/node_modules_next_dist_1e8vcs8._.js:776
[   85600ms] [LOG] [Fast Refresh] done in 819ms @ http://localhost:3000/_next/static/chunks/node_modules_next_dist_1e8vcs8._.js:776
[   85663ms] [LOG] [Fast Refresh] done in 819ms @ http://localhost:3000/_next/static/chunks/node_modules_next_dist_1e8vcs8._.js:776
[   85724ms] [LOG] [Fast Refresh] done in 819ms @ http://localhost:3000/_next/static/chunks/node_modules_next_dist_1e8vcs8._.js:776
[   85785ms] [LOG] [Fast Refresh] done in 819ms @ http://localhost:3000/_next/static/chunks/node_modules_next_dist_1e8vcs8._.js:776
[   85846ms] [LOG] [Fast Refresh] done in 819ms @ http://localhost:3000/_next/static/chunks/node_modules_next_dist_1e8vcs8._.js:776
[   85908ms] [LOG] [Fast Refresh] done in 819ms @ http://localhost:3000/_next/static/chunks/node_modules_next_dist_1e8vcs8._.js:776
[   85970ms] [LOG] [Fast Refresh] done in 819ms @ http://localhost:3000/_next/static/chunks/node_modules_next_dist_1e8vcs8._.js:776
[   86032ms] [LOG] [Fast Refresh] done in 819ms @ http://localhost:3000/_next/static/chunks/node_modules_next_dist_1e8vcs8._.js:776
[   86094ms] [LOG] [Fast Refresh] done in 819ms @ http://localhost:3000/_next/static/chunks/node_modules_next_dist_1e8vcs8._.js:776
[   86158ms] [LOG] [Fast Refresh] done in 819ms @ http://localhost:3000/_next/static/chunks/node_modules_next_dist_1e8vcs8._.js:776
[   86219ms] [LOG] [Fast Refresh] done in 819ms @ http://localhost:3000/_next/static/chunks/node_modules_next_dist_1e8vcs8._.js:776
[   86281ms] [LOG] [Fast Refresh] done in 819ms @ http://localhost:3000/_next/static/chunks/node_modules_next_dist_1e8vcs8._.js:776
[   86346ms] [LOG] [Fast Refresh] done in 819ms @ http://localhost:3000/_next/static/chunks/node_modules_next_dist_1e8vcs8._.js:776
[   86404ms] [LOG] [Fast Refresh] done in 819ms @ http://localhost:3000/_next/static/chunks/node_modules_next_dist_1e8vcs8._.js:776
[   86469ms] [LOG] [Fast Refresh] done in 819ms @ http://localhost:3000/_next/static/chunks/node_modules_next_dist_1e8vcs8._.js:776
[   86530ms] [LOG] [Fast Refresh] done in 819ms @ http://localhost:3000/_next/static/chunks/node_modules_next_dist_1e8vcs8._.js:776
[   86593ms] [LOG] [Fast Refresh] done in 819ms @ http://localhost:3000/_next/static/chunks/node_modules_next_dist_1e8vcs8._.js:776
[   86655ms] [LOG] [Fast Refresh] done in 819ms @ http://localhost:3000/_next/static/chunks/node_modules_next_dist_1e8vcs8._.js:776
[   86717ms] [LOG] [Fast Refresh] done in 819ms @ http://localhost:3000/_next/static/chunks/node_modules_next_dist_1e8vcs8._.js:776
[   86779ms] [LOG] [Fast Refresh] done in 819ms @ http://localhost:3000/_next/static/chunks/node_modules_next_dist_1e8vcs8._.js:776
[   86841ms] [LOG] [Fast Refresh] done in 819ms @ http://localhost:3000/_next/static/chunks/node_modules_next_dist_1e8vcs8._.js:776
[   86904ms] [LOG] [Fast Refresh] done in 819ms @ http://localhost:3000/_next/static/chunks/node_modules_next_dist_1e8vcs8._.js:776
[   86964ms] [LOG] [Fast Refresh] done in 819ms @ http://localhost:3000/_next/static/chunks/node_modules_next_dist_1e8vcs8._.js:776
[   87027ms] [LOG] [Fast Refresh] done in 819ms @ http://localhost:3000/_next/static/chunks/node_modules_next_dist_1e8vcs8._.js:776
[   87088ms] [LOG] [Fast Refresh] done in 819ms @ http://localhost:3000/_next/static/chunks/node_modules_next_dist_1e8vcs8._.js:776
[   87151ms] [LOG] [Fast Refresh] done in 819ms @ http://localhost:3000/_next/static/chunks/node_modules_next_dist_1e8vcs8._.js:776
[   87213ms] [LOG] [Fast Refresh] done in 819ms @ http://localhost:3000/_next/static/chunks/node_modules_next_dist_1e8vcs8._.js:776
[   87274ms] [LOG] [Fast Refresh] done in 819ms @ http://localhost:3000/_next/static/chunks/node_modules_next_dist_1e8vcs8._.js:776
[   87337ms] [LOG] [Fast Refresh] done in 819ms @ http://localhost:3000/_next/static/chunks/node_modules_next_dist_1e8vcs8._.js:776
[   87401ms] [LOG] [Fast Refresh] done in 819ms @ http://localhost:3000/_next/static/chunks/node_modules_next_dist_1e8vcs8._.js:776
[   87462ms] [LOG] [Fast Refresh] done in 819ms @ http://localhost:3000/_next/static/chunks/node_modules_next_dist_1e8vcs8._.js:776
[   87526ms] [LOG] [Fast Refresh] done in 819ms @ http://localhost:3000/_next/static/chunks/node_modules_next_dist_1e8vcs8._.js:776
[   87588ms] [LOG] [Fast Refresh] done in 819ms @ http://localhost:3000/_next/static/chunks/node_modules_next_dist_1e8vcs8._.js:776
[   87648ms] [LOG] [Fast Refresh] done in 819ms @ http://localhost:3000/_next/static/chunks/node_modules_next_dist_1e8vcs8._.js:776
[   87709ms] [LOG] [Fast Refresh] done in 819ms @ http://localhost:3000/_next/static/chunks/node_modules_next_dist_1e8vcs8._.js:776
[   87756ms] [LOG] [Fast Refresh] done in 819ms @ http://localhost:3000/_next/static/chunks/node_modules_next_dist_1e8vcs8._.js:776
[   87819ms] [LOG] [Fast Refresh] done in 819ms @ http://localhost:3000/_next/static/chunks/node_modules_next_dist_1e8vcs8._.js:776
[   87883ms] [LOG] [Fast Refresh] done in 819ms @ http://localhost:3000/_next/static/chunks/node_modules_next_dist_1e8vcs8._.js:776
[   87944ms] [LOG] [Fast Refresh] done in 819ms @ http://localhost:3000/_next/static/chunks/node_modules_next_dist_1e8vcs8._.js:776
[   88007ms] [LOG] [Fast Refresh] done in 819ms @ http://localhost:3000/_next/static/chunks/node_modules_next_dist_1e8vcs8._.js:776
[   88068ms] [LOG] [Fast Refresh] done in 819ms @ http://localhost:3000/_next/static/chunks/node_modules_next_dist_1e8vcs8._.js:776
[   88129ms] [LOG] [Fast Refresh] done in 819ms @ http://localhost:3000/_next/static/chunks/node_modules_next_dist_1e8vcs8._.js:776
[   88194ms] [LOG] [Fast Refresh] done in 819ms @ http://localhost:3000/_next/static/chunks/node_modules_next_dist_1e8vcs8._.js:776
[   88255ms] [LOG] [Fast Refresh] done in 819ms @ http://localhost:3000/_next/static/chunks/node_modules_next_dist_1e8vcs8._.js:776
[   88317ms] [LOG] [Fast Refresh] done in 819ms @ http://localhost:3000/_next/static/chunks/node_modules_next_dist_1e8vcs8._.js:776
[   88364ms] [LOG] [Fast Refresh] done in 819ms @ http://localhost:3000/_next/static/chunks/node_modules_next_dist_1e8vcs8._.js:776
[   88428ms] [LOG] [Fast Refresh] done in 819ms @ http://localhost:3000/_next/static/chunks/node_modules_next_dist_1e8vcs8._.js:776
[   88490ms] [LOG] [Fast Refresh] done in 819ms @ http://localhost:3000/_next/static/chunks/node_modules_next_dist_1e8vcs8._.js:776
[   88553ms] [LOG] [Fast Refresh] done in 819ms @ http://localhost:3000/_next/static/chunks/node_modules_next_dist_1e8vcs8._.js:776
[   88616ms] [LOG] [Fast Refresh] done in 819ms @ http://localhost:3000/_next/static/chunks/node_modules_next_dist_1e8vcs8._.js:776
[   88679ms] [LOG] [Fast Refresh] done in 819ms @ http://localhost:3000/_next/static/chunks/node_modules_next_dist_1e8vcs8._.js:776
[   88739ms] [LOG] [Fast Refresh] done in 819ms @ http://localhost:3000/_next/static/chunks/node_modules_next_dist_1e8vcs8._.js:776
[   88801ms] [LOG] [Fast Refresh] done in 819ms @ http://localhost:3000/_next/static/chunks/node_modules_next_dist_1e8vcs8._.js:776
[   88864ms] [LOG] [Fast Refresh] done in 819ms @ http://localhost:3000/_next/static/chunks/node_modules_next_dist_1e8vcs8._.js:776
[   88926ms] [LOG] [Fast Refresh] done in 819ms @ http://localhost:3000/_next/static/chunks/node_modules_next_dist_1e8vcs8._.js:776
[   88989ms] [LOG] [Fast Refresh] done in 819ms @ http://localhost:3000/_next/static/chunks/node_modules_next_dist_1e8vcs8._.js:776
[   89050ms] [LOG] [Fast Refresh] done in 819ms @ http://localhost:3000/_next/static/chunks/node_modules_next_dist_1e8vcs8._.js:776
[   89113ms] [LOG] [Fast Refresh] done in 819ms @ http://localhost:3000/_next/static/chunks/node_modules_next_dist_1e8vcs8._.js:776
[   89173ms] [LOG] [Fast Refresh] done in 819ms @ http://localhost:3000/_next/static/chunks/node_modules_next_dist_1e8vcs8._.js:776
[   89235ms] [LOG] [Fast Refresh] done in 819ms @ http://localhost:3000/_next/static/chunks/node_modules_next_dist_1e8vcs8._.js:776
[   89299ms] [LOG] [Fast Refresh] done in 819ms @ http://localhost:3000/_next/static/chunks/node_modules_next_dist_1e8vcs8._.js:776
[   89360ms] [LOG] [Fast Refresh] done in 819ms @ http://localhost:3000/_next/static/chunks/node_modules_next_dist_1e8vcs8._.js:776
[   89423ms] [LOG] [Fast Refresh] done in 819ms @ http://localhost:3000/_next/static/chunks/node_modules_next_dist_1e8vcs8._.js:776
[   89486ms] [LOG] [Fast Refresh] done in 819ms @ http://localhost:3000/_next/static/chunks/node_modules_next_dist_1e8vcs8._.js:776
[   89548ms] [LOG] [Fast Refresh] done in 819ms @ http://localhost:3000/_next/static/chunks/node_modules_next_dist_1e8vcs8._.js:776
[   89610ms] [LOG] [Fast Refresh] done in 819ms @ http://localhost:3000/_next/static/chunks/node_modules_next_dist_1e8vcs8._.js:776
[   89672ms] [LOG] [Fast Refresh] done in 819ms @ http://localhost:3000/_next/static/chunks/node_modules_next_dist_1e8vcs8._.js:776
[   89734ms] [LOG] [Fast Refresh] done in 819ms @ http://localhost:3000/_next/static/chunks/node_modules_next_dist_1e8vcs8._.js:776
[   89796ms] [LOG] [Fast Refresh] done in 819ms @ http://localhost:3000/_next/static/chunks/node_modules_next_dist_1e8vcs8._.js:776
[   89859ms] [LOG] [Fast Refresh] done in 819ms @ http://localhost:3000/_next/static/chunks/node_modules_next_dist_1e8vcs8._.js:776
[   89919ms] [LOG] [Fast Refresh] done in 819ms @ http://localhost:3000/_next/static/chunks/node_modules_next_dist_1e8vcs8._.js:776
[   89982ms] [LOG] [Fast Refresh] done in 819ms @ http://localhost:3000/_next/static/chunks/node_modules_next_dist_1e8vcs8._.js:776
[   90044ms] [LOG] [Fast Refresh] done in 819ms @ http://localhost:3000/_next/static/chunks/node_modules_next_dist_1e8vcs8._.js:776
[   90107ms] [LOG] [Fast Refresh] done in 819ms @ http://localhost:3000/_next/static/chunks/node_modules_next_dist_1e8vcs8._.js:776
[   90169ms] [LOG] [Fast Refresh] done in 819ms @ http://localhost:3000/_next/static/chunks/node_modules_next_dist_1e8vcs8._.js:776
[   90232ms] [LOG] [Fast Refresh] done in 819ms @ http://localhost:3000/_next/static/chunks/node_modules_next_dist_1e8vcs8._.js:776
[   90295ms] [LOG] [Fast Refresh] done in 819ms @ http://localhost:3000/_next/static/chunks/node_modules_next_dist_1e8vcs8._.js:776
[   90358ms] [LOG] [Fast Refresh] done in 819ms @ http://localhost:3000/_next/static/chunks/node_modules_next_dist_1e8vcs8._.js:776
[   90420ms] [LOG] [Fast Refresh] done in 819ms @ http://localhost:3000/_next/static/chunks/node_modules_next_dist_1e8vcs8._.js:776
[   90484ms] [LOG] [Fast Refresh] done in 819ms @ http://localhost:3000/_next/static/chunks/node_modules_next_dist_1e8vcs8._.js:776
[   90545ms] [LOG] [Fast Refresh] done in 819ms @ http://localhost:3000/_next/static/chunks/node_modules_next_dist_1e8vcs8._.js:776
[   90607ms] [LOG] [Fast Refresh] done in 819ms @ http://localhost:3000/_next/static/chunks/node_modules_next_dist_1e8vcs8._.js:776
[   90670ms] [LOG] [Fast Refresh] done in 819ms @ http://localhost:3000/_next/static/chunks/node_modules_next_dist_1e8vcs8._.js:776
[   90731ms] [LOG] [Fast Refresh] done in 819ms @ http://localhost:3000/_next/static/chunks/node_modules_next_dist_1e8vcs8._.js:776
[   90793ms] [LOG] [Fast Refresh] done in 819ms @ http://localhost:3000/_next/static/chunks/node_modules_next_dist_1e8vcs8._.js:776
[   90855ms] [LOG] [Fast Refresh] done in 819ms @ http://localhost:3000/_next/static/chunks/node_modules_next_dist_1e8vcs8._.js:776
[   90917ms] [LOG] [Fast Refresh] done in 819ms @ http://localhost:3000/_next/static/chunks/node_modules_next_dist_1e8vcs8._.js:776
[   90980ms] [LOG] [Fast Refresh] done in 819ms @ http://localhost:3000/_next/static/chunks/node_modules_next_dist_1e8vcs8._.js:776
[   91042ms] [LOG] [Fast Refresh] done in 819ms @ http://localhost:3000/_next/static/chunks/node_modules_next_dist_1e8vcs8._.js:776
[   91105ms] [LOG] [Fast Refresh] done in 819ms @ http://localhost:3000/_next/static/chunks/node_modules_next_dist_1e8vcs8._.js:776
[   91165ms] [LOG] [Fast Refresh] done in 819ms @ http://localhost:3000/_next/static/chunks/node_modules_next_dist_1e8vcs8._.js:776
[   91229ms] [LOG] [Fast Refresh] done in 819ms @ http://localhost:3000/_next/static/chunks/node_modules_next_dist_1e8vcs8._.js:776
[   91291ms] [LOG] [Fast Refresh] done in 819ms @ http://localhost:3000/_next/static/chunks/node_modules_next_dist_1e8vcs8._.js:776
[   91352ms] [LOG] [Fast Refresh] done in 819ms @ http://localhost:3000/_next/static/chunks/node_modules_next_dist_1e8vcs8._.js:776
[   91417ms] [LOG] [Fast Refresh] done in 819ms @ http://localhost:3000/_next/static/chunks/node_modules_next_dist_1e8vcs8._.js:776
[   91478ms] [LOG] [Fast Refresh] done in 819ms @ http://localhost:3000/_next/static/chunks/node_modules_next_dist_1e8vcs8._.js:776
[   91541ms] [LOG] [Fast Refresh] done in 819ms @ http://localhost:3000/_next/static/chunks/node_modules_next_dist_1e8vcs8._.js:776
[   91603ms] [LOG] [Fast Refresh] done in 819ms @ http://localhost:3000/_next/static/chunks/node_modules_next_dist_1e8vcs8._.js:776
[   91666ms] [LOG] [Fast Refresh] done in 819ms @ http://localhost:3000/_next/static/chunks/node_modules_next_dist_1e8vcs8._.js:776
[   91728ms] [LOG] [Fast Refresh] done in 819ms @ http://localhost:3000/_next/static/chunks/node_modules_next_dist_1e8vcs8._.js:776
[   91790ms] [LOG] [Fast Refresh] done in 819ms @ http://localhost:3000/_next/static/chunks/node_modules_next_dist_1e8vcs8._.js:776
[   91851ms] [LOG] [Fast Refresh] done in 819ms @ http://localhost:3000/_next/static/chunks/node_modules_next_dist_1e8vcs8._.js:776
[   91913ms] [LOG] [Fast Refresh] done in 819ms @ http://localhost:3000/_next/static/chunks/node_modules_next_dist_1e8vcs8._.js:776
[   91977ms] [LOG] [Fast Refresh] done in 819ms @ http://localhost:3000/_next/static/chunks/node_modules_next_dist_1e8vcs8._.js:776
[   92038ms] [LOG] [Fast Refresh] done in 819ms @ http://localhost:3000/_next/static/chunks/node_modules_next_dist_1e8vcs8._.js:776
[   92100ms] [LOG] [Fast Refresh] done in 819ms @ http://localhost:3000/_next/static/chunks/node_modules_next_dist_1e8vcs8._.js:776
[   92162ms] [LOG] [Fast Refresh] done in 819ms @ http://localhost:3000/_next/static/chunks/node_modules_next_dist_1e8vcs8._.js:776
[   92224ms] [LOG] [Fast Refresh] done in 819ms @ http://localhost:3000/_next/static/chunks/node_modules_next_dist_1e8vcs8._.js:776
[   92288ms] [LOG] [Fast Refresh] done in 819ms @ http://localhost:3000/_next/static/chunks/node_modules_next_dist_1e8vcs8._.js:776
[   92349ms] [LOG] [Fast Refresh] done in 819ms @ http://localhost:3000/_next/static/chunks/node_modules_next_dist_1e8vcs8._.js:776
[   92411ms] [LOG] [Fast Refresh] done in 819ms @ http://localhost:3000/_next/static/chunks/node_modules_next_dist_1e8vcs8._.js:776
[   92474ms] [LOG] [Fast Refresh] done in 819ms @ http://localhost:3000/_next/static/chunks/node_modules_next_dist_1e8vcs8._.js:776
[   92537ms] [LOG] [Fast Refresh] done in 819ms @ http://localhost:3000/_next/static/chunks/node_modules_next_dist_1e8vcs8._.js:776
[   92599ms] [LOG] [Fast Refresh] done in 819ms @ http://localhost:3000/_next/static/chunks/node_modules_next_dist_1e8vcs8._.js:776
[   92660ms] [LOG] [Fast Refresh] done in 819ms @ http://localhost:3000/_next/static/chunks/node_modules_next_dist_1e8vcs8._.js:776
[   92723ms] [LOG] [Fast Refresh] done in 819ms @ http://localhost:3000/_next/static/chunks/node_modules_next_dist_1e8vcs8._.js:776
[   92785ms] [LOG] [Fast Refresh] done in 819ms @ http://localhost:3000/_next/static/chunks/node_modules_next_dist_1e8vcs8._.js:776
[   92847ms] [LOG] [Fast Refresh] done in 819ms @ http://localhost:3000/_next/static/chunks/node_modules_next_dist_1e8vcs8._.js:776
[   92909ms] [LOG] [Fast Refresh] done in 819ms @ http://localhost:3000/_next/static/chunks/node_modules_next_dist_1e8vcs8._.js:776
[   92970ms] [LOG] [Fast Refresh] done in 819ms @ http://localhost:3000/_next/static/chunks/node_modules_next_dist_1e8vcs8._.js:776
[   93032ms] [LOG] [Fast Refresh] done in 819ms @ http://localhost:3000/_next/static/chunks/node_modules_next_dist_1e8vcs8._.js:776
[   93079ms] [LOG] [Fast Refresh] done in 819ms @ http://localhost:3000/_next/static/chunks/node_modules_next_dist_1e8vcs8._.js:776
[   93145ms] [LOG] [Fast Refresh] done in 819ms @ http://localhost:3000/_next/static/chunks/node_modules_next_dist_1e8vcs8._.js:776
[   93209ms] [LOG] [Fast Refresh] done in 819ms @ http://localhost:3000/_next/static/chunks/node_modules_next_dist_1e8vcs8._.js:776
[   93269ms] [LOG] [Fast Refresh] done in 819ms @ http://localhost:3000/_next/static/chunks/node_modules_next_dist_1e8vcs8._.js:776
[   93333ms] [LOG] [Fast Refresh] done in 819ms @ http://localhost:3000/_next/static/chunks/node_modules_next_dist_1e8vcs8._.js:776
[   93396ms] [LOG] [Fast Refresh] done in 819ms @ http://localhost:3000/_next/static/chunks/node_modules_next_dist_1e8vcs8._.js:776
[   93459ms] [LOG] [Fast Refresh] done in 819ms @ http://localhost:3000/_next/static/chunks/node_modules_next_dist_1e8vcs8._.js:776
[   93520ms] [LOG] [Fast Refresh] done in 819ms @ http://localhost:3000/_next/static/chunks/node_modules_next_dist_1e8vcs8._.js:776
[   93580ms] [LOG] [Fast Refresh] done in 819ms @ http://localhost:3000/_next/static/chunks/node_modules_next_dist_1e8vcs8._.js:776
[   93643ms] [LOG] [Fast Refresh] done in 819ms @ http://localhost:3000/_next/static/chunks/node_modules_next_dist_1e8vcs8._.js:776
[   93706ms] [LOG] [Fast Refresh] done in 819ms @ http://localhost:3000/_next/static/chunks/node_modules_next_dist_1e8vcs8._.js:776
[   93768ms] [LOG] [Fast Refresh] done in 819ms @ http://localhost:3000/_next/static/chunks/node_modules_next_dist_1e8vcs8._.js:776
[   93839ms] [LOG] [Fast Refresh] done in 819ms @ http://localhost:3000/_next/static/chunks/node_modules_next_dist_1e8vcs8._.js:776
[   93896ms] [LOG] [Fast Refresh] done in 819ms @ http://localhost:3000/_next/static/chunks/node_modules_next_dist_1e8vcs8._.js:776
[   93956ms] [LOG] [Fast Refresh] done in 819ms @ http://localhost:3000/_next/static/chunks/node_modules_next_dist_1e8vcs8._.js:776
[   94018ms] [LOG] [Fast Refresh] done in 819ms @ http://localhost:3000/_next/static/chunks/node_modules_next_dist_1e8vcs8._.js:776
[   94082ms] [LOG] [Fast Refresh] done in 819ms @ http://localhost:3000/_next/static/chunks/node_modules_next_dist_1e8vcs8._.js:776
[   94142ms] [LOG] [Fast Refresh] done in 819ms @ http://localhost:3000/_next/static/chunks/node_modules_next_dist_1e8vcs8._.js:776
[   94204ms] [LOG] [Fast Refresh] done in 819ms @ http://localhost:3000/_next/static/chunks/node_modules_next_dist_1e8vcs8._.js:776
[   94268ms] [LOG] [Fast Refresh] done in 819ms @ http://localhost:3000/_next/static/chunks/node_modules_next_dist_1e8vcs8._.js:776
[   94380ms] [LOG] [Fast Refresh] done in 819ms @ http://localhost:3000/_next/static/chunks/node_modules_next_dist_1e8vcs8._.js:776
[   94427ms] [LOG] [Fast Refresh] done in 819ms @ http://localhost:3000/_next/static/chunks/node_modules_next_dist_1e8vcs8._.js:776
[   94540ms] [LOG] [Fast Refresh] done in 819ms @ http://localhost:3000/_next/static/chunks/node_modules_next_dist_1e8vcs8._.js:776
[   94811ms] [LOG] [Fast Refresh] done in 819ms @ http://localhost:3000/_next/static/chunks/node_modules_next_dist_1e8vcs8._.js:776
[   94868ms] [LOG] [Fast Refresh] done in 819ms @ http://localhost:3000/_next/static/chunks/node_modules_next_dist_1e8vcs8._.js:776
[   94907ms] [LOG] [Fast Refresh] done in 819ms @ http://localhost:3000/_next/static/chunks/node_modules_next_dist_1e8vcs8._.js:776
[   95001ms] [LOG] [Fast Refresh] done in 819ms @ http://localhost:3000/_next/static/chunks/node_modules_next_dist_1e8vcs8._.js:776
[   95066ms] [LOG] [Fast Refresh] done in 819ms @ http://localhost:3000/_next/static/chunks/node_modules_next_dist_1e8vcs8._.js:776
[   95129ms] [LOG] [Fast Refresh] done in 819ms @ http://localhost:3000/_next/static/chunks/node_modules_next_dist_1e8vcs8._.js:776
[   95189ms] [LOG] [Fast Refresh] done in 819ms @ http://localhost:3000/_next/static/chunks/node_modules_next_dist_1e8vcs8._.js:776
[   95254ms] [LOG] [Fast Refresh] done in 819ms @ http://localhost:3000/_next/static/chunks/node_modules_next_dist_1e8vcs8._.js:776
[   95314ms] [LOG] [Fast Refresh] done in 819ms @ http://localhost:3000/_next/static/chunks/node_modules_next_dist_1e8vcs8._.js:776
[   95378ms] [LOG] [Fast Refresh] done in 819ms @ http://localhost:3000/_next/static/chunks/node_modules_next_dist_1e8vcs8._.js:776
[   95439ms] [LOG] [Fast Refresh] done in 819ms @ http://localhost:3000/_next/static/chunks/node_modules_next_dist_1e8vcs8._.js:776
[   95501ms] [LOG] [Fast Refresh] done in 819ms @ http://localhost:3000/_next/static/chunks/node_modules_next_dist_1e8vcs8._.js:776
[   95562ms] [LOG] [Fast Refresh] done in 819ms @ http://localhost:3000/_next/static/chunks/node_modules_next_dist_1e8vcs8._.js:776
[   95625ms] [LOG] [Fast Refresh] done in 819ms @ http://localhost:3000/_next/static/chunks/node_modules_next_dist_1e8vcs8._.js:776
[   95687ms] [LOG] [Fast Refresh] done in 819ms @ http://localhost:3000/_next/static/chunks/node_modules_next_dist_1e8vcs8._.js:776
[   95751ms] [LOG] [Fast Refresh] done in 819ms @ http://localhost:3000/_next/static/chunks/node_modules_next_dist_1e8vcs8._.js:776
[   95813ms] [LOG] [Fast Refresh] done in 819ms @ http://localhost:3000/_next/static/chunks/node_modules_next_dist_1e8vcs8._.js:776
[   95878ms] [LOG] [Fast Refresh] done in 819ms @ http://localhost:3000/_next/static/chunks/node_modules_next_dist_1e8vcs8._.js:776
[   95939ms] [LOG] [Fast Refresh] done in 819ms @ http://localhost:3000/_next/static/chunks/node_modules_next_dist_1e8vcs8._.js:776
[   96001ms] [LOG] [Fast Refresh] done in 819ms @ http://localhost:3000/_next/static/chunks/node_modules_next_dist_1e8vcs8._.js:776
[   96066ms] [LOG] [Fast Refresh] done in 819ms @ http://localhost:3000/_next/static/chunks/node_modules_next_dist_1e8vcs8._.js:776
[   96127ms] [LOG] [Fast Refresh] done in 819ms @ http://localhost:3000/_next/static/chunks/node_modules_next_dist_1e8vcs8._.js:776
[   96189ms] [LOG] [Fast Refresh] done in 819ms @ http://localhost:3000/_next/static/chunks/node_modules_next_dist_1e8vcs8._.js:776
[   96238ms] [LOG] [Fast Refresh] done in 819ms @ http://localhost:3000/_next/static/chunks/node_modules_next_dist_1e8vcs8._.js:776
[   96299ms] [LOG] [Fast Refresh] done in 819ms @ http://localhost:3000/_next/static/chunks/node_modules_next_dist_1e8vcs8._.js:776
[   96362ms] [LOG] [Fast Refresh] done in 819ms @ http://localhost:3000/_next/static/chunks/node_modules_next_dist_1e8vcs8._.js:776
[   96425ms] [LOG] [Fast Refresh] done in 819ms @ http://localhost:3000/_next/static/chunks/node_modules_next_dist_1e8vcs8._.js:776
[   96486ms] [LOG] [Fast Refresh] done in 819ms @ http://localhost:3000/_next/static/chunks/node_modules_next_dist_1e8vcs8._.js:776
[   96547ms] [LOG] [Fast Refresh] done in 819ms @ http://localhost:3000/_next/static/chunks/node_modules_next_dist_1e8vcs8._.js:776
[   96612ms] [LOG] [Fast Refresh] done in 819ms @ http://localhost:3000/_next/static/chunks/node_modules_next_dist_1e8vcs8._.js:776
[   96673ms] [LOG] [Fast Refresh] done in 819ms @ http://localhost:3000/_next/static/chunks/node_modules_next_dist_1e8vcs8._.js:776
[   96735ms] [LOG] [Fast Refresh] done in 819ms @ http://localhost:3000/_next/static/chunks/node_modules_next_dist_1e8vcs8._.js:776
[   96799ms] [LOG] [Fast Refresh] done in 819ms @ http://localhost:3000/_next/static/chunks/node_modules_next_dist_1e8vcs8._.js:776
[   96858ms] [LOG] [Fast Refresh] done in 819ms @ http://localhost:3000/_next/static/chunks/node_modules_next_dist_1e8vcs8._.js:776
[   96919ms] [LOG] [Fast Refresh] done in 819ms @ http://localhost:3000/_next/static/chunks/node_modules_next_dist_1e8vcs8._.js:776
[   96981ms] [LOG] [Fast Refresh] done in 819ms @ http://localhost:3000/_next/static/chunks/node_modules_next_dist_1e8vcs8._.js:776
[   97044ms] [LOG] [Fast Refresh] done in 819ms @ http://localhost:3000/_next/static/chunks/node_modules_next_dist_1e8vcs8._.js:776
[   97106ms] [LOG] [Fast Refresh] done in 819ms @ http://localhost:3000/_next/static/chunks/node_modules_next_dist_1e8vcs8._.js:776
[   97169ms] [LOG] [Fast Refresh] done in 819ms @ http://localhost:3000/_next/static/chunks/node_modules_next_dist_1e8vcs8._.js:776
[   97232ms] [LOG] [Fast Refresh] done in 819ms @ http://localhost:3000/_next/static/chunks/node_modules_next_dist_1e8vcs8._.js:776
[   97295ms] [LOG] [Fast Refresh] done in 819ms @ http://localhost:3000/_next/static/chunks/node_modules_next_dist_1e8vcs8._.js:776
[   97356ms] [LOG] [Fast Refresh] done in 819ms @ http://localhost:3000/_next/static/chunks/node_modules_next_dist_1e8vcs8._.js:776
[   97420ms] [LOG] [Fast Refresh] done in 819ms @ http://localhost:3000/_next/static/chunks/node_modules_next_dist_1e8vcs8._.js:776
[   97481ms] [LOG] [Fast Refresh] done in 819ms @ http://localhost:3000/_next/static/chunks/node_modules_next_dist_1e8vcs8._.js:776
[   97545ms] [LOG] [Fast Refresh] done in 819ms @ http://localhost:3000/_next/static/chunks/node_modules_next_dist_1e8vcs8._.js:776
[   97607ms] [LOG] [Fast Refresh] done in 819ms @ http://localhost:3000/_next/static/chunks/node_modules_next_dist_1e8vcs8._.js:776
[   97670ms] [LOG] [Fast Refresh] done in 819ms @ http://localhost:3000/_next/static/chunks/node_modules_next_dist_1e8vcs8._.js:776
[   97733ms] [LOG] [Fast Refresh] done in 819ms @ http://localhost:3000/_next/static/chunks/node_modules_next_dist_1e8vcs8._.js:776
[   97799ms] [LOG] [Fast Refresh] done in 819ms @ http://localhost:3000/_next/static/chunks/node_modules_next_dist_1e8vcs8._.js:776
[   97858ms] [LOG] [Fast Refresh] done in 819ms @ http://localhost:3000/_next/static/chunks/node_modules_next_dist_1e8vcs8._.js:776
[   97919ms] [LOG] [Fast Refresh] done in 819ms @ http://localhost:3000/_next/static/chunks/node_modules_next_dist_1e8vcs8._.js:776
[   97966ms] [LOG] [Fast Refresh] done in 819ms @ http://localhost:3000/_next/static/chunks/node_modules_next_dist_1e8vcs8._.js:776
[   98013ms] [LOG] [Fast Refresh] done in 819ms @ http://localhost:3000/_next/static/chunks/node_modules_next_dist_1e8vcs8._.js:776
[   98062ms] [LOG] [Fast Refresh] done in 819ms @ http://localhost:3000/_next/static/chunks/node_modules_next_dist_1e8vcs8._.js:776
[   98125ms] [LOG] [Fast Refresh] done in 819ms @ http://localhost:3000/_next/static/chunks/node_modules_next_dist_1e8vcs8._.js:776
[   98177ms] [LOG] [Fast Refresh] done in 819ms @ http://localhost:3000/_next/static/chunks/node_modules_next_dist_1e8vcs8._.js:776
[   98235ms] [LOG] [Fast Refresh] done in 819ms @ http://localhost:3000/_next/static/chunks/node_modules_next_dist_1e8vcs8._.js:776
[   98300ms] [LOG] [Fast Refresh] done in 819ms @ http://localhost:3000/_next/static/chunks/node_modules_next_dist_1e8vcs8._.js:776
[   98363ms] [LOG] [Fast Refresh] done in 819ms @ http://localhost:3000/_next/static/chunks/node_modules_next_dist_1e8vcs8._.js:776
[   98424ms] [LOG] [Fast Refresh] done in 819ms @ http://localhost:3000/_next/static/chunks/node_modules_next_dist_1e8vcs8._.js:776
[   98488ms] [LOG] [Fast Refresh] done in 819ms @ http://localhost:3000/_next/static/chunks/node_modules_next_dist_1e8vcs8._.js:776
[   98549ms] [LOG] [Fast Refresh] done in 819ms @ http://localhost:3000/_next/static/chunks/node_modules_next_dist_1e8vcs8._.js:776
[   98612ms] [LOG] [Fast Refresh] done in 819ms @ http://localhost:3000/_next/static/chunks/node_modules_next_dist_1e8vcs8._.js:776
[   98676ms] [LOG] [Fast Refresh] done in 819ms @ http://localhost:3000/_next/static/chunks/node_modules_next_dist_1e8vcs8._.js:776
[   98734ms] [LOG] [Fast Refresh] done in 819ms @ http://localhost:3000/_next/static/chunks/node_modules_next_dist_1e8vcs8._.js:776
[   98798ms] [LOG] [Fast Refresh] done in 819ms @ http://localhost:3000/_next/static/chunks/node_modules_next_dist_1e8vcs8._.js:776
[   98862ms] [LOG] [Fast Refresh] done in 819ms @ http://localhost:3000/_next/static/chunks/node_modules_next_dist_1e8vcs8._.js:776
[   98926ms] [LOG] [Fast Refresh] done in 819ms @ http://localhost:3000/_next/static/chunks/node_modules_next_dist_1e8vcs8._.js:776
[   98987ms] [LOG] [Fast Refresh] done in 819ms @ http://localhost:3000/_next/static/chunks/node_modules_next_dist_1e8vcs8._.js:776
[   99050ms] [LOG] [Fast Refresh] done in 819ms @ http://localhost:3000/_next/static/chunks/node_modules_next_dist_1e8vcs8._.js:776
[   99113ms] [LOG] [Fast Refresh] done in 819ms @ http://localhost:3000/_next/static/chunks/node_modules_next_dist_1e8vcs8._.js:776
[   99173ms] [LOG] [Fast Refresh] done in 819ms @ http://localhost:3000/_next/static/chunks/node_modules_next_dist_1e8vcs8._.js:776
[   99234ms] [LOG] [Fast Refresh] done in 819ms @ http://localhost:3000/_next/static/chunks/node_modules_next_dist_1e8vcs8._.js:776
[   99298ms] [LOG] [Fast Refresh] done in 819ms @ http://localhost:3000/_next/static/chunks/node_modules_next_dist_1e8vcs8._.js:776
[   99360ms] [LOG] [Fast Refresh] done in 819ms @ http://localhost:3000/_next/static/chunks/node_modules_next_dist_1e8vcs8._.js:776
[   99423ms] [LOG] [Fast Refresh] done in 819ms @ http://localhost:3000/_next/static/chunks/node_modules_next_dist_1e8vcs8._.js:776
[   99485ms] [LOG] [Fast Refresh] done in 819ms @ http://localhost:3000/_next/static/chunks/node_modules_next_dist_1e8vcs8._.js:776
[   99547ms] [LOG] [Fast Refresh] done in 819ms @ http://localhost:3000/_next/static/chunks/node_modules_next_dist_1e8vcs8._.js:776
[   99611ms] [LOG] [Fast Refresh] done in 819ms @ http://localhost:3000/_next/static/chunks/node_modules_next_dist_1e8vcs8._.js:776
[   99671ms] [LOG] [Fast Refresh] done in 819ms @ http://localhost:3000/_next/static/chunks/node_modules_next_dist_1e8vcs8._.js:776
[   99735ms] [LOG] [Fast Refresh] done in 819ms @ http://localhost:3000/_next/static/chunks/node_modules_next_dist_1e8vcs8._.js:776
[   99797ms] [LOG] [Fast Refresh] done in 819ms @ http://localhost:3000/_next/static/chunks/node_modules_next_dist_1e8vcs8._.js:776
[   99859ms] [LOG] [Fast Refresh] done in 819ms @ http://localhost:3000/_next/static/chunks/node_modules_next_dist_1e8vcs8._.js:776
[   99924ms] [LOG] [Fast Refresh] done in 819ms @ http://localhost:3000/_next/static/chunks/node_modules_next_dist_1e8vcs8._.js:776
[   99986ms] [LOG] [Fast Refresh] done in 819ms @ http://localhost:3000/_next/static/chunks/node_modules_next_dist_1e8vcs8._.js:776
[  100049ms] [LOG] [Fast Refresh] done in 819ms @ http://localhost:3000/_next/static/chunks/node_modules_next_dist_1e8vcs8._.js:776
[  100110ms] [LOG] [Fast Refresh] done in 819ms @ http://localhost:3000/_next/static/chunks/node_modules_next_dist_1e8vcs8._.js:776
[  100173ms] [LOG] [Fast Refresh] done in 819ms @ http://localhost:3000/_next/static/chunks/node_modules_next_dist_1e8vcs8._.js:776
[  100236ms] [LOG] [Fast Refresh] done in 819ms @ http://localhost:3000/_next/static/chunks/node_modules_next_dist_1e8vcs8._.js:776
[  100302ms] [LOG] [Fast Refresh] done in 819ms @ http://localhost:3000/_next/static/chunks/node_modules_next_dist_1e8vcs8._.js:776
[  100359ms] [LOG] [Fast Refresh] done in 819ms @ http://localhost:3000/_next/static/chunks/node_modules_next_dist_1e8vcs8._.js:776
[  100425ms] [LOG] [Fast Refresh] done in 819ms @ http://localhost:3000/_next/static/chunks/node_modules_next_dist_1e8vcs8._.js:776
[  100486ms] [LOG] [Fast Refresh] done in 819ms @ http://localhost:3000/_next/static/chunks/node_modules_next_dist_1e8vcs8._.js:776
[  100551ms] [LOG] [Fast Refresh] done in 819ms @ http://localhost:3000/_next/static/chunks/node_modules_next_dist_1e8vcs8._.js:776
[  100613ms] [LOG] [Fast Refresh] done in 819ms @ http://localhost:3000/_next/static/chunks/node_modules_next_dist_1e8vcs8._.js:776
[  100678ms] [LOG] [Fast Refresh] done in 819ms @ http://localhost:3000/_next/static/chunks/node_modules_next_dist_1e8vcs8._.js:776
[  100740ms] [LOG] [Fast Refresh] done in 819ms @ http://localhost:3000/_next/static/chunks/node_modules_next_dist_1e8vcs8._.js:776
[  100801ms] [LOG] [Fast Refresh] done in 819ms @ http://localhost:3000/_next/static/chunks/node_modules_next_dist_1e8vcs8._.js:776
[  100865ms] [LOG] [Fast Refresh] done in 819ms @ http://localhost:3000/_next/static/chunks/node_modules_next_dist_1e8vcs8._.js:776
[  100928ms] [LOG] [Fast Refresh] done in 819ms @ http://localhost:3000/_next/static/chunks/node_modules_next_dist_1e8vcs8._.js:776
[  100991ms] [LOG] [Fast Refresh] done in 819ms @ http://localhost:3000/_next/static/chunks/node_modules_next_dist_1e8vcs8._.js:776
[  101053ms] [LOG] [Fast Refresh] done in 819ms @ http://localhost:3000/_next/static/chunks/node_modules_next_dist_1e8vcs8._.js:776
[  101115ms] [LOG] [Fast Refresh] done in 819ms @ http://localhost:3000/_next/static/chunks/node_modules_next_dist_1e8vcs8._.js:776
[  101177ms] [LOG] [Fast Refresh] done in 819ms @ http://localhost:3000/_next/static/chunks/node_modules_next_dist_1e8vcs8._.js:776
[  101239ms] [LOG] [Fast Refresh] done in 819ms @ http://localhost:3000/_next/static/chunks/node_modules_next_dist_1e8vcs8._.js:776
[  101300ms] [LOG] [Fast Refresh] done in 819ms @ http://localhost:3000/_next/static/chunks/node_modules_next_dist_1e8vcs8._.js:776
[  101363ms] [LOG] [Fast Refresh] done in 819ms @ http://localhost:3000/_next/static/chunks/node_modules_next_dist_1e8vcs8._.js:776
[  101427ms] [LOG] [Fast Refresh] done in 819ms @ http://localhost:3000/_next/static/chunks/node_modules_next_dist_1e8vcs8._.js:776
[  101488ms] [LOG] [Fast Refresh] done in 819ms @ http://localhost:3000/_next/static/chunks/node_modules_next_dist_1e8vcs8._.js:776
[  101550ms] [LOG] [Fast Refresh] done in 819ms @ http://localhost:3000/_next/static/chunks/node_modules_next_dist_1e8vcs8._.js:776
[  101611ms] [LOG] [Fast Refresh] done in 819ms @ http://localhost:3000/_next/static/chunks/node_modules_next_dist_1e8vcs8._.js:776
[  101675ms] [LOG] [Fast Refresh] done in 819ms @ http://localhost:3000/_next/static/chunks/node_modules_next_dist_1e8vcs8._.js:776
[  101737ms] [LOG] [Fast Refresh] done in 819ms @ http://localhost:3000/_next/static/chunks/node_modules_next_dist_1e8vcs8._.js:776
[  101800ms] [LOG] [Fast Refresh] done in 819ms @ http://localhost:3000/_next/static/chunks/node_modules_next_dist_1e8vcs8._.js:776
[  101862ms] [LOG] [Fast Refresh] done in 819ms @ http://localhost:3000/_next/static/chunks/node_modules_next_dist_1e8vcs8._.js:776
[  101924ms] [LOG] [Fast Refresh] done in 819ms @ http://localhost:3000/_next/static/chunks/node_modules_next_dist_1e8vcs8._.js:776
[  101989ms] [LOG] [Fast Refresh] done in 819ms @ http://localhost:3000/_next/static/chunks/node_modules_next_dist_1e8vcs8._.js:776
[  102054ms] [LOG] [Fast Refresh] done in 819ms @ http://localhost:3000/_next/static/chunks/node_modules_next_dist_1e8vcs8._.js:776
[  102111ms] [LOG] [Fast Refresh] done in 819ms @ http://localhost:3000/_next/static/chunks/node_modules_next_dist_1e8vcs8._.js:776
[  102172ms] [LOG] [Fast Refresh] done in 819ms @ http://localhost:3000/_next/static/chunks/node_modules_next_dist_1e8vcs8._.js:776
[  102235ms] [LOG] [Fast Refresh] done in 819ms @ http://localhost:3000/_next/static/chunks/node_modules_next_dist_1e8vcs8._.js:776
[  102283ms] [LOG] [Fast Refresh] done in 819ms @ http://localhost:3000/_next/static/chunks/node_modules_next_dist_1e8vcs8._.js:776
[  102331ms] [LOG] [Fast Refresh] done in 819ms @ http://localhost:3000/_next/static/chunks/node_modules_next_dist_1e8vcs8._.js:776
[  102393ms] [LOG] [Fast Refresh] done in 819ms @ http://localhost:3000/_next/static/chunks/node_modules_next_dist_1e8vcs8._.js:776
[  102458ms] [LOG] [Fast Refresh] done in 819ms @ http://localhost:3000/_next/static/chunks/node_modules_next_dist_1e8vcs8._.js:776
[  102520ms] [LOG] [Fast Refresh] done in 819ms @ http://localhost:3000/_next/static/chunks/node_modules_next_dist_1e8vcs8._.js:776
[  102582ms] [LOG] [Fast Refresh] done in 819ms @ http://localhost:3000/_next/static/chunks/node_modules_next_dist_1e8vcs8._.js:776
[  102642ms] [LOG] [Fast Refresh] done in 819ms @ http://localhost:3000/_next/static/chunks/node_modules_next_dist_1e8vcs8._.js:776
[  102704ms] [LOG] [Fast Refresh] done in 819ms @ http://localhost:3000/_next/static/chunks/node_modules_next_dist_1e8vcs8._.js:776
[  102774ms] [LOG] [Fast Refresh] done in 819ms @ http://localhost:3000/_next/static/chunks/node_modules_next_dist_1e8vcs8._.js:776
[  102815ms] [LOG] [Fast Refresh] done in 819ms @ http://localhost:3000/_next/static/chunks/node_modules_next_dist_1e8vcs8._.js:776
[  102862ms] [LOG] [Fast Refresh] done in 819ms @ http://localhost:3000/_next/static/chunks/node_modules_next_dist_1e8vcs8._.js:776
[  102929ms] [LOG] [Fast Refresh] done in 819ms @ http://localhost:3000/_next/static/chunks/node_modules_next_dist_1e8vcs8._.js:776
[  102990ms] [LOG] [Fast Refresh] done in 819ms @ http://localhost:3000/_next/static/chunks/node_modules_next_dist_1e8vcs8._.js:776
[  103050ms] [LOG] [Fast Refresh] done in 819ms @ http://localhost:3000/_next/static/chunks/node_modules_next_dist_1e8vcs8._.js:776
[  103115ms] [LOG] [Fast Refresh] done in 819ms @ http://localhost:3000/_next/static/chunks/node_modules_next_dist_1e8vcs8._.js:776
[  103176ms] [LOG] [Fast Refresh] done in 819ms @ http://localhost:3000/_next/static/chunks/node_modules_next_dist_1e8vcs8._.js:776
[  103239ms] [LOG] [Fast Refresh] done in 819ms @ http://localhost:3000/_next/static/chunks/node_modules_next_dist_1e8vcs8._.js:776
[  103300ms] [LOG] [Fast Refresh] done in 819ms @ http://localhost:3000/_next/static/chunks/node_modules_next_dist_1e8vcs8._.js:776
[  103363ms] [LOG] [Fast Refresh] done in 819ms @ http://localhost:3000/_next/static/chunks/node_modules_next_dist_1e8vcs8._.js:776
[  103424ms] [LOG] [Fast Refresh] done in 819ms @ http://localhost:3000/_next/static/chunks/node_modules_next_dist_1e8vcs8._.js:776
[  103487ms] [LOG] [Fast Refresh] done in 819ms @ http://localhost:3000/_next/static/chunks/node_modules_next_dist_1e8vcs8._.js:776
[  103549ms] [LOG] [Fast Refresh] done in 819ms @ http://localhost:3000/_next/static/chunks/node_modules_next_dist_1e8vcs8._.js:776
[  103611ms] [LOG] [Fast Refresh] done in 819ms @ http://localhost:3000/_next/static/chunks/node_modules_next_dist_1e8vcs8._.js:776
[  103672ms] [LOG] [Fast Refresh] done in 819ms @ http://localhost:3000/_next/static/chunks/node_modules_next_dist_1e8vcs8._.js:776
[  103734ms] [LOG] [Fast Refresh] done in 819ms @ http://localhost:3000/_next/static/chunks/node_modules_next_dist_1e8vcs8._.js:776
[  103796ms] [LOG] [Fast Refresh] done in 819ms @ http://localhost:3000/_next/static/chunks/node_modules_next_dist_1e8vcs8._.js:776
[  103859ms] [LOG] [Fast Refresh] done in 819ms @ http://localhost:3000/_next/static/chunks/node_modules_next_dist_1e8vcs8._.js:776
[  103921ms] [LOG] [Fast Refresh] done in 819ms @ http://localhost:3000/_next/static/chunks/node_modules_next_dist_1e8vcs8._.js:776
[  103985ms] [LOG] [Fast Refresh] done in 819ms @ http://localhost:3000/_next/static/chunks/node_modules_next_dist_1e8vcs8._.js:776
[  104046ms] [LOG] [Fast Refresh] done in 819ms @ http://localhost:3000/_next/static/chunks/node_modules_next_dist_1e8vcs8._.js:776
[  104108ms] [LOG] [Fast Refresh] done in 819ms @ http://localhost:3000/_next/static/chunks/node_modules_next_dist_1e8vcs8._.js:776
[  104171ms] [LOG] [Fast Refresh] done in 819ms @ http://localhost:3000/_next/static/chunks/node_modules_next_dist_1e8vcs8._.js:776
[  104232ms] [LOG] [Fast Refresh] done in 819ms @ http://localhost:3000/_next/static/chunks/node_modules_next_dist_1e8vcs8._.js:776
[  104294ms] [LOG] [Fast Refresh] done in 819ms @ http://localhost:3000/_next/static/chunks/node_modules_next_dist_1e8vcs8._.js:776
[  104358ms] [LOG] [Fast Refresh] done in 819ms @ http://localhost:3000/_next/static/chunks/node_modules_next_dist_1e8vcs8._.js:776
[  104420ms] [LOG] [Fast Refresh] done in 819ms @ http://localhost:3000/_next/static/chunks/node_modules_next_dist_1e8vcs8._.js:776
[  104482ms] [LOG] [Fast Refresh] done in 819ms @ http://localhost:3000/_next/static/chunks/node_modules_next_dist_1e8vcs8._.js:776
[  104543ms] [LOG] [Fast Refresh] done in 819ms @ http://localhost:3000/_next/static/chunks/node_modules_next_dist_1e8vcs8._.js:776
[  104604ms] [LOG] [Fast Refresh] done in 819ms @ http://localhost:3000/_next/static/chunks/node_modules_next_dist_1e8vcs8._.js:776
[  104666ms] [LOG] [Fast Refresh] done in 819ms @ http://localhost:3000/_next/static/chunks/node_modules_next_dist_1e8vcs8._.js:776
[  104728ms] [LOG] [Fast Refresh] done in 819ms @ http://localhost:3000/_next/static/chunks/node_modules_next_dist_1e8vcs8._.js:776
[  104791ms] [LOG] [Fast Refresh] done in 819ms @ http://localhost:3000/_next/static/chunks/node_modules_next_dist_1e8vcs8._.js:776
[  104854ms] [LOG] [Fast Refresh] done in 819ms @ http://localhost:3000/_next/static/chunks/node_modules_next_dist_1e8vcs8._.js:776
[  104916ms] [LOG] [Fast Refresh] done in 819ms @ http://localhost:3000/_next/static/chunks/node_modules_next_dist_1e8vcs8._.js:776
[  104979ms] [LOG] [Fast Refresh] done in 819ms @ http://localhost:3000/_next/static/chunks/node_modules_next_dist_1e8vcs8._.js:776
[  105040ms] [LOG] [Fast Refresh] done in 819ms @ http://localhost:3000/_next/static/chunks/node_modules_next_dist_1e8vcs8._.js:776
[  105102ms] [LOG] [Fast Refresh] done in 819ms @ http://localhost:3000/_next/static/chunks/node_modules_next_dist_1e8vcs8._.js:776
[  105166ms] [LOG] [Fast Refresh] done in 819ms @ http://localhost:3000/_next/static/chunks/node_modules_next_dist_1e8vcs8._.js:776
[  105228ms] [LOG] [Fast Refresh] done in 819ms @ http://localhost:3000/_next/static/chunks/node_modules_next_dist_1e8vcs8._.js:776
[  105291ms] [LOG] [Fast Refresh] done in 819ms @ http://localhost:3000/_next/static/chunks/node_modules_next_dist_1e8vcs8._.js:776
[  105354ms] [LOG] [Fast Refresh] done in 819ms @ http://localhost:3000/_next/static/chunks/node_modules_next_dist_1e8vcs8._.js:776
[  105482ms] [LOG] [Fast Refresh] done in 819ms @ http://localhost:3000/_next/static/chunks/node_modules_next_dist_1e8vcs8._.js:776
[  105544ms] [LOG] [Fast Refresh] done in 819ms @ http://localhost:3000/_next/static/chunks/node_modules_next_dist_1e8vcs8._.js:776
[  105592ms] [LOG] [Fast Refresh] done in 819ms @ http://localhost:3000/_next/static/chunks/node_modules_next_dist_1e8vcs8._.js:776
[  105654ms] [LOG] [Fast Refresh] done in 819ms @ http://localhost:3000/_next/static/chunks/node_modules_next_dist_1e8vcs8._.js:776
[  105733ms] [LOG] [Fast Refresh] done in 819ms @ http://localhost:3000/_next/static/chunks/node_modules_next_dist_1e8vcs8._.js:776
[  105797ms] [LOG] [Fast Refresh] done in 819ms @ http://localhost:3000/_next/static/chunks/node_modules_next_dist_1e8vcs8._.js:776
[  105860ms] [LOG] [Fast Refresh] done in 819ms @ http://localhost:3000/_next/static/chunks/node_modules_next_dist_1e8vcs8._.js:776
[  105925ms] [LOG] [Fast Refresh] done in 819ms @ http://localhost:3000/_next/static/chunks/node_modules_next_dist_1e8vcs8._.js:776
[  105987ms] [LOG] [Fast Refresh] done in 819ms @ http://localhost:3000/_next/static/chunks/node_modules_next_dist_1e8vcs8._.js:776
[  106050ms] [LOG] [Fast Refresh] done in 819ms @ http://localhost:3000/_next/static/chunks/node_modules_next_dist_1e8vcs8._.js:776
[  106114ms] [LOG] [Fast Refresh] done in 819ms @ http://localhost:3000/_next/static/chunks/node_modules_next_dist_1e8vcs8._.js:776
[  106227ms] [LOG] [Fast Refresh] done in 819ms @ http://localhost:3000/_next/static/chunks/node_modules_next_dist_1e8vcs8._.js:776
[  106312ms] [LOG] [Fast Refresh] done in 819ms @ http://localhost:3000/_next/static/chunks/node_modules_next_dist_1e8vcs8._.js:776
[  106383ms] [LOG] [Fast Refresh] done in 819ms @ http://localhost:3000/_next/static/chunks/node_modules_next_dist_1e8vcs8._.js:776
[  106447ms] [LOG] [Fast Refresh] done in 819ms @ http://localhost:3000/_next/static/chunks/node_modules_next_dist_1e8vcs8._.js:776
[  106509ms] [LOG] [Fast Refresh] done in 819ms @ http://localhost:3000/_next/static/chunks/node_modules_next_dist_1e8vcs8._.js:776
[  106572ms] [LOG] [Fast Refresh] done in 819ms @ http://localhost:3000/_next/static/chunks/node_modules_next_dist_1e8vcs8._.js:776
[  106635ms] [LOG] [Fast Refresh] done in 819ms @ http://localhost:3000/_next/static/chunks/node_modules_next_dist_1e8vcs8._.js:776
[  106697ms] [LOG] [Fast Refresh] done in 819ms @ http://localhost:3000/_next/static/chunks/node_modules_next_dist_1e8vcs8._.js:776
[  106759ms] [LOG] [Fast Refresh] done in 819ms @ http://localhost:3000/_next/static/chunks/node_modules_next_dist_1e8vcs8._.js:776
[  106823ms] [LOG] [Fast Refresh] done in 819ms @ http://localhost:3000/_next/static/chunks/node_modules_next_dist_1e8vcs8._.js:776
[  106885ms] [LOG] [Fast Refresh] done in 819ms @ http://localhost:3000/_next/static/chunks/node_modules_next_dist_1e8vcs8._.js:776
[  106952ms] [LOG] [Fast Refresh] done in 819ms @ http://localhost:3000/_next/static/chunks/node_modules_next_dist_1e8vcs8._.js:776
[  107009ms] [LOG] [Fast Refresh] done in 819ms @ http://localhost:3000/_next/static/chunks/node_modules_next_dist_1e8vcs8._.js:776
[  107071ms] [LOG] [Fast Refresh] done in 819ms @ http://localhost:3000/_next/static/chunks/node_modules_next_dist_1e8vcs8._.js:776
[  107136ms] [LOG] [Fast Refresh] done in 819ms @ http://localhost:3000/_next/static/chunks/node_modules_next_dist_1e8vcs8._.js:776
[  107197ms] [LOG] [Fast Refresh] done in 819ms @ http://localhost:3000/_next/static/chunks/node_modules_next_dist_1e8vcs8._.js:776
[  107260ms] [LOG] [Fast Refresh] done in 819ms @ http://localhost:3000/_next/static/chunks/node_modules_next_dist_1e8vcs8._.js:776
[  107322ms] [LOG] [Fast Refresh] done in 819ms @ http://localhost:3000/_next/static/chunks/node_modules_next_dist_1e8vcs8._.js:776
[  107384ms] [LOG] [Fast Refresh] done in 819ms @ http://localhost:3000/_next/static/chunks/node_modules_next_dist_1e8vcs8._.js:776
[  107446ms] [LOG] [Fast Refresh] done in 819ms @ http://localhost:3000/_next/static/chunks/node_modules_next_dist_1e8vcs8._.js:776
[  107509ms] [LOG] [Fast Refresh] done in 819ms @ http://localhost:3000/_next/static/chunks/node_modules_next_dist_1e8vcs8._.js:776
[  107570ms] [LOG] [Fast Refresh] done in 819ms @ http://localhost:3000/_next/static/chunks/node_modules_next_dist_1e8vcs8._.js:776
[  107633ms] [LOG] [Fast Refresh] done in 819ms @ http://localhost:3000/_next/static/chunks/node_modules_next_dist_1e8vcs8._.js:776
[  107696ms] [LOG] [Fast Refresh] done in 819ms @ http://localhost:3000/_next/static/chunks/node_modules_next_dist_1e8vcs8._.js:776
[  107758ms] [LOG] [Fast Refresh] done in 819ms @ http://localhost:3000/_next/static/chunks/node_modules_next_dist_1e8vcs8._.js:776
[  107821ms] [LOG] [Fast Refresh] done in 819ms @ http://localhost:3000/_next/static/chunks/node_modules_next_dist_1e8vcs8._.js:776
[  107882ms] [LOG] [Fast Refresh] done in 819ms @ http://localhost:3000/_next/static/chunks/node_modules_next_dist_1e8vcs8._.js:776
[  107944ms] [LOG] [Fast Refresh] done in 819ms @ http://localhost:3000/_next/static/chunks/node_modules_next_dist_1e8vcs8._.js:776
[  108008ms] [LOG] [Fast Refresh] done in 819ms @ http://localhost:3000/_next/static/chunks/node_modules_next_dist_1e8vcs8._.js:776
[  108071ms] [LOG] [Fast Refresh] done in 819ms @ http://localhost:3000/_next/static/chunks/node_modules_next_dist_1e8vcs8._.js:776
[  108133ms] [LOG] [Fast Refresh] done in 819ms @ http://localhost:3000/_next/static/chunks/node_modules_next_dist_1e8vcs8._.js:776
[  108196ms] [LOG] [Fast Refresh] done in 819ms @ http://localhost:3000/_next/static/chunks/node_modules_next_dist_1e8vcs8._.js:776
[  108258ms] [LOG] [Fast Refresh] done in 819ms @ http://localhost:3000/_next/static/chunks/node_modules_next_dist_1e8vcs8._.js:776
[  108320ms] [LOG] [Fast Refresh] done in 819ms @ http://localhost:3000/_next/static/chunks/node_modules_next_dist_1e8vcs8._.js:776
[  108384ms] [LOG] [Fast Refresh] done in 819ms @ http://localhost:3000/_next/static/chunks/node_modules_next_dist_1e8vcs8._.js:776
[  108447ms] [LOG] [Fast Refresh] done in 819ms @ http://localhost:3000/_next/static/chunks/node_modules_next_dist_1e8vcs8._.js:776
[  108507ms] [LOG] [Fast Refresh] done in 819ms @ http://localhost:3000/_next/static/chunks/node_modules_next_dist_1e8vcs8._.js:776
[  108571ms] [LOG] [Fast Refresh] done in 819ms @ http://localhost:3000/_next/static/chunks/node_modules_next_dist_1e8vcs8._.js:776
[  108633ms] [LOG] [Fast Refresh] done in 819ms @ http://localhost:3000/_next/static/chunks/node_modules_next_dist_1e8vcs8._.js:776
[  108695ms] [LOG] [Fast Refresh] done in 819ms @ http://localhost:3000/_next/static/chunks/node_modules_next_dist_1e8vcs8._.js:776
[  108758ms] [LOG] [Fast Refresh] done in 819ms @ http://localhost:3000/_next/static/chunks/node_modules_next_dist_1e8vcs8._.js:776
[  108821ms] [LOG] [Fast Refresh] done in 819ms @ http://localhost:3000/_next/static/chunks/node_modules_next_dist_1e8vcs8._.js:776
[  108882ms] [LOG] [Fast Refresh] done in 819ms @ http://localhost:3000/_next/static/chunks/node_modules_next_dist_1e8vcs8._.js:776
[  108946ms] [LOG] [Fast Refresh] done in 819ms @ http://localhost:3000/_next/static/chunks/node_modules_next_dist_1e8vcs8._.js:776
[  109008ms] [LOG] [Fast Refresh] done in 819ms @ http://localhost:3000/_next/static/chunks/node_modules_next_dist_1e8vcs8._.js:776
[  109071ms] [LOG] [Fast Refresh] done in 819ms @ http://localhost:3000/_next/static/chunks/node_modules_next_dist_1e8vcs8._.js:776
[  109133ms] [LOG] [Fast Refresh] done in 819ms @ http://localhost:3000/_next/static/chunks/node_modules_next_dist_1e8vcs8._.js:776
[  109197ms] [LOG] [Fast Refresh] done in 819ms @ http://localhost:3000/_next/static/chunks/node_modules_next_dist_1e8vcs8._.js:776
[  109257ms] [LOG] [Fast Refresh] done in 819ms @ http://localhost:3000/_next/static/chunks/node_modules_next_dist_1e8vcs8._.js:776
[  109322ms] [LOG] [Fast Refresh] done in 819ms @ http://localhost:3000/_next/static/chunks/node_modules_next_dist_1e8vcs8._.js:776
[  109381ms] [LOG] [Fast Refresh] done in 819ms @ http://localhost:3000/_next/static/chunks/node_modules_next_dist_1e8vcs8._.js:776
[  109445ms] [LOG] [Fast Refresh] done in 819ms @ http://localhost:3000/_next/static/chunks/node_modules_next_dist_1e8vcs8._.js:776
[  109507ms] [LOG] [Fast Refresh] done in 819ms @ http://localhost:3000/_next/static/chunks/node_modules_next_dist_1e8vcs8._.js:776
[  109569ms] [LOG] [Fast Refresh] done in 819ms @ http://localhost:3000/_next/static/chunks/node_modules_next_dist_1e8vcs8._.js:776
[  109632ms] [LOG] [Fast Refresh] done in 819ms @ http://localhost:3000/_next/static/chunks/node_modules_next_dist_1e8vcs8._.js:776
[  109695ms] [LOG] [Fast Refresh] done in 819ms @ http://localhost:3000/_next/static/chunks/node_modules_next_dist_1e8vcs8._.js:776
[  109757ms] [LOG] [Fast Refresh] done in 819ms @ http://localhost:3000/_next/static/chunks/node_modules_next_dist_1e8vcs8._.js:776
[  109818ms] [LOG] [Fast Refresh] done in 819ms @ http://localhost:3000/_next/static/chunks/node_modules_next_dist_1e8vcs8._.js:776
[  109880ms] [LOG] [Fast Refresh] done in 819ms @ http://localhost:3000/_next/static/chunks/node_modules_next_dist_1e8vcs8._.js:776
[  109943ms] [LOG] [Fast Refresh] done in 819ms @ http://localhost:3000/_next/static/chunks/node_modules_next_dist_1e8vcs8._.js:776
[  110003ms] [LOG] [Fast Refresh] done in 819ms @ http://localhost:3000/_next/static/chunks/node_modules_next_dist_1e8vcs8._.js:776
[  110066ms] [LOG] [Fast Refresh] done in 819ms @ http://localhost:3000/_next/static/chunks/node_modules_next_dist_1e8vcs8._.js:776
[  110129ms] [LOG] [Fast Refresh] done in 819ms @ http://localhost:3000/_next/static/chunks/node_modules_next_dist_1e8vcs8._.js:776
[  110192ms] [LOG] [Fast Refresh] done in 819ms @ http://localhost:3000/_next/static/chunks/node_modules_next_dist_1e8vcs8._.js:776
[  110256ms] [LOG] [Fast Refresh] done in 819ms @ http://localhost:3000/_next/static/chunks/node_modules_next_dist_1e8vcs8._.js:776
[  110317ms] [LOG] [Fast Refresh] done in 819ms @ http://localhost:3000/_next/static/chunks/node_modules_next_dist_1e8vcs8._.js:776
[  110380ms] [LOG] [Fast Refresh] done in 819ms @ http://localhost:3000/_next/static/chunks/node_modules_next_dist_1e8vcs8._.js:776
[  110440ms] [LOG] [Fast Refresh] done in 819ms @ http://localhost:3000/_next/static/chunks/node_modules_next_dist_1e8vcs8._.js:776
[  110503ms] [LOG] [Fast Refresh] done in 819ms @ http://localhost:3000/_next/static/chunks/node_modules_next_dist_1e8vcs8._.js:776
[  110564ms] [LOG] [Fast Refresh] done in 819ms @ http://localhost:3000/_next/static/chunks/node_modules_next_dist_1e8vcs8._.js:776
[  110627ms] [LOG] [Fast Refresh] done in 819ms @ http://localhost:3000/_next/static/chunks/node_modules_next_dist_1e8vcs8._.js:776
[  110689ms] [LOG] [Fast Refresh] done in 819ms @ http://localhost:3000/_next/static/chunks/node_modules_next_dist_1e8vcs8._.js:776
[  110751ms] [LOG] [Fast Refresh] done in 819ms @ http://localhost:3000/_next/static/chunks/node_modules_next_dist_1e8vcs8._.js:776
[  110813ms] [LOG] [Fast Refresh] done in 819ms @ http://localhost:3000/_next/static/chunks/node_modules_next_dist_1e8vcs8._.js:776
[  110874ms] [LOG] [Fast Refresh] done in 819ms @ http://localhost:3000/_next/static/chunks/node_modules_next_dist_1e8vcs8._.js:776
[  110939ms] [LOG] [Fast Refresh] done in 819ms @ http://localhost:3000/_next/static/chunks/node_modules_next_dist_1e8vcs8._.js:776
[  111002ms] [LOG] [Fast Refresh] done in 819ms @ http://localhost:3000/_next/static/chunks/node_modules_next_dist_1e8vcs8._.js:776
[  111063ms] [LOG] [Fast Refresh] done in 819ms @ http://localhost:3000/_next/static/chunks/node_modules_next_dist_1e8vcs8._.js:776
[  111126ms] [LOG] [Fast Refresh] done in 819ms @ http://localhost:3000/_next/static/chunks/node_modules_next_dist_1e8vcs8._.js:776
[  111189ms] [LOG] [Fast Refresh] done in 819ms @ http://localhost:3000/_next/static/chunks/node_modules_next_dist_1e8vcs8._.js:776
[  111253ms] [LOG] [Fast Refresh] done in 819ms @ http://localhost:3000/_next/static/chunks/node_modules_next_dist_1e8vcs8._.js:776
[  111316ms] [LOG] [Fast Refresh] done in 819ms @ http://localhost:3000/_next/static/chunks/node_modules_next_dist_1e8vcs8._.js:776
[  111379ms] [LOG] [Fast Refresh] done in 819ms @ http://localhost:3000/_next/static/chunks/node_modules_next_dist_1e8vcs8._.js:776
[  111445ms] [LOG] [Fast Refresh] done in 819ms @ http://localhost:3000/_next/static/chunks/node_modules_next_dist_1e8vcs8._.js:776
[  111505ms] [LOG] [Fast Refresh] done in 819ms @ http://localhost:3000/_next/static/chunks/node_modules_next_dist_1e8vcs8._.js:776
[  111566ms] [LOG] [Fast Refresh] done in 819ms @ http://localhost:3000/_next/static/chunks/node_modules_next_dist_1e8vcs8._.js:776
[  111631ms] [LOG] [Fast Refresh] done in 819ms @ http://localhost:3000/_next/static/chunks/node_modules_next_dist_1e8vcs8._.js:776
[  111692ms] [LOG] [Fast Refresh] done in 819ms @ http://localhost:3000/_next/static/chunks/node_modules_next_dist_1e8vcs8._.js:776
[  111753ms] [LOG] [Fast Refresh] done in 819ms @ http://localhost:3000/_next/static/chunks/node_modules_next_dist_1e8vcs8._.js:776
[  111816ms] [LOG] [Fast Refresh] done in 819ms @ http://localhost:3000/_next/static/chunks/node_modules_next_dist_1e8vcs8._.js:776
[  111878ms] [LOG] [Fast Refresh] done in 819ms @ http://localhost:3000/_next/static/chunks/node_modules_next_dist_1e8vcs8._.js:776
[  111941ms] [LOG] [Fast Refresh] done in 819ms @ http://localhost:3000/_next/static/chunks/node_modules_next_dist_1e8vcs8._.js:776
[  112003ms] [LOG] [Fast Refresh] done in 819ms @ http://localhost:3000/_next/static/chunks/node_modules_next_dist_1e8vcs8._.js:776
[  112065ms] [LOG] [Fast Refresh] done in 819ms @ http://localhost:3000/_next/static/chunks/node_modules_next_dist_1e8vcs8._.js:776
[  112128ms] [LOG] [Fast Refresh] done in 819ms @ http://localhost:3000/_next/static/chunks/node_modules_next_dist_1e8vcs8._.js:776
[  112191ms] [LOG] [Fast Refresh] done in 819ms @ http://localhost:3000/_next/static/chunks/node_modules_next_dist_1e8vcs8._.js:776
[  112252ms] [LOG] [Fast Refresh] done in 819ms @ http://localhost:3000/_next/static/chunks/node_modules_next_dist_1e8vcs8._.js:776
[  112315ms] [LOG] [Fast Refresh] done in 819ms @ http://localhost:3000/_next/static/chunks/node_modules_next_dist_1e8vcs8._.js:776
[  112377ms] [LOG] [Fast Refresh] done in 819ms @ http://localhost:3000/_next/static/chunks/node_modules_next_dist_1e8vcs8._.js:776
[  112440ms] [LOG] [Fast Refresh] done in 819ms @ http://localhost:3000/_next/static/chunks/node_modules_next_dist_1e8vcs8._.js:776
[  112502ms] [LOG] [Fast Refresh] done in 819ms @ http://localhost:3000/_next/static/chunks/node_modules_next_dist_1e8vcs8._.js:776
[  112564ms] [LOG] [Fast Refresh] done in 819ms @ http://localhost:3000/_next/static/chunks/node_modules_next_dist_1e8vcs8._.js:776
[  112627ms] [LOG] [Fast Refresh] done in 819ms @ http://localhost:3000/_next/static/chunks/node_modules_next_dist_1e8vcs8._.js:776
[  112689ms] [LOG] [Fast Refresh] done in 819ms @ http://localhost:3000/_next/static/chunks/node_modules_next_dist_1e8vcs8._.js:776
[  112751ms] [LOG] [Fast Refresh] done in 819ms @ http://localhost:3000/_next/static/chunks/node_modules_next_dist_1e8vcs8._.js:776
[  112813ms] [LOG] [Fast Refresh] done in 819ms @ http://localhost:3000/_next/static/chunks/node_modules_next_dist_1e8vcs8._.js:776
[  112875ms] [LOG] [Fast Refresh] done in 819ms @ http://localhost:3000/_next/static/chunks/node_modules_next_dist_1e8vcs8._.js:776
[  112937ms] [LOG] [Fast Refresh] done in 819ms @ http://localhost:3000/_next/static/chunks/node_modules_next_dist_1e8vcs8._.js:776
[  112998ms] [LOG] [Fast Refresh] done in 819ms @ http://localhost:3000/_next/static/chunks/node_modules_next_dist_1e8vcs8._.js:776
[  113060ms] [LOG] [Fast Refresh] done in 819ms @ http://localhost:3000/_next/static/chunks/node_modules_next_dist_1e8vcs8._.js:776
[  113122ms] [LOG] [Fast Refresh] done in 819ms @ http://localhost:3000/_next/static/chunks/node_modules_next_dist_1e8vcs8._.js:776
[  113185ms] [LOG] [Fast Refresh] done in 819ms @ http://localhost:3000/_next/static/chunks/node_modules_next_dist_1e8vcs8._.js:776
[  113248ms] [LOG] [Fast Refresh] done in 819ms @ http://localhost:3000/_next/static/chunks/node_modules_next_dist_1e8vcs8._.js:776
[  113311ms] [LOG] [Fast Refresh] done in 819ms @ http://localhost:3000/_next/static/chunks/node_modules_next_dist_1e8vcs8._.js:776
[  113373ms] [LOG] [Fast Refresh] done in 819ms @ http://localhost:3000/_next/static/chunks/node_modules_next_dist_1e8vcs8._.js:776
[  113436ms] [LOG] [Fast Refresh] done in 819ms @ http://localhost:3000/_next/static/chunks/node_modules_next_dist_1e8vcs8._.js:776
[  113498ms] [LOG] [Fast Refresh] done in 819ms @ http://localhost:3000/_next/static/chunks/node_modules_next_dist_1e8vcs8._.js:776
[  113559ms] [LOG] [Fast Refresh] done in 819ms @ http://localhost:3000/_next/static/chunks/node_modules_next_dist_1e8vcs8._.js:776
[  113622ms] [LOG] [Fast Refresh] done in 819ms @ http://localhost:3000/_next/static/chunks/node_modules_next_dist_1e8vcs8._.js:776
[  113683ms] [LOG] [Fast Refresh] done in 819ms @ http://localhost:3000/_next/static/chunks/node_modules_next_dist_1e8vcs8._.js:776
[  113746ms] [LOG] [Fast Refresh] done in 819ms @ http://localhost:3000/_next/static/chunks/node_modules_next_dist_1e8vcs8._.js:776
[  113807ms] [LOG] [Fast Refresh] done in 819ms @ http://localhost:3000/_next/static/chunks/node_modules_next_dist_1e8vcs8._.js:776
[  113869ms] [LOG] [Fast Refresh] done in 819ms @ http://localhost:3000/_next/static/chunks/node_modules_next_dist_1e8vcs8._.js:776
[  113932ms] [LOG] [Fast Refresh] done in 819ms @ http://localhost:3000/_next/static/chunks/node_modules_next_dist_1e8vcs8._.js:776
[  113995ms] [LOG] [Fast Refresh] done in 819ms @ http://localhost:3000/_next/static/chunks/node_modules_next_dist_1e8vcs8._.js:776
[  114056ms] [LOG] [Fast Refresh] done in 819ms @ http://localhost:3000/_next/static/chunks/node_modules_next_dist_1e8vcs8._.js:776
[  114119ms] [LOG] [Fast Refresh] done in 819ms @ http://localhost:3000/_next/static/chunks/node_modules_next_dist_1e8vcs8._.js:776
[  114184ms] [LOG] [Fast Refresh] done in 819ms @ http://localhost:3000/_next/static/chunks/node_modules_next_dist_1e8vcs8._.js:776
[  114244ms] [LOG] [Fast Refresh] done in 819ms @ http://localhost:3000/_next/static/chunks/node_modules_next_dist_1e8vcs8._.js:776
[  114306ms] [LOG] [Fast Refresh] done in 819ms @ http://localhost:3000/_next/static/chunks/node_modules_next_dist_1e8vcs8._.js:776
[  114370ms] [LOG] [Fast Refresh] done in 819ms @ http://localhost:3000/_next/static/chunks/node_modules_next_dist_1e8vcs8._.js:776
[  114430ms] [LOG] [Fast Refresh] done in 819ms @ http://localhost:3000/_next/static/chunks/node_modules_next_dist_1e8vcs8._.js:776
[  114493ms] [LOG] [Fast Refresh] done in 819ms @ http://localhost:3000/_next/static/chunks/node_modules_next_dist_1e8vcs8._.js:776
[  114556ms] [LOG] [Fast Refresh] done in 819ms @ http://localhost:3000/_next/static/chunks/node_modules_next_dist_1e8vcs8._.js:776
[  114617ms] [LOG] [Fast Refresh] done in 819ms @ http://localhost:3000/_next/static/chunks/node_modules_next_dist_1e8vcs8._.js:776
[  114680ms] [LOG] [Fast Refresh] done in 819ms @ http://localhost:3000/_next/static/chunks/node_modules_next_dist_1e8vcs8._.js:776
[  114740ms] [LOG] [Fast Refresh] done in 819ms @ http://localhost:3000/_next/static/chunks/node_modules_next_dist_1e8vcs8._.js:776
[  114803ms] [LOG] [Fast Refresh] done in 819ms @ http://localhost:3000/_next/static/chunks/node_modules_next_dist_1e8vcs8._.js:776
[  114863ms] [LOG] [Fast Refresh] done in 819ms @ http://localhost:3000/_next/static/chunks/node_modules_next_dist_1e8vcs8._.js:776
[  114926ms] [LOG] [Fast Refresh] done in 819ms @ http://localhost:3000/_next/static/chunks/node_modules_next_dist_1e8vcs8._.js:776
[  114988ms] [LOG] [Fast Refresh] done in 819ms @ http://localhost:3000/_next/static/chunks/node_modules_next_dist_1e8vcs8._.js:776
[  115052ms] [LOG] [Fast Refresh] done in 819ms @ http://localhost:3000/_next/static/chunks/node_modules_next_dist_1e8vcs8._.js:776
[  115113ms] [LOG] [Fast Refresh] done in 819ms @ http://localhost:3000/_next/static/chunks/node_modules_next_dist_1e8vcs8._.js:776
[  115178ms] [LOG] [Fast Refresh] done in 819ms @ http://localhost:3000/_next/static/chunks/node_modules_next_dist_1e8vcs8._.js:776
[  115239ms] [LOG] [Fast Refresh] done in 819ms @ http://localhost:3000/_next/static/chunks/node_modules_next_dist_1e8vcs8._.js:776
[  115302ms] [LOG] [Fast Refresh] done in 819ms @ http://localhost:3000/_next/static/chunks/node_modules_next_dist_1e8vcs8._.js:776
[  115361ms] [LOG] [Fast Refresh] done in 819ms @ http://localhost:3000/_next/static/chunks/node_modules_next_dist_1e8vcs8._.js:776
[  115424ms] [LOG] [Fast Refresh] done in 819ms @ http://localhost:3000/_next/static/chunks/node_modules_next_dist_1e8vcs8._.js:776
[  115487ms] [LOG] [Fast Refresh] done in 819ms @ http://localhost:3000/_next/static/chunks/node_modules_next_dist_1e8vcs8._.js:776
[  115551ms] [LOG] [Fast Refresh] done in 819ms @ http://localhost:3000/_next/static/chunks/node_modules_next_dist_1e8vcs8._.js:776
[  115615ms] [LOG] [Fast Refresh] done in 819ms @ http://localhost:3000/_next/static/chunks/node_modules_next_dist_1e8vcs8._.js:776
[  115667ms] [LOG] [Fast Refresh] done in 819ms @ http://localhost:3000/_next/static/chunks/node_modules_next_dist_1e8vcs8._.js:776
[  115727ms] [LOG] [Fast Refresh] done in 819ms @ http://localhost:3000/_next/static/chunks/node_modules_next_dist_1e8vcs8._.js:776
[  115787ms] [LOG] [Fast Refresh] done in 819ms @ http://localhost:3000/_next/static/chunks/node_modules_next_dist_1e8vcs8._.js:776
[  115849ms] [LOG] [Fast Refresh] done in 819ms @ http://localhost:3000/_next/static/chunks/node_modules_next_dist_1e8vcs8._.js:776
[  115912ms] [LOG] [Fast Refresh] done in 819ms @ http://localhost:3000/_next/static/chunks/node_modules_next_dist_1e8vcs8._.js:776
[  115974ms] [LOG] [Fast Refresh] done in 819ms @ http://localhost:3000/_next/static/chunks/node_modules_next_dist_1e8vcs8._.js:776
[  116041ms] [LOG] [Fast Refresh] done in 819ms @ http://localhost:3000/_next/static/chunks/node_modules_next_dist_1e8vcs8._.js:776
[  116099ms] [LOG] [Fast Refresh] done in 819ms @ http://localhost:3000/_next/static/chunks/node_modules_next_dist_1e8vcs8._.js:776
[  116161ms] [LOG] [Fast Refresh] done in 819ms @ http://localhost:3000/_next/static/chunks/node_modules_next_dist_1e8vcs8._.js:776
[  116228ms] [LOG] [Fast Refresh] done in 819ms @ http://localhost:3000/_next/static/chunks/node_modules_next_dist_1e8vcs8._.js:776
[  116286ms] [LOG] [Fast Refresh] done in 819ms @ http://localhost:3000/_next/static/chunks/node_modules_next_dist_1e8vcs8._.js:776
[  116347ms] [LOG] [Fast Refresh] done in 819ms @ http://localhost:3000/_next/static/chunks/node_modules_next_dist_1e8vcs8._.js:776
[  116410ms] [LOG] [Fast Refresh] done in 819ms @ http://localhost:3000/_next/static/chunks/node_modules_next_dist_1e8vcs8._.js:776
[  116470ms] [LOG] [Fast Refresh] done in 819ms @ http://localhost:3000/_next/static/chunks/node_modules_next_dist_1e8vcs8._.js:776
[  116534ms] [LOG] [Fast Refresh] done in 819ms @ http://localhost:3000/_next/static/chunks/node_modules_next_dist_1e8vcs8._.js:776
[  116596ms] [LOG] [Fast Refresh] done in 819ms @ http://localhost:3000/_next/static/chunks/node_modules_next_dist_1e8vcs8._.js:776
[  116663ms] [LOG] [Fast Refresh] done in 819ms @ http://localhost:3000/_next/static/chunks/node_modules_next_dist_1e8vcs8._.js:776
[  116759ms] [LOG] [Fast Refresh] done in 819ms @ http://localhost:3000/_next/static/chunks/node_modules_next_dist_1e8vcs8._.js:776
[  116873ms] [LOG] [Fast Refresh] done in 819ms @ http://localhost:3000/_next/static/chunks/node_modules_next_dist_1e8vcs8._.js:776
[  116991ms] [LOG] [Fast Refresh] done in 819ms @ http://localhost:3000/_next/static/chunks/node_modules_next_dist_1e8vcs8._.js:776
[  117151ms] [LOG] [Fast Refresh] done in 819ms @ http://localhost:3000/_next/static/chunks/node_modules_next_dist_1e8vcs8._.js:776
[  117213ms] [LOG] [Fast Refresh] done in 819ms @ http://localhost:3000/_next/static/chunks/node_modules_next_dist_1e8vcs8._.js:776
[  117341ms] [LOG] [Fast Refresh] done in 819ms @ http://localhost:3000/_next/static/chunks/node_modules_next_dist_1e8vcs8._.js:776
[  117434ms] [LOG] [Fast Refresh] done in 819ms @ http://localhost:3000/_next/static/chunks/node_modules_next_dist_1e8vcs8._.js:776
[  117534ms] [LOG] [Fast Refresh] done in 819ms @ http://localhost:3000/_next/static/chunks/node_modules_next_dist_1e8vcs8._.js:776
[  117606ms] [LOG] [Fast Refresh] done in 819ms @ http://localhost:3000/_next/static/chunks/node_modules_next_dist_1e8vcs8._.js:776
[  117669ms] [LOG] [Fast Refresh] done in 819ms @ http://localhost:3000/_next/static/chunks/node_modules_next_dist_1e8vcs8._.js:776
[  117731ms] [LOG] [Fast Refresh] done in 819ms @ http://localhost:3000/_next/static/chunks/node_modules_next_dist_1e8vcs8._.js:776
[  117793ms] [LOG] [Fast Refresh] done in 819ms @ http://localhost:3000/_next/static/chunks/node_modules_next_dist_1e8vcs8._.js:776
[  117854ms] [LOG] [Fast Refresh] done in 819ms @ http://localhost:3000/_next/static/chunks/node_modules_next_dist_1e8vcs8._.js:776
[  117917ms] [LOG] [Fast Refresh] done in 819ms @ http://localhost:3000/_next/static/chunks/node_modules_next_dist_1e8vcs8._.js:776
[  117978ms] [LOG] [Fast Refresh] done in 819ms @ http://localhost:3000/_next/static/chunks/node_modules_next_dist_1e8vcs8._.js:776
[  118042ms] [LOG] [Fast Refresh] done in 819ms @ http://localhost:3000/_next/static/chunks/node_modules_next_dist_1e8vcs8._.js:776
[  118102ms] [LOG] [Fast Refresh] done in 819ms @ http://localhost:3000/_next/static/chunks/node_modules_next_dist_1e8vcs8._.js:776
[  118164ms] [LOG] [Fast Refresh] done in 819ms @ http://localhost:3000/_next/static/chunks/node_modules_next_dist_1e8vcs8._.js:776
[  118226ms] [LOG] [Fast Refresh] done in 819ms @ http://localhost:3000/_next/static/chunks/node_modules_next_dist_1e8vcs8._.js:776
[  118289ms] [LOG] [Fast Refresh] done in 819ms @ http://localhost:3000/_next/static/chunks/node_modules_next_dist_1e8vcs8._.js:776
[  118355ms] [LOG] [Fast Refresh] done in 819ms @ http://localhost:3000/_next/static/chunks/node_modules_next_dist_1e8vcs8._.js:776
[  118417ms] [LOG] [Fast Refresh] done in 819ms @ http://localhost:3000/_next/static/chunks/node_modules_next_dist_1e8vcs8._.js:776
[  118476ms] [LOG] [Fast Refresh] done in 819ms @ http://localhost:3000/_next/static/chunks/node_modules_next_dist_1e8vcs8._.js:776
[  118539ms] [LOG] [Fast Refresh] done in 819ms @ http://localhost:3000/_next/static/chunks/node_modules_next_dist_1e8vcs8._.js:776
[  118600ms] [LOG] [Fast Refresh] done in 819ms @ http://localhost:3000/_next/static/chunks/node_modules_next_dist_1e8vcs8._.js:776
[  118662ms] [LOG] [Fast Refresh] done in 819ms @ http://localhost:3000/_next/static/chunks/node_modules_next_dist_1e8vcs8._.js:776
[  118724ms] [LOG] [Fast Refresh] done in 819ms @ http://localhost:3000/_next/static/chunks/node_modules_next_dist_1e8vcs8._.js:776
[  118786ms] [LOG] [Fast Refresh] done in 819ms @ http://localhost:3000/_next/static/chunks/node_modules_next_dist_1e8vcs8._.js:776
[  118848ms] [LOG] [Fast Refresh] done in 819ms @ http://localhost:3000/_next/static/chunks/node_modules_next_dist_1e8vcs8._.js:776
[  118911ms] [LOG] [Fast Refresh] done in 819ms @ http://localhost:3000/_next/static/chunks/node_modules_next_dist_1e8vcs8._.js:776
[  118974ms] [LOG] [Fast Refresh] done in 819ms @ http://localhost:3000/_next/static/chunks/node_modules_next_dist_1e8vcs8._.js:776
[  119037ms] [LOG] [Fast Refresh] done in 819ms @ http://localhost:3000/_next/static/chunks/node_modules_next_dist_1e8vcs8._.js:776
[  119101ms] [LOG] [Fast Refresh] done in 819ms @ http://localhost:3000/_next/static/chunks/node_modules_next_dist_1e8vcs8._.js:776
[  119160ms] [LOG] [Fast Refresh] done in 819ms @ http://localhost:3000/_next/static/chunks/node_modules_next_dist_1e8vcs8._.js:776
[  119222ms] [LOG] [Fast Refresh] done in 819ms @ http://localhost:3000/_next/static/chunks/node_modules_next_dist_1e8vcs8._.js:776
[  119285ms] [LOG] [Fast Refresh] done in 819ms @ http://localhost:3000/_next/static/chunks/node_modules_next_dist_1e8vcs8._.js:776
[  119347ms] [LOG] [Fast Refresh] done in 819ms @ http://localhost:3000/_next/static/chunks/node_modules_next_dist_1e8vcs8._.js:776
[  119410ms] [LOG] [Fast Refresh] done in 819ms @ http://localhost:3000/_next/static/chunks/node_modules_next_dist_1e8vcs8._.js:776
[  119471ms] [LOG] [Fast Refresh] done in 819ms @ http://localhost:3000/_next/static/chunks/node_modules_next_dist_1e8vcs8._.js:776
[  119536ms] [LOG] [Fast Refresh] done in 819ms @ http://localhost:3000/_next/static/chunks/node_modules_next_dist_1e8vcs8._.js:776
[  119598ms] [LOG] [Fast Refresh] done in 819ms @ http://localhost:3000/_next/static/chunks/node_modules_next_dist_1e8vcs8._.js:776
[  119659ms] [LOG] [Fast Refresh] done in 819ms @ http://localhost:3000/_next/static/chunks/node_modules_next_dist_1e8vcs8._.js:776
[  119721ms] [LOG] [Fast Refresh] done in 819ms @ http://localhost:3000/_next/static/chunks/node_modules_next_dist_1e8vcs8._.js:776
[  119783ms] [LOG] [Fast Refresh] done in 819ms @ http://localhost:3000/_next/static/chunks/node_modules_next_dist_1e8vcs8._.js:776
[  119846ms] [LOG] [Fast Refresh] done in 819ms @ http://localhost:3000/_next/static/chunks/node_modules_next_dist_1e8vcs8._.js:776
[  119908ms] [LOG] [Fast Refresh] done in 819ms @ http://localhost:3000/_next/static/chunks/node_modules_next_dist_1e8vcs8._.js:776
[  119968ms] [LOG] [Fast Refresh] done in 819ms @ http://localhost:3000/_next/static/chunks/node_modules_next_dist_1e8vcs8._.js:776
[  120030ms] [LOG] [Fast Refresh] done in 819ms @ http://localhost:3000/_next/static/chunks/node_modules_next_dist_1e8vcs8._.js:776
[  120092ms] [LOG] [Fast Refresh] done in 819ms @ http://localhost:3000/_next/static/chunks/node_modules_next_dist_1e8vcs8._.js:776
[  120155ms] [LOG] [Fast Refresh] done in 819ms @ http://localhost:3000/_next/static/chunks/node_modules_next_dist_1e8vcs8._.js:776
[  120218ms] [LOG] [Fast Refresh] done in 819ms @ http://localhost:3000/_next/static/chunks/node_modules_next_dist_1e8vcs8._.js:776
[  120278ms] [LOG] [Fast Refresh] done in 819ms @ http://localhost:3000/_next/static/chunks/node_modules_next_dist_1e8vcs8._.js:776
[  120338ms] [LOG] [Fast Refresh] done in 819ms @ http://localhost:3000/_next/static/chunks/node_modules_next_dist_1e8vcs8._.js:776
[  120401ms] [LOG] [Fast Refresh] done in 819ms @ http://localhost:3000/_next/static/chunks/node_modules_next_dist_1e8vcs8._.js:776
[  120464ms] [LOG] [Fast Refresh] done in 819ms @ http://localhost:3000/_next/static/chunks/node_modules_next_dist_1e8vcs8._.js:776
[  120526ms] [LOG] [Fast Refresh] done in 819ms @ http://localhost:3000/_next/static/chunks/node_modules_next_dist_1e8vcs8._.js:776
[  120576ms] [LOG] [Fast Refresh] done in 819ms @ http://localhost:3000/_next/static/chunks/node_modules_next_dist_1e8vcs8._.js:776
[  120636ms] [LOG] [Fast Refresh] done in 819ms @ http://localhost:3000/_next/static/chunks/node_modules_next_dist_1e8vcs8._.js:776
[  120700ms] [LOG] [Fast Refresh] done in 819ms @ http://localhost:3000/_next/static/chunks/node_modules_next_dist_1e8vcs8._.js:776
[  120765ms] [LOG] [Fast Refresh] done in 819ms @ http://localhost:3000/_next/static/chunks/node_modules_next_dist_1e8vcs8._.js:776
[  120876ms] [LOG] [Fast Refresh] done in 819ms @ http://localhost:3000/_next/static/chunks/node_modules_next_dist_1e8vcs8._.js:776
[  120941ms] [LOG] [Fast Refresh] done in 819ms @ http://localhost:3000/_next/static/chunks/node_modules_next_dist_1e8vcs8._.js:776
[  121006ms] [LOG] [Fast Refresh] done in 819ms @ http://localhost:3000/_next/static/chunks/node_modules_next_dist_1e8vcs8._.js:776
[  121064ms] [LOG] [Fast Refresh] done in 819ms @ http://localhost:3000/_next/static/chunks/node_modules_next_dist_1e8vcs8._.js:776
[  121126ms] [LOG] [Fast Refresh] done in 819ms @ http://localhost:3000/_next/static/chunks/node_modules_next_dist_1e8vcs8._.js:776
[  121187ms] [LOG] [Fast Refresh] done in 819ms @ http://localhost:3000/_next/static/chunks/node_modules_next_dist_1e8vcs8._.js:776
[  121249ms] [LOG] [Fast Refresh] done in 819ms @ http://localhost:3000/_next/static/chunks/node_modules_next_dist_1e8vcs8._.js:776
[  121311ms] [LOG] [Fast Refresh] done in 819ms @ http://localhost:3000/_next/static/chunks/node_modules_next_dist_1e8vcs8._.js:776
[  121376ms] [LOG] [Fast Refresh] done in 819ms @ http://localhost:3000/_next/static/chunks/node_modules_next_dist_1e8vcs8._.js:776
[  121435ms] [LOG] [Fast Refresh] done in 819ms @ http://localhost:3000/_next/static/chunks/node_modules_next_dist_1e8vcs8._.js:776
[  121496ms] [LOG] [Fast Refresh] done in 819ms @ http://localhost:3000/_next/static/chunks/node_modules_next_dist_1e8vcs8._.js:776
[  121559ms] [LOG] [Fast Refresh] done in 819ms @ http://localhost:3000/_next/static/chunks/node_modules_next_dist_1e8vcs8._.js:776
[  121622ms] [LOG] [Fast Refresh] done in 819ms @ http://localhost:3000/_next/static/chunks/node_modules_next_dist_1e8vcs8._.js:776
[  121686ms] [LOG] [Fast Refresh] done in 819ms @ http://localhost:3000/_next/static/chunks/node_modules_next_dist_1e8vcs8._.js:776
[  121745ms] [LOG] [Fast Refresh] done in 819ms @ http://localhost:3000/_next/static/chunks/node_modules_next_dist_1e8vcs8._.js:776
[  121806ms] [LOG] [Fast Refresh] done in 819ms @ http://localhost:3000/_next/static/chunks/node_modules_next_dist_1e8vcs8._.js:776
[  121868ms] [LOG] [Fast Refresh] done in 819ms @ http://localhost:3000/_next/static/chunks/node_modules_next_dist_1e8vcs8._.js:776
[  121930ms] [LOG] [Fast Refresh] done in 819ms @ http://localhost:3000/_next/static/chunks/node_modules_next_dist_1e8vcs8._.js:776
[  121994ms] [LOG] [Fast Refresh] done in 819ms @ http://localhost:3000/_next/static/chunks/node_modules_next_dist_1e8vcs8._.js:776
[  122054ms] [LOG] [Fast Refresh] done in 819ms @ http://localhost:3000/_next/static/chunks/node_modules_next_dist_1e8vcs8._.js:776
[  122117ms] [LOG] [Fast Refresh] done in 819ms @ http://localhost:3000/_next/static/chunks/node_modules_next_dist_1e8vcs8._.js:776
[  122181ms] [LOG] [Fast Refresh] done in 819ms @ http://localhost:3000/_next/static/chunks/node_modules_next_dist_1e8vcs8._.js:776
[  122242ms] [LOG] [Fast Refresh] done in 819ms @ http://localhost:3000/_next/static/chunks/node_modules_next_dist_1e8vcs8._.js:776
[  122304ms] [LOG] [Fast Refresh] done in 819ms @ http://localhost:3000/_next/static/chunks/node_modules_next_dist_1e8vcs8._.js:776
[  122366ms] [LOG] [Fast Refresh] done in 819ms @ http://localhost:3000/_next/static/chunks/node_modules_next_dist_1e8vcs8._.js:776
[  122428ms] [LOG] [Fast Refresh] done in 819ms @ http://localhost:3000/_next/static/chunks/node_modules_next_dist_1e8vcs8._.js:776
[  122489ms] [LOG] [Fast Refresh] done in 819ms @ http://localhost:3000/_next/static/chunks/node_modules_next_dist_1e8vcs8._.js:776
[  122551ms] [LOG] [Fast Refresh] done in 819ms @ http://localhost:3000/_next/static/chunks/node_modules_next_dist_1e8vcs8._.js:776
[  122613ms] [LOG] [Fast Refresh] done in 819ms @ http://localhost:3000/_next/static/chunks/node_modules_next_dist_1e8vcs8._.js:776
[  122677ms] [LOG] [Fast Refresh] done in 819ms @ http://localhost:3000/_next/static/chunks/node_modules_next_dist_1e8vcs8._.js:776
[  122740ms] [LOG] [Fast Refresh] done in 819ms @ http://localhost:3000/_next/static/chunks/node_modules_next_dist_1e8vcs8._.js:776
[  122801ms] [LOG] [Fast Refresh] done in 819ms @ http://localhost:3000/_next/static/chunks/node_modules_next_dist_1e8vcs8._.js:776
[  122862ms] [LOG] [Fast Refresh] done in 819ms @ http://localhost:3000/_next/static/chunks/node_modules_next_dist_1e8vcs8._.js:776
[  122925ms] [LOG] [Fast Refresh] done in 819ms @ http://localhost:3000/_next/static/chunks/node_modules_next_dist_1e8vcs8._.js:776
[  122991ms] [LOG] [Fast Refresh] done in 819ms @ http://localhost:3000/_next/static/chunks/node_modules_next_dist_1e8vcs8._.js:776
[  123050ms] [LOG] [Fast Refresh] done in 819ms @ http://localhost:3000/_next/static/chunks/node_modules_next_dist_1e8vcs8._.js:776
[  123112ms] [LOG] [Fast Refresh] done in 819ms @ http://localhost:3000/_next/static/chunks/node_modules_next_dist_1e8vcs8._.js:776
[  123174ms] [LOG] [Fast Refresh] done in 819ms @ http://localhost:3000/_next/static/chunks/node_modules_next_dist_1e8vcs8._.js:776
[  123235ms] [LOG] [Fast Refresh] done in 819ms @ http://localhost:3000/_next/static/chunks/node_modules_next_dist_1e8vcs8._.js:776
[  123298ms] [LOG] [Fast Refresh] done in 819ms @ http://localhost:3000/_next/static/chunks/node_modules_next_dist_1e8vcs8._.js:776
[  123360ms] [LOG] [Fast Refresh] done in 819ms @ http://localhost:3000/_next/static/chunks/node_modules_next_dist_1e8vcs8._.js:776
[  123423ms] [LOG] [Fast Refresh] done in 819ms @ http://localhost:3000/_next/static/chunks/node_modules_next_dist_1e8vcs8._.js:776
[  123486ms] [LOG] [Fast Refresh] done in 819ms @ http://localhost:3000/_next/static/chunks/node_modules_next_dist_1e8vcs8._.js:776
[  123549ms] [LOG] [Fast Refresh] done in 819ms @ http://localhost:3000/_next/static/chunks/node_modules_next_dist_1e8vcs8._.js:776
[  123611ms] [LOG] [Fast Refresh] done in 819ms @ http://localhost:3000/_next/static/chunks/node_modules_next_dist_1e8vcs8._.js:776
[  123671ms] [LOG] [Fast Refresh] done in 819ms @ http://localhost:3000/_next/static/chunks/node_modules_next_dist_1e8vcs8._.js:776
[  123734ms] [LOG] [Fast Refresh] done in 819ms @ http://localhost:3000/_next/static/chunks/node_modules_next_dist_1e8vcs8._.js:776
[  123796ms] [LOG] [Fast Refresh] done in 819ms @ http://localhost:3000/_next/static/chunks/node_modules_next_dist_1e8vcs8._.js:776
[  123860ms] [LOG] [Fast Refresh] done in 819ms @ http://localhost:3000/_next/static/chunks/node_modules_next_dist_1e8vcs8._.js:776
[  123921ms] [LOG] [Fast Refresh] done in 819ms @ http://localhost:3000/_next/static/chunks/node_modules_next_dist_1e8vcs8._.js:776
[  123982ms] [LOG] [Fast Refresh] done in 819ms @ http://localhost:3000/_next/static/chunks/node_modules_next_dist_1e8vcs8._.js:776
[  124045ms] [LOG] [Fast Refresh] done in 819ms @ http://localhost:3000/_next/static/chunks/node_modules_next_dist_1e8vcs8._.js:776
[  124123ms] [LOG] [Fast Refresh] done in 819ms @ http://localhost:3000/_next/static/chunks/node_modules_next_dist_1e8vcs8._.js:776
[  124185ms] [LOG] [Fast Refresh] done in 819ms @ http://localhost:3000/_next/static/chunks/node_modules_next_dist_1e8vcs8._.js:776
[  124247ms] [LOG] [Fast Refresh] done in 819ms @ http://localhost:3000/_next/static/chunks/node_modules_next_dist_1e8vcs8._.js:776
[  124309ms] [LOG] [Fast Refresh] done in 819ms @ http://localhost:3000/_next/static/chunks/node_modules_next_dist_1e8vcs8._.js:776
[  124370ms] [LOG] [Fast Refresh] done in 819ms @ http://localhost:3000/_next/static/chunks/node_modules_next_dist_1e8vcs8._.js:776
[  124435ms] [LOG] [Fast Refresh] done in 819ms @ http://localhost:3000/_next/static/chunks/node_modules_next_dist_1e8vcs8._.js:776
[  124495ms] [LOG] [Fast Refresh] done in 819ms @ http://localhost:3000/_next/static/chunks/node_modules_next_dist_1e8vcs8._.js:776
[  124559ms] [LOG] [Fast Refresh] done in 819ms @ http://localhost:3000/_next/static/chunks/node_modules_next_dist_1e8vcs8._.js:776
[  124621ms] [LOG] [Fast Refresh] done in 819ms @ http://localhost:3000/_next/static/chunks/node_modules_next_dist_1e8vcs8._.js:776
[  124684ms] [LOG] [Fast Refresh] done in 819ms @ http://localhost:3000/_next/static/chunks/node_modules_next_dist_1e8vcs8._.js:776
[  124746ms] [LOG] [Fast Refresh] done in 819ms @ http://localhost:3000/_next/static/chunks/node_modules_next_dist_1e8vcs8._.js:776
[  124807ms] [LOG] [Fast Refresh] done in 819ms @ http://localhost:3000/_next/static/chunks/node_modules_next_dist_1e8vcs8._.js:776
[  124869ms] [LOG] [Fast Refresh] done in 819ms @ http://localhost:3000/_next/static/chunks/node_modules_next_dist_1e8vcs8._.js:776
[  124933ms] [LOG] [Fast Refresh] done in 819ms @ http://localhost:3000/_next/static/chunks/node_modules_next_dist_1e8vcs8._.js:776
[  124994ms] [LOG] [Fast Refresh] done in 819ms @ http://localhost:3000/_next/static/chunks/node_modules_next_dist_1e8vcs8._.js:776
[  125058ms] [LOG] [Fast Refresh] done in 819ms @ http://localhost:3000/_next/static/chunks/node_modules_next_dist_1e8vcs8._.js:776
[  125120ms] [LOG] [Fast Refresh] done in 819ms @ http://localhost:3000/_next/static/chunks/node_modules_next_dist_1e8vcs8._.js:776
[  125182ms] [LOG] [Fast Refresh] done in 819ms @ http://localhost:3000/_next/static/chunks/node_modules_next_dist_1e8vcs8._.js:776
[  125245ms] [LOG] [Fast Refresh] done in 819ms @ http://localhost:3000/_next/static/chunks/node_modules_next_dist_1e8vcs8._.js:776
[  125308ms] [LOG] [Fast Refresh] done in 819ms @ http://localhost:3000/_next/static/chunks/node_modules_next_dist_1e8vcs8._.js:776
[  125372ms] [LOG] [Fast Refresh] done in 819ms @ http://localhost:3000/_next/static/chunks/node_modules_next_dist_1e8vcs8._.js:776
[  125434ms] [LOG] [Fast Refresh] done in 819ms @ http://localhost:3000/_next/static/chunks/node_modules_next_dist_1e8vcs8._.js:776
[  125494ms] [LOG] [Fast Refresh] done in 819ms @ http://localhost:3000/_next/static/chunks/node_modules_next_dist_1e8vcs8._.js:776
[  125556ms] [LOG] [Fast Refresh] done in 819ms @ http://localhost:3000/_next/static/chunks/node_modules_next_dist_1e8vcs8._.js:776
[  125617ms] [LOG] [Fast Refresh] done in 819ms @ http://localhost:3000/_next/static/chunks/node_modules_next_dist_1e8vcs8._.js:776
[  125681ms] [LOG] [Fast Refresh] done in 819ms @ http://localhost:3000/_next/static/chunks/node_modules_next_dist_1e8vcs8._.js:776
[  125744ms] [LOG] [Fast Refresh] done in 819ms @ http://localhost:3000/_next/static/chunks/node_modules_next_dist_1e8vcs8._.js:776
[  125806ms] [LOG] [Fast Refresh] done in 819ms @ http://localhost:3000/_next/static/chunks/node_modules_next_dist_1e8vcs8._.js:776
[  125869ms] [LOG] [Fast Refresh] done in 819ms @ http://localhost:3000/_next/static/chunks/node_modules_next_dist_1e8vcs8._.js:776
[  125930ms] [LOG] [Fast Refresh] done in 819ms @ http://localhost:3000/_next/static/chunks/node_modules_next_dist_1e8vcs8._.js:776
[  125978ms] [LOG] [Fast Refresh] done in 819ms @ http://localhost:3000/_next/static/chunks/node_modules_next_dist_1e8vcs8._.js:776
[  126040ms] [LOG] [Fast Refresh] done in 819ms @ http://localhost:3000/_next/static/chunks/node_modules_next_dist_1e8vcs8._.js:776
[  126105ms] [LOG] [Fast Refresh] done in 819ms @ http://localhost:3000/_next/static/chunks/node_modules_next_dist_1e8vcs8._.js:776
[  126165ms] [LOG] [Fast Refresh] done in 819ms @ http://localhost:3000/_next/static/chunks/node_modules_next_dist_1e8vcs8._.js:776
[  126230ms] [LOG] [Fast Refresh] done in 819ms @ http://localhost:3000/_next/static/chunks/node_modules_next_dist_1e8vcs8._.js:776
[  126290ms] [LOG] [Fast Refresh] done in 819ms @ http://localhost:3000/_next/static/chunks/node_modules_next_dist_1e8vcs8._.js:776
[  126356ms] [LOG] [Fast Refresh] done in 819ms @ http://localhost:3000/_next/static/chunks/node_modules_next_dist_1e8vcs8._.js:776
[  126418ms] [LOG] [Fast Refresh] done in 819ms @ http://localhost:3000/_next/static/chunks/node_modules_next_dist_1e8vcs8._.js:776
[  126481ms] [LOG] [Fast Refresh] done in 819ms @ http://localhost:3000/_next/static/chunks/node_modules_next_dist_1e8vcs8._.js:776
[  126542ms] [LOG] [Fast Refresh] done in 819ms @ http://localhost:3000/_next/static/chunks/node_modules_next_dist_1e8vcs8._.js:776
[  126603ms] [LOG] [Fast Refresh] done in 819ms @ http://localhost:3000/_next/static/chunks/node_modules_next_dist_1e8vcs8._.js:776
[  126664ms] [LOG] [Fast Refresh] done in 819ms @ http://localhost:3000/_next/static/chunks/node_modules_next_dist_1e8vcs8._.js:776
[  126729ms] [LOG] [Fast Refresh] done in 819ms @ http://localhost:3000/_next/static/chunks/node_modules_next_dist_1e8vcs8._.js:776
[  126791ms] [LOG] [Fast Refresh] done in 819ms @ http://localhost:3000/_next/static/chunks/node_modules_next_dist_1e8vcs8._.js:776
[  126851ms] [LOG] [Fast Refresh] done in 819ms @ http://localhost:3000/_next/static/chunks/node_modules_next_dist_1e8vcs8._.js:776
[  126915ms] [LOG] [Fast Refresh] done in 819ms @ http://localhost:3000/_next/static/chunks/node_modules_next_dist_1e8vcs8._.js:776
[  126978ms] [LOG] [Fast Refresh] done in 819ms @ http://localhost:3000/_next/static/chunks/node_modules_next_dist_1e8vcs8._.js:776
[  127041ms] [LOG] [Fast Refresh] done in 819ms @ http://localhost:3000/_next/static/chunks/node_modules_next_dist_1e8vcs8._.js:776
[  127102ms] [LOG] [Fast Refresh] done in 819ms @ http://localhost:3000/_next/static/chunks/node_modules_next_dist_1e8vcs8._.js:776
[  127162ms] [LOG] [Fast Refresh] done in 819ms @ http://localhost:3000/_next/static/chunks/node_modules_next_dist_1e8vcs8._.js:776
[  127233ms] [LOG] [Fast Refresh] done in 819ms @ http://localhost:3000/_next/static/chunks/node_modules_next_dist_1e8vcs8._.js:776
[  127289ms] [LOG] [Fast Refresh] done in 819ms @ http://localhost:3000/_next/static/chunks/node_modules_next_dist_1e8vcs8._.js:776
[  127354ms] [LOG] [Fast Refresh] done in 819ms @ http://localhost:3000/_next/static/chunks/node_modules_next_dist_1e8vcs8._.js:776
[  127419ms] [LOG] [Fast Refresh] done in 819ms @ http://localhost:3000/_next/static/chunks/node_modules_next_dist_1e8vcs8._.js:776
[  127478ms] [LOG] [Fast Refresh] done in 819ms @ http://localhost:3000/_next/static/chunks/node_modules_next_dist_1e8vcs8._.js:776
[  127542ms] [LOG] [Fast Refresh] done in 819ms @ http://localhost:3000/_next/static/chunks/node_modules_next_dist_1e8vcs8._.js:776
[  127604ms] [LOG] [Fast Refresh] done in 819ms @ http://localhost:3000/_next/static/chunks/node_modules_next_dist_1e8vcs8._.js:776
[  127680ms] [LOG] [Fast Refresh] done in 819ms @ http://localhost:3000/_next/static/chunks/node_modules_next_dist_1e8vcs8._.js:776
[  127745ms] [LOG] [Fast Refresh] done in 819ms @ http://localhost:3000/_next/static/chunks/node_modules_next_dist_1e8vcs8._.js:776
[  127807ms] [LOG] [Fast Refresh] done in 819ms @ http://localhost:3000/_next/static/chunks/node_modules_next_dist_1e8vcs8._.js:776
[  128013ms] [LOG] [Fast Refresh] done in 819ms @ http://localhost:3000/_next/static/chunks/node_modules_next_dist_1e8vcs8._.js:776
[  128075ms] [LOG] [Fast Refresh] done in 819ms @ http://localhost:3000/_next/static/chunks/node_modules_next_dist_1e8vcs8._.js:776
[  128138ms] [LOG] [Fast Refresh] done in 819ms @ http://localhost:3000/_next/static/chunks/node_modules_next_dist_1e8vcs8._.js:776
[  128201ms] [LOG] [Fast Refresh] done in 819ms @ http://localhost:3000/_next/static/chunks/node_modules_next_dist_1e8vcs8._.js:776
[  128250ms] [LOG] [Fast Refresh] done in 819ms @ http://localhost:3000/_next/static/chunks/node_modules_next_dist_1e8vcs8._.js:776
[  128299ms] [LOG] [Fast Refresh] done in 819ms @ http://localhost:3000/_next/static/chunks/node_modules_next_dist_1e8vcs8._.js:776
[  128360ms] [LOG] [Fast Refresh] done in 819ms @ http://localhost:3000/_next/static/chunks/node_modules_next_dist_1e8vcs8._.js:776
[  128424ms] [LOG] [Fast Refresh] done in 819ms @ http://localhost:3000/_next/static/chunks/node_modules_next_dist_1e8vcs8._.js:776
[  128536ms] [LOG] [Fast Refresh] done in 819ms @ http://localhost:3000/_next/static/chunks/node_modules_next_dist_1e8vcs8._.js:776
[  128598ms] [LOG] [Fast Refresh] done in 819ms @ http://localhost:3000/_next/static/chunks/node_modules_next_dist_1e8vcs8._.js:776
[  128664ms] [LOG] [Fast Refresh] done in 819ms @ http://localhost:3000/_next/static/chunks/node_modules_next_dist_1e8vcs8._.js:776
[  128723ms] [LOG] [Fast Refresh] done in 819ms @ http://localhost:3000/_next/static/chunks/node_modules_next_dist_1e8vcs8._.js:776
[  128786ms] [LOG] [Fast Refresh] done in 819ms @ http://localhost:3000/_next/static/chunks/node_modules_next_dist_1e8vcs8._.js:776
[  128851ms] [LOG] [Fast Refresh] done in 819ms @ http://localhost:3000/_next/static/chunks/node_modules_next_dist_1e8vcs8._.js:776
[  128914ms] [LOG] [Fast Refresh] done in 819ms @ http://localhost:3000/_next/static/chunks/node_modules_next_dist_1e8vcs8._.js:776
[  128978ms] [LOG] [Fast Refresh] done in 819ms @ http://localhost:3000/_next/static/chunks/node_modules_next_dist_1e8vcs8._.js:776
[  129040ms] [LOG] [Fast Refresh] done in 819ms @ http://localhost:3000/_next/static/chunks/node_modules_next_dist_1e8vcs8._.js:776
[  129102ms] [LOG] [Fast Refresh] done in 819ms @ http://localhost:3000/_next/static/chunks/node_modules_next_dist_1e8vcs8._.js:776
[  129165ms] [LOG] [Fast Refresh] done in 819ms @ http://localhost:3000/_next/static/chunks/node_modules_next_dist_1e8vcs8._.js:776
[  129228ms] [LOG] [Fast Refresh] done in 819ms @ http://localhost:3000/_next/static/chunks/node_modules_next_dist_1e8vcs8._.js:776
[  129290ms] [LOG] [Fast Refresh] done in 819ms @ http://localhost:3000/_next/static/chunks/node_modules_next_dist_1e8vcs8._.js:776
[  129354ms] [LOG] [Fast Refresh] done in 819ms @ http://localhost:3000/_next/static/chunks/node_modules_next_dist_1e8vcs8._.js:776
[  129415ms] [LOG] [Fast Refresh] done in 819ms @ http://localhost:3000/_next/static/chunks/node_modules_next_dist_1e8vcs8._.js:776
[  129478ms] [LOG] [Fast Refresh] done in 819ms @ http://localhost:3000/_next/static/chunks/node_modules_next_dist_1e8vcs8._.js:776
[  129543ms] [LOG] [Fast Refresh] done in 819ms @ http://localhost:3000/_next/static/chunks/node_modules_next_dist_1e8vcs8._.js:776
[  129606ms] [LOG] [Fast Refresh] done in 819ms @ http://localhost:3000/_next/static/chunks/node_modules_next_dist_1e8vcs8._.js:776
[  129670ms] [LOG] [Fast Refresh] done in 819ms @ http://localhost:3000/_next/static/chunks/node_modules_next_dist_1e8vcs8._.js:776
[  129733ms] [LOG] [Fast Refresh] done in 819ms @ http://localhost:3000/_next/static/chunks/node_modules_next_dist_1e8vcs8._.js:776
[  129795ms] [LOG] [Fast Refresh] done in 819ms @ http://localhost:3000/_next/static/chunks/node_modules_next_dist_1e8vcs8._.js:776
[  129856ms] [LOG] [Fast Refresh] done in 819ms @ http://localhost:3000/_next/static/chunks/node_modules_next_dist_1e8vcs8._.js:776
[  129920ms] [LOG] [Fast Refresh] done in 819ms @ http://localhost:3000/_next/static/chunks/node_modules_next_dist_1e8vcs8._.js:776
[  129983ms] [LOG] [Fast Refresh] done in 819ms @ http://localhost:3000/_next/static/chunks/node_modules_next_dist_1e8vcs8._.js:776
[  130046ms] [LOG] [Fast Refresh] done in 819ms @ http://localhost:3000/_next/static/chunks/node_modules_next_dist_1e8vcs8._.js:776
[  130108ms] [LOG] [Fast Refresh] done in 819ms @ http://localhost:3000/_next/static/chunks/node_modules_next_dist_1e8vcs8._.js:776
[  130168ms] [LOG] [Fast Refresh] done in 819ms @ http://localhost:3000/_next/static/chunks/node_modules_next_dist_1e8vcs8._.js:776
[  130232ms] [LOG] [Fast Refresh] done in 819ms @ http://localhost:3000/_next/static/chunks/node_modules_next_dist_1e8vcs8._.js:776
[  130294ms] [LOG] [Fast Refresh] done in 819ms @ http://localhost:3000/_next/static/chunks/node_modules_next_dist_1e8vcs8._.js:776
[  130356ms] [LOG] [Fast Refresh] done in 819ms @ http://localhost:3000/_next/static/chunks/node_modules_next_dist_1e8vcs8._.js:776
[  130419ms] [LOG] [Fast Refresh] done in 819ms @ http://localhost:3000/_next/static/chunks/node_modules_next_dist_1e8vcs8._.js:776
[  130485ms] [LOG] [Fast Refresh] done in 819ms @ http://localhost:3000/_next/static/chunks/node_modules_next_dist_1e8vcs8._.js:776
[  130545ms] [LOG] [Fast Refresh] done in 819ms @ http://localhost:3000/_next/static/chunks/node_modules_next_dist_1e8vcs8._.js:776
[  130605ms] [LOG] [Fast Refresh] done in 819ms @ http://localhost:3000/_next/static/chunks/node_modules_next_dist_1e8vcs8._.js:776
[  130668ms] [LOG] [Fast Refresh] done in 819ms @ http://localhost:3000/_next/static/chunks/node_modules_next_dist_1e8vcs8._.js:776
[  130730ms] [LOG] [Fast Refresh] done in 819ms @ http://localhost:3000/_next/static/chunks/node_modules_next_dist_1e8vcs8._.js:776
[  130797ms] [LOG] [Fast Refresh] done in 819ms @ http://localhost:3000/_next/static/chunks/node_modules_next_dist_1e8vcs8._.js:776
[  130858ms] [LOG] [Fast Refresh] done in 819ms @ http://localhost:3000/_next/static/chunks/node_modules_next_dist_1e8vcs8._.js:776
[  130921ms] [LOG] [Fast Refresh] done in 819ms @ http://localhost:3000/_next/static/chunks/node_modules_next_dist_1e8vcs8._.js:776
[  130981ms] [LOG] [Fast Refresh] done in 819ms @ http://localhost:3000/_next/static/chunks/node_modules_next_dist_1e8vcs8._.js:776
[  131028ms] [LOG] [Fast Refresh] done in 819ms @ http://localhost:3000/_next/static/chunks/node_modules_next_dist_1e8vcs8._.js:776
[  131090ms] [LOG] [Fast Refresh] done in 819ms @ http://localhost:3000/_next/static/chunks/node_modules_next_dist_1e8vcs8._.js:776
[  131154ms] [LOG] [Fast Refresh] done in 819ms @ http://localhost:3000/_next/static/chunks/node_modules_next_dist_1e8vcs8._.js:776
[  131216ms] [LOG] [Fast Refresh] done in 819ms @ http://localhost:3000/_next/static/chunks/node_modules_next_dist_1e8vcs8._.js:776
[  131280ms] [LOG] [Fast Refresh] done in 819ms @ http://localhost:3000/_next/static/chunks/node_modules_next_dist_1e8vcs8._.js:776
[  131342ms] [LOG] [Fast Refresh] done in 819ms @ http://localhost:3000/_next/static/chunks/node_modules_next_dist_1e8vcs8._.js:776
[  131404ms] [LOG] [Fast Refresh] done in 819ms @ http://localhost:3000/_next/static/chunks/node_modules_next_dist_1e8vcs8._.js:776
[  131469ms] [LOG] [Fast Refresh] done in 819ms @ http://localhost:3000/_next/static/chunks/node_modules_next_dist_1e8vcs8._.js:776
[  131527ms] [LOG] [Fast Refresh] done in 819ms @ http://localhost:3000/_next/static/chunks/node_modules_next_dist_1e8vcs8._.js:776
[  131589ms] [LOG] [Fast Refresh] done in 819ms @ http://localhost:3000/_next/static/chunks/node_modules_next_dist_1e8vcs8._.js:776
[  131652ms] [LOG] [Fast Refresh] done in 819ms @ http://localhost:3000/_next/static/chunks/node_modules_next_dist_1e8vcs8._.js:776
[  131715ms] [LOG] [Fast Refresh] done in 819ms @ http://localhost:3000/_next/static/chunks/node_modules_next_dist_1e8vcs8._.js:776
[  131778ms] [LOG] [Fast Refresh] done in 819ms @ http://localhost:3000/_next/static/chunks/node_modules_next_dist_1e8vcs8._.js:776
[  131841ms] [LOG] [Fast Refresh] done in 819ms @ http://localhost:3000/_next/static/chunks/node_modules_next_dist_1e8vcs8._.js:776
[  131903ms] [LOG] [Fast Refresh] done in 819ms @ http://localhost:3000/_next/static/chunks/node_modules_next_dist_1e8vcs8._.js:776
[  131965ms] [LOG] [Fast Refresh] done in 819ms @ http://localhost:3000/_next/static/chunks/node_modules_next_dist_1e8vcs8._.js:776
[  132027ms] [LOG] [Fast Refresh] done in 819ms @ http://localhost:3000/_next/static/chunks/node_modules_next_dist_1e8vcs8._.js:776
[  132089ms] [LOG] [Fast Refresh] done in 819ms @ http://localhost:3000/_next/static/chunks/node_modules_next_dist_1e8vcs8._.js:776
[  132154ms] [LOG] [Fast Refresh] done in 819ms @ http://localhost:3000/_next/static/chunks/node_modules_next_dist_1e8vcs8._.js:776
[  132215ms] [LOG] [Fast Refresh] done in 819ms @ http://localhost:3000/_next/static/chunks/node_modules_next_dist_1e8vcs8._.js:776
[  132279ms] [LOG] [Fast Refresh] done in 819ms @ http://localhost:3000/_next/static/chunks/node_modules_next_dist_1e8vcs8._.js:776
[  132340ms] [LOG] [Fast Refresh] done in 819ms @ http://localhost:3000/_next/static/chunks/node_modules_next_dist_1e8vcs8._.js:776
[  132403ms] [LOG] [Fast Refresh] done in 819ms @ http://localhost:3000/_next/static/chunks/node_modules_next_dist_1e8vcs8._.js:776
[  132465ms] [LOG] [Fast Refresh] done in 819ms @ http://localhost:3000/_next/static/chunks/node_modules_next_dist_1e8vcs8._.js:776
[  132530ms] [LOG] [Fast Refresh] done in 819ms @ http://localhost:3000/_next/static/chunks/node_modules_next_dist_1e8vcs8._.js:776
[  132590ms] [LOG] [Fast Refresh] done in 819ms @ http://localhost:3000/_next/static/chunks/node_modules_next_dist_1e8vcs8._.js:776
[  132656ms] [LOG] [Fast Refresh] done in 819ms @ http://localhost:3000/_next/static/chunks/node_modules_next_dist_1e8vcs8._.js:776
[  132716ms] [LOG] [Fast Refresh] done in 819ms @ http://localhost:3000/_next/static/chunks/node_modules_next_dist_1e8vcs8._.js:776
[  132779ms] [LOG] [Fast Refresh] done in 819ms @ http://localhost:3000/_next/static/chunks/node_modules_next_dist_1e8vcs8._.js:776
[  132841ms] [LOG] [Fast Refresh] done in 819ms @ http://localhost:3000/_next/static/chunks/node_modules_next_dist_1e8vcs8._.js:776
[  132904ms] [LOG] [Fast Refresh] done in 819ms @ http://localhost:3000/_next/static/chunks/node_modules_next_dist_1e8vcs8._.js:776
[  132968ms] [LOG] [Fast Refresh] done in 819ms @ http://localhost:3000/_next/static/chunks/node_modules_next_dist_1e8vcs8._.js:776
[  133031ms] [LOG] [Fast Refresh] done in 819ms @ http://localhost:3000/_next/static/chunks/node_modules_next_dist_1e8vcs8._.js:776
[  133091ms] [LOG] [Fast Refresh] done in 819ms @ http://localhost:3000/_next/static/chunks/node_modules_next_dist_1e8vcs8._.js:776
[  133153ms] [LOG] [Fast Refresh] done in 819ms @ http://localhost:3000/_next/static/chunks/node_modules_next_dist_1e8vcs8._.js:776
[  133215ms] [LOG] [Fast Refresh] done in 819ms @ http://localhost:3000/_next/static/chunks/node_modules_next_dist_1e8vcs8._.js:776
[  133277ms] [LOG] [Fast Refresh] done in 819ms @ http://localhost:3000/_next/static/chunks/node_modules_next_dist_1e8vcs8._.js:776
[  133343ms] [LOG] [Fast Refresh] done in 819ms @ http://localhost:3000/_next/static/chunks/node_modules_next_dist_1e8vcs8._.js:776
[  133403ms] [LOG] [Fast Refresh] done in 819ms @ http://localhost:3000/_next/static/chunks/node_modules_next_dist_1e8vcs8._.js:776
[  133465ms] [LOG] [Fast Refresh] done in 819ms @ http://localhost:3000/_next/static/chunks/node_modules_next_dist_1e8vcs8._.js:776
[  133527ms] [LOG] [Fast Refresh] done in 819ms @ http://localhost:3000/_next/static/chunks/node_modules_next_dist_1e8vcs8._.js:776
[  133589ms] [LOG] [Fast Refresh] done in 819ms @ http://localhost:3000/_next/static/chunks/node_modules_next_dist_1e8vcs8._.js:776
[  133651ms] [LOG] [Fast Refresh] done in 819ms @ http://localhost:3000/_next/static/chunks/node_modules_next_dist_1e8vcs8._.js:776
[  133714ms] [LOG] [Fast Refresh] done in 819ms @ http://localhost:3000/_next/static/chunks/node_modules_next_dist_1e8vcs8._.js:776
[  133777ms] [LOG] [Fast Refresh] done in 819ms @ http://localhost:3000/_next/static/chunks/node_modules_next_dist_1e8vcs8._.js:776
[  133841ms] [LOG] [Fast Refresh] done in 819ms @ http://localhost:3000/_next/static/chunks/node_modules_next_dist_1e8vcs8._.js:776
[  133903ms] [LOG] [Fast Refresh] done in 819ms @ http://localhost:3000/_next/static/chunks/node_modules_next_dist_1e8vcs8._.js:776
[  133967ms] [LOG] [Fast Refresh] done in 819ms @ http://localhost:3000/_next/static/chunks/node_modules_next_dist_1e8vcs8._.js:776
[  134029ms] [LOG] [Fast Refresh] done in 819ms @ http://localhost:3000/_next/static/chunks/node_modules_next_dist_1e8vcs8._.js:776
[  134093ms] [LOG] [Fast Refresh] done in 819ms @ http://localhost:3000/_next/static/chunks/node_modules_next_dist_1e8vcs8._.js:776
[  134154ms] [LOG] [Fast Refresh] done in 819ms @ http://localhost:3000/_next/static/chunks/node_modules_next_dist_1e8vcs8._.js:776
[  134216ms] [LOG] [Fast Refresh] done in 819ms @ http://localhost:3000/_next/static/chunks/node_modules_next_dist_1e8vcs8._.js:776
[  134279ms] [LOG] [Fast Refresh] done in 819ms @ http://localhost:3000/_next/static/chunks/node_modules_next_dist_1e8vcs8._.js:776
[  134342ms] [LOG] [Fast Refresh] done in 819ms @ http://localhost:3000/_next/static/chunks/node_modules_next_dist_1e8vcs8._.js:776
[  134404ms] [LOG] [Fast Refresh] done in 819ms @ http://localhost:3000/_next/static/chunks/node_modules_next_dist_1e8vcs8._.js:776
[  134465ms] [LOG] [Fast Refresh] done in 819ms @ http://localhost:3000/_next/static/chunks/node_modules_next_dist_1e8vcs8._.js:776
[  134543ms] [LOG] [Fast Refresh] done in 819ms @ http://localhost:3000/_next/static/chunks/node_modules_next_dist_1e8vcs8._.js:776
[  134605ms] [LOG] [Fast Refresh] done in 819ms @ http://localhost:3000/_next/static/chunks/node_modules_next_dist_1e8vcs8._.js:776
[  134665ms] [LOG] [Fast Refresh] done in 819ms @ http://localhost:3000/_next/static/chunks/node_modules_next_dist_1e8vcs8._.js:776
[  134713ms] [LOG] [Fast Refresh] done in 819ms @ http://localhost:3000/_next/static/chunks/node_modules_next_dist_1e8vcs8._.js:776
[  134775ms] [LOG] [Fast Refresh] done in 819ms @ http://localhost:3000/_next/static/chunks/node_modules_next_dist_1e8vcs8._.js:776
[  134837ms] [LOG] [Fast Refresh] done in 819ms @ http://localhost:3000/_next/static/chunks/node_modules_next_dist_1e8vcs8._.js:776
[  134899ms] [LOG] [Fast Refresh] done in 819ms @ http://localhost:3000/_next/static/chunks/node_modules_next_dist_1e8vcs8._.js:776
[  134964ms] [LOG] [Fast Refresh] done in 819ms @ http://localhost:3000/_next/static/chunks/node_modules_next_dist_1e8vcs8._.js:776
[  135025ms] [LOG] [Fast Refresh] done in 819ms @ http://localhost:3000/_next/static/chunks/node_modules_next_dist_1e8vcs8._.js:776
[  135088ms] [LOG] [Fast Refresh] done in 819ms @ http://localhost:3000/_next/static/chunks/node_modules_next_dist_1e8vcs8._.js:776
[  135150ms] [LOG] [Fast Refresh] done in 819ms @ http://localhost:3000/_next/static/chunks/node_modules_next_dist_1e8vcs8._.js:776
[  135214ms] [LOG] [Fast Refresh] done in 819ms @ http://localhost:3000/_next/static/chunks/node_modules_next_dist_1e8vcs8._.js:776
[  135275ms] [LOG] [Fast Refresh] done in 819ms @ http://localhost:3000/_next/static/chunks/node_modules_next_dist_1e8vcs8._.js:776
[  135339ms] [LOG] [Fast Refresh] done in 819ms @ http://localhost:3000/_next/static/chunks/node_modules_next_dist_1e8vcs8._.js:776
[  135399ms] [LOG] [Fast Refresh] done in 819ms @ http://localhost:3000/_next/static/chunks/node_modules_next_dist_1e8vcs8._.js:776
[  135463ms] [LOG] [Fast Refresh] done in 819ms @ http://localhost:3000/_next/static/chunks/node_modules_next_dist_1e8vcs8._.js:776
[  135525ms] [LOG] [Fast Refresh] done in 819ms @ http://localhost:3000/_next/static/chunks/node_modules_next_dist_1e8vcs8._.js:776
[  135588ms] [LOG] [Fast Refresh] done in 819ms @ http://localhost:3000/_next/static/chunks/node_modules_next_dist_1e8vcs8._.js:776
[  135650ms] [LOG] [Fast Refresh] done in 819ms @ http://localhost:3000/_next/static/chunks/node_modules_next_dist_1e8vcs8._.js:776
[  135716ms] [LOG] [Fast Refresh] done in 819ms @ http://localhost:3000/_next/static/chunks/node_modules_next_dist_1e8vcs8._.js:776
[  135778ms] [LOG] [Fast Refresh] done in 819ms @ http://localhost:3000/_next/static/chunks/node_modules_next_dist_1e8vcs8._.js:776
[  135837ms] [LOG] [Fast Refresh] done in 819ms @ http://localhost:3000/_next/static/chunks/node_modules_next_dist_1e8vcs8._.js:776
[  135902ms] [LOG] [Fast Refresh] done in 819ms @ http://localhost:3000/_next/static/chunks/node_modules_next_dist_1e8vcs8._.js:776
[  135965ms] [LOG] [Fast Refresh] done in 819ms @ http://localhost:3000/_next/static/chunks/node_modules_next_dist_1e8vcs8._.js:776
[  136030ms] [LOG] [Fast Refresh] done in 819ms @ http://localhost:3000/_next/static/chunks/node_modules_next_dist_1e8vcs8._.js:776
[  136090ms] [LOG] [Fast Refresh] done in 819ms @ http://localhost:3000/_next/static/chunks/node_modules_next_dist_1e8vcs8._.js:776
[  136153ms] [LOG] [Fast Refresh] done in 819ms @ http://localhost:3000/_next/static/chunks/node_modules_next_dist_1e8vcs8._.js:776
[  136216ms] [LOG] [Fast Refresh] done in 819ms @ http://localhost:3000/_next/static/chunks/node_modules_next_dist_1e8vcs8._.js:776
[  136277ms] [LOG] [Fast Refresh] done in 819ms @ http://localhost:3000/_next/static/chunks/node_modules_next_dist_1e8vcs8._.js:776
[  136338ms] [LOG] [Fast Refresh] done in 819ms @ http://localhost:3000/_next/static/chunks/node_modules_next_dist_1e8vcs8._.js:776
[  136401ms] [LOG] [Fast Refresh] done in 819ms @ http://localhost:3000/_next/static/chunks/node_modules_next_dist_1e8vcs8._.js:776
[  136462ms] [LOG] [Fast Refresh] done in 819ms @ http://localhost:3000/_next/static/chunks/node_modules_next_dist_1e8vcs8._.js:776
[  136526ms] [LOG] [Fast Refresh] done in 819ms @ http://localhost:3000/_next/static/chunks/node_modules_next_dist_1e8vcs8._.js:776
[  136587ms] [LOG] [Fast Refresh] done in 819ms @ http://localhost:3000/_next/static/chunks/node_modules_next_dist_1e8vcs8._.js:776
[  136650ms] [LOG] [Fast Refresh] done in 819ms @ http://localhost:3000/_next/static/chunks/node_modules_next_dist_1e8vcs8._.js:776
[  136714ms] [LOG] [Fast Refresh] done in 819ms @ http://localhost:3000/_next/static/chunks/node_modules_next_dist_1e8vcs8._.js:776
[  136776ms] [LOG] [Fast Refresh] done in 819ms @ http://localhost:3000/_next/static/chunks/node_modules_next_dist_1e8vcs8._.js:776
[  136837ms] [LOG] [Fast Refresh] done in 819ms @ http://localhost:3000/_next/static/chunks/node_modules_next_dist_1e8vcs8._.js:776
[  136902ms] [LOG] [Fast Refresh] done in 819ms @ http://localhost:3000/_next/static/chunks/node_modules_next_dist_1e8vcs8._.js:776
[  136961ms] [LOG] [Fast Refresh] done in 819ms @ http://localhost:3000/_next/static/chunks/node_modules_next_dist_1e8vcs8._.js:776
[  137025ms] [LOG] [Fast Refresh] done in 819ms @ http://localhost:3000/_next/static/chunks/node_modules_next_dist_1e8vcs8._.js:776
[  137088ms] [LOG] [Fast Refresh] done in 819ms @ http://localhost:3000/_next/static/chunks/node_modules_next_dist_1e8vcs8._.js:776
[  137150ms] [LOG] [Fast Refresh] done in 819ms @ http://localhost:3000/_next/static/chunks/node_modules_next_dist_1e8vcs8._.js:776
[  137216ms] [LOG] [Fast Refresh] done in 819ms @ http://localhost:3000/_next/static/chunks/node_modules_next_dist_1e8vcs8._.js:776
[  137275ms] [LOG] [Fast Refresh] done in 819ms @ http://localhost:3000/_next/static/chunks/node_modules_next_dist_1e8vcs8._.js:776
[  137336ms] [LOG] [Fast Refresh] done in 819ms @ http://localhost:3000/_next/static/chunks/node_modules_next_dist_1e8vcs8._.js:776
[  137398ms] [LOG] [Fast Refresh] done in 819ms @ http://localhost:3000/_next/static/chunks/node_modules_next_dist_1e8vcs8._.js:776
[  137462ms] [LOG] [Fast Refresh] done in 819ms @ http://localhost:3000/_next/static/chunks/node_modules_next_dist_1e8vcs8._.js:776
[  137522ms] [LOG] [Fast Refresh] done in 819ms @ http://localhost:3000/_next/static/chunks/node_modules_next_dist_1e8vcs8._.js:776
[  137586ms] [LOG] [Fast Refresh] done in 819ms @ http://localhost:3000/_next/static/chunks/node_modules_next_dist_1e8vcs8._.js:776
[  137648ms] [LOG] [Fast Refresh] done in 819ms @ http://localhost:3000/_next/static/chunks/node_modules_next_dist_1e8vcs8._.js:776
[  137713ms] [LOG] [Fast Refresh] done in 819ms @ http://localhost:3000/_next/static/chunks/node_modules_next_dist_1e8vcs8._.js:776
[  137775ms] [LOG] [Fast Refresh] done in 819ms @ http://localhost:3000/_next/static/chunks/node_modules_next_dist_1e8vcs8._.js:776
[  137837ms] [LOG] [Fast Refresh] done in 819ms @ http://localhost:3000/_next/static/chunks/node_modules_next_dist_1e8vcs8._.js:776
[  137884ms] [LOG] [Fast Refresh] done in 819ms @ http://localhost:3000/_next/static/chunks/node_modules_next_dist_1e8vcs8._.js:776
[  137945ms] [LOG] [Fast Refresh] done in 819ms @ http://localhost:3000/_next/static/chunks/node_modules_next_dist_1e8vcs8._.js:776
[  138008ms] [LOG] [Fast Refresh] done in 819ms @ http://localhost:3000/_next/static/chunks/node_modules_next_dist_1e8vcs8._.js:776
[  138071ms] [LOG] [Fast Refresh] done in 819ms @ http://localhost:3000/_next/static/chunks/node_modules_next_dist_1e8vcs8._.js:776
[  138130ms] [LOG] [Fast Refresh] done in 819ms @ http://localhost:3000/_next/static/chunks/node_modules_next_dist_1e8vcs8._.js:776
[  138193ms] [LOG] [Fast Refresh] done in 819ms @ http://localhost:3000/_next/static/chunks/node_modules_next_dist_1e8vcs8._.js:776
[  138255ms] [LOG] [Fast Refresh] done in 819ms @ http://localhost:3000/_next/static/chunks/node_modules_next_dist_1e8vcs8._.js:776
[  138318ms] [LOG] [Fast Refresh] done in 819ms @ http://localhost:3000/_next/static/chunks/node_modules_next_dist_1e8vcs8._.js:776
[  138381ms] [LOG] [Fast Refresh] done in 819ms @ http://localhost:3000/_next/static/chunks/node_modules_next_dist_1e8vcs8._.js:776
[  138444ms] [LOG] [Fast Refresh] done in 819ms @ http://localhost:3000/_next/static/chunks/node_modules_next_dist_1e8vcs8._.js:776
[  138505ms] [LOG] [Fast Refresh] done in 819ms @ http://localhost:3000/_next/static/chunks/node_modules_next_dist_1e8vcs8._.js:776
[  138570ms] [LOG] [Fast Refresh] done in 819ms @ http://localhost:3000/_next/static/chunks/node_modules_next_dist_1e8vcs8._.js:776
[  138629ms] [LOG] [Fast Refresh] done in 819ms @ http://localhost:3000/_next/static/chunks/node_modules_next_dist_1e8vcs8._.js:776
[  138694ms] [LOG] [Fast Refresh] done in 819ms @ http://localhost:3000/_next/static/chunks/node_modules_next_dist_1e8vcs8._.js:776
[  138756ms] [LOG] [Fast Refresh] done in 819ms @ http://localhost:3000/_next/static/chunks/node_modules_next_dist_1e8vcs8._.js:776
[  138820ms] [LOG] [Fast Refresh] done in 819ms @ http://localhost:3000/_next/static/chunks/node_modules_next_dist_1e8vcs8._.js:776
[  138867ms] [LOG] [Fast Refresh] done in 819ms @ http://localhost:3000/_next/static/chunks/node_modules_next_dist_1e8vcs8._.js:776
[  138932ms] [LOG] [Fast Refresh] done in 819ms @ http://localhost:3000/_next/static/chunks/node_modules_next_dist_1e8vcs8._.js:776
[  138994ms] [LOG] [Fast Refresh] done in 819ms @ http://localhost:3000/_next/static/chunks/node_modules_next_dist_1e8vcs8._.js:776
[  139056ms] [LOG] [Fast Refresh] done in 819ms @ http://localhost:3000/_next/static/chunks/node_modules_next_dist_1e8vcs8._.js:776
[  139200ms] [LOG] [Fast Refresh] done in 819ms @ http://localhost:3000/_next/static/chunks/node_modules_next_dist_1e8vcs8._.js:776
[  139262ms] [LOG] [Fast Refresh] done in 819ms @ http://localhost:3000/_next/static/chunks/node_modules_next_dist_1e8vcs8._.js:776
[  139335ms] [LOG] [Fast Refresh] done in 819ms @ http://localhost:3000/_next/static/chunks/node_modules_next_dist_1e8vcs8._.js:776
[  139389ms] [LOG] [Fast Refresh] done in 819ms @ http://localhost:3000/_next/static/chunks/node_modules_next_dist_1e8vcs8._.js:776
[  139454ms] [LOG] [Fast Refresh] done in 819ms @ http://localhost:3000/_next/static/chunks/node_modules_next_dist_1e8vcs8._.js:776
[  139515ms] [LOG] [Fast Refresh] done in 819ms @ http://localhost:3000/_next/static/chunks/node_modules_next_dist_1e8vcs8._.js:776
[  139578ms] [LOG] [Fast Refresh] done in 819ms @ http://localhost:3000/_next/static/chunks/node_modules_next_dist_1e8vcs8._.js:776
[  139644ms] [LOG] [Fast Refresh] done in 819ms @ http://localhost:3000/_next/static/chunks/node_modules_next_dist_1e8vcs8._.js:776
[  139704ms] [LOG] [Fast Refresh] done in 819ms @ http://localhost:3000/_next/static/chunks/node_modules_next_dist_1e8vcs8._.js:776
[  139815ms] [LOG] [Fast Refresh] done in 819ms @ http://localhost:3000/_next/static/chunks/node_modules_next_dist_1e8vcs8._.js:776
[  139876ms] [LOG] [Fast Refresh] done in 819ms @ http://localhost:3000/_next/static/chunks/node_modules_next_dist_1e8vcs8._.js:776
[  139939ms] [LOG] [Fast Refresh] done in 819ms @ http://localhost:3000/_next/static/chunks/node_modules_next_dist_1e8vcs8._.js:776
[  139988ms] [LOG] [Fast Refresh] done in 819ms @ http://localhost:3000/_next/static/chunks/node_modules_next_dist_1e8vcs8._.js:776
[  140050ms] [LOG] [Fast Refresh] done in 819ms @ http://localhost:3000/_next/static/chunks/node_modules_next_dist_1e8vcs8._.js:776
[  140114ms] [LOG] [Fast Refresh] done in 819ms @ http://localhost:3000/_next/static/chunks/node_modules_next_dist_1e8vcs8._.js:776
[  140178ms] [LOG] [Fast Refresh] done in 819ms @ http://localhost:3000/_next/static/chunks/node_modules_next_dist_1e8vcs8._.js:776
[  140239ms] [LOG] [Fast Refresh] done in 819ms @ http://localhost:3000/_next/static/chunks/node_modules_next_dist_1e8vcs8._.js:776
[  140301ms] [LOG] [Fast Refresh] done in 819ms @ http://localhost:3000/_next/static/chunks/node_modules_next_dist_1e8vcs8._.js:776
[  140364ms] [LOG] [Fast Refresh] done in 819ms @ http://localhost:3000/_next/static/chunks/node_modules_next_dist_1e8vcs8._.js:776
[  140428ms] [LOG] [Fast Refresh] done in 819ms @ http://localhost:3000/_next/static/chunks/node_modules_next_dist_1e8vcs8._.js:776
[  140490ms] [LOG] [Fast Refresh] done in 819ms @ http://localhost:3000/_next/static/chunks/node_modules_next_dist_1e8vcs8._.js:776
[  140552ms] [LOG] [Fast Refresh] done in 819ms @ http://localhost:3000/_next/static/chunks/node_modules_next_dist_1e8vcs8._.js:776
[  140615ms] [LOG] [Fast Refresh] done in 819ms @ http://localhost:3000/_next/static/chunks/node_modules_next_dist_1e8vcs8._.js:776
[  140676ms] [LOG] [Fast Refresh] done in 819ms @ http://localhost:3000/_next/static/chunks/node_modules_next_dist_1e8vcs8._.js:776
[  140740ms] [LOG] [Fast Refresh] done in 819ms @ http://localhost:3000/_next/static/chunks/node_modules_next_dist_1e8vcs8._.js:776
[  140804ms] [LOG] [Fast Refresh] done in 819ms @ http://localhost:3000/_next/static/chunks/node_modules_next_dist_1e8vcs8._.js:776
[  140866ms] [LOG] [Fast Refresh] done in 819ms @ http://localhost:3000/_next/static/chunks/node_modules_next_dist_1e8vcs8._.js:776
[  140929ms] [LOG] [Fast Refresh] done in 819ms @ http://localhost:3000/_next/static/chunks/node_modules_next_dist_1e8vcs8._.js:776
[  140989ms] [LOG] [Fast Refresh] done in 819ms @ http://localhost:3000/_next/static/chunks/node_modules_next_dist_1e8vcs8._.js:776
[  141053ms] [LOG] [Fast Refresh] done in 819ms @ http://localhost:3000/_next/static/chunks/node_modules_next_dist_1e8vcs8._.js:776
[  141116ms] [LOG] [Fast Refresh] done in 819ms @ http://localhost:3000/_next/static/chunks/node_modules_next_dist_1e8vcs8._.js:776
[  141180ms] [LOG] [Fast Refresh] done in 819ms @ http://localhost:3000/_next/static/chunks/node_modules_next_dist_1e8vcs8._.js:776
[  141241ms] [LOG] [Fast Refresh] done in 819ms @ http://localhost:3000/_next/static/chunks/node_modules_next_dist_1e8vcs8._.js:776
[  141304ms] [LOG] [Fast Refresh] done in 819ms @ http://localhost:3000/_next/static/chunks/node_modules_next_dist_1e8vcs8._.js:776
[  141367ms] [LOG] [Fast Refresh] done in 819ms @ http://localhost:3000/_next/static/chunks/node_modules_next_dist_1e8vcs8._.js:776
[  141429ms] [LOG] [Fast Refresh] done in 819ms @ http://localhost:3000/_next/static/chunks/node_modules_next_dist_1e8vcs8._.js:776
[  141493ms] [LOG] [Fast Refresh] done in 819ms @ http://localhost:3000/_next/static/chunks/node_modules_next_dist_1e8vcs8._.js:776
[  141555ms] [LOG] [Fast Refresh] done in 819ms @ http://localhost:3000/_next/static/chunks/node_modules_next_dist_1e8vcs8._.js:776
[  141618ms] [LOG] [Fast Refresh] done in 819ms @ http://localhost:3000/_next/static/chunks/node_modules_next_dist_1e8vcs8._.js:776
[  141679ms] [LOG] [Fast Refresh] done in 819ms @ http://localhost:3000/_next/static/chunks/node_modules_next_dist_1e8vcs8._.js:776
[  141742ms] [LOG] [Fast Refresh] done in 819ms @ http://localhost:3000/_next/static/chunks/node_modules_next_dist_1e8vcs8._.js:776
[  141802ms] [LOG] [Fast Refresh] done in 819ms @ http://localhost:3000/_next/static/chunks/node_modules_next_dist_1e8vcs8._.js:776
[  141864ms] [LOG] [Fast Refresh] done in 819ms @ http://localhost:3000/_next/static/chunks/node_modules_next_dist_1e8vcs8._.js:776
[  141928ms] [LOG] [Fast Refresh] done in 819ms @ http://localhost:3000/_next/static/chunks/node_modules_next_dist_1e8vcs8._.js:776
[  141990ms] [LOG] [Fast Refresh] done in 819ms @ http://localhost:3000/_next/static/chunks/node_modules_next_dist_1e8vcs8._.js:776
[  142052ms] [LOG] [Fast Refresh] done in 819ms @ http://localhost:3000/_next/static/chunks/node_modules_next_dist_1e8vcs8._.js:776
[  142114ms] [LOG] [Fast Refresh] done in 819ms @ http://localhost:3000/_next/static/chunks/node_modules_next_dist_1e8vcs8._.js:776
[  142178ms] [LOG] [Fast Refresh] done in 819ms @ http://localhost:3000/_next/static/chunks/node_modules_next_dist_1e8vcs8._.js:776
[  142243ms] [LOG] [Fast Refresh] done in 819ms @ http://localhost:3000/_next/static/chunks/node_modules_next_dist_1e8vcs8._.js:776
[  142304ms] [LOG] [Fast Refresh] done in 819ms @ http://localhost:3000/_next/static/chunks/node_modules_next_dist_1e8vcs8._.js:776
[  142365ms] [LOG] [Fast Refresh] done in 819ms @ http://localhost:3000/_next/static/chunks/node_modules_next_dist_1e8vcs8._.js:776
[  142429ms] [LOG] [Fast Refresh] done in 819ms @ http://localhost:3000/_next/static/chunks/node_modules_next_dist_1e8vcs8._.js:776
[  142493ms] [LOG] [Fast Refresh] done in 819ms @ http://localhost:3000/_next/static/chunks/node_modules_next_dist_1e8vcs8._.js:776
[  142553ms] [LOG] [Fast Refresh] done in 819ms @ http://localhost:3000/_next/static/chunks/node_modules_next_dist_1e8vcs8._.js:776
[  142616ms] [LOG] [Fast Refresh] done in 819ms @ http://localhost:3000/_next/static/chunks/node_modules_next_dist_1e8vcs8._.js:776
[  142680ms] [LOG] [Fast Refresh] done in 819ms @ http://localhost:3000/_next/static/chunks/node_modules_next_dist_1e8vcs8._.js:776
[  142741ms] [LOG] [Fast Refresh] done in 819ms @ http://localhost:3000/_next/static/chunks/node_modules_next_dist_1e8vcs8._.js:776
[  142806ms] [LOG] [Fast Refresh] done in 819ms @ http://localhost:3000/_next/static/chunks/node_modules_next_dist_1e8vcs8._.js:776
[  142869ms] [LOG] [Fast Refresh] done in 819ms @ http://localhost:3000/_next/static/chunks/node_modules_next_dist_1e8vcs8._.js:776
[  142931ms] [LOG] [Fast Refresh] done in 819ms @ http://localhost:3000/_next/static/chunks/node_modules_next_dist_1e8vcs8._.js:776
[  142993ms] [LOG] [Fast Refresh] done in 819ms @ http://localhost:3000/_next/static/chunks/node_modules_next_dist_1e8vcs8._.js:776
[  143054ms] [LOG] [Fast Refresh] done in 819ms @ http://localhost:3000/_next/static/chunks/node_modules_next_dist_1e8vcs8._.js:776
[  143115ms] [LOG] [Fast Refresh] done in 819ms @ http://localhost:3000/_next/static/chunks/node_modules_next_dist_1e8vcs8._.js:776
[  143177ms] [LOG] [Fast Refresh] done in 819ms @ http://localhost:3000/_next/static/chunks/node_modules_next_dist_1e8vcs8._.js:776
[  143240ms] [LOG] [Fast Refresh] done in 819ms @ http://localhost:3000/_next/static/chunks/node_modules_next_dist_1e8vcs8._.js:776
[  143301ms] [LOG] [Fast Refresh] done in 819ms @ http://localhost:3000/_next/static/chunks/node_modules_next_dist_1e8vcs8._.js:776
[  143363ms] [LOG] [Fast Refresh] done in 819ms @ http://localhost:3000/_next/static/chunks/node_modules_next_dist_1e8vcs8._.js:776
[  143433ms] [LOG] [Fast Refresh] done in 819ms @ http://localhost:3000/_next/static/chunks/node_modules_next_dist_1e8vcs8._.js:776
[  143491ms] [LOG] [Fast Refresh] done in 819ms @ http://localhost:3000/_next/static/chunks/node_modules_next_dist_1e8vcs8._.js:776
[  143551ms] [LOG] [Fast Refresh] done in 819ms @ http://localhost:3000/_next/static/chunks/node_modules_next_dist_1e8vcs8._.js:776
[  143617ms] [LOG] [Fast Refresh] done in 819ms @ http://localhost:3000/_next/static/chunks/node_modules_next_dist_1e8vcs8._.js:776
[  143675ms] [LOG] [Fast Refresh] done in 819ms @ http://localhost:3000/_next/static/chunks/node_modules_next_dist_1e8vcs8._.js:776
[  143739ms] [LOG] [Fast Refresh] done in 819ms @ http://localhost:3000/_next/static/chunks/node_modules_next_dist_1e8vcs8._.js:776
[  143803ms] [LOG] [Fast Refresh] done in 819ms @ http://localhost:3000/_next/static/chunks/node_modules_next_dist_1e8vcs8._.js:776
[  143864ms] [LOG] [Fast Refresh] done in 819ms @ http://localhost:3000/_next/static/chunks/node_modules_next_dist_1e8vcs8._.js:776
[  143927ms] [LOG] [Fast Refresh] done in 819ms @ http://localhost:3000/_next/static/chunks/node_modules_next_dist_1e8vcs8._.js:776
[  143990ms] [LOG] [Fast Refresh] done in 819ms @ http://localhost:3000/_next/static/chunks/node_modules_next_dist_1e8vcs8._.js:776
[  144054ms] [LOG] [Fast Refresh] done in 819ms @ http://localhost:3000/_next/static/chunks/node_modules_next_dist_1e8vcs8._.js:776
[  144115ms] [LOG] [Fast Refresh] done in 819ms @ http://localhost:3000/_next/static/chunks/node_modules_next_dist_1e8vcs8._.js:776
[  144179ms] [LOG] [Fast Refresh] done in 819ms @ http://localhost:3000/_next/static/chunks/node_modules_next_dist_1e8vcs8._.js:776
[  144242ms] [LOG] [Fast Refresh] done in 819ms @ http://localhost:3000/_next/static/chunks/node_modules_next_dist_1e8vcs8._.js:776
[  144303ms] [LOG] [Fast Refresh] done in 819ms @ http://localhost:3000/_next/static/chunks/node_modules_next_dist_1e8vcs8._.js:776
[  144365ms] [LOG] [Fast Refresh] done in 819ms @ http://localhost:3000/_next/static/chunks/node_modules_next_dist_1e8vcs8._.js:776
[  144426ms] [LOG] [Fast Refresh] done in 819ms @ http://localhost:3000/_next/static/chunks/node_modules_next_dist_1e8vcs8._.js:776
[  144490ms] [LOG] [Fast Refresh] done in 819ms @ http://localhost:3000/_next/static/chunks/node_modules_next_dist_1e8vcs8._.js:776
[  144553ms] [LOG] [Fast Refresh] done in 819ms @ http://localhost:3000/_next/static/chunks/node_modules_next_dist_1e8vcs8._.js:776
[  144600ms] [LOG] [Fast Refresh] done in 819ms @ http://localhost:3000/_next/static/chunks/node_modules_next_dist_1e8vcs8._.js:776
[  144664ms] [LOG] [Fast Refresh] done in 819ms @ http://localhost:3000/_next/static/chunks/node_modules_next_dist_1e8vcs8._.js:776
[  144725ms] [LOG] [Fast Refresh] done in 819ms @ http://localhost:3000/_next/static/chunks/node_modules_next_dist_1e8vcs8._.js:776
[  144789ms] [LOG] [Fast Refresh] done in 819ms @ http://localhost:3000/_next/static/chunks/node_modules_next_dist_1e8vcs8._.js:776
[  144852ms] [LOG] [Fast Refresh] done in 819ms @ http://localhost:3000/_next/static/chunks/node_modules_next_dist_1e8vcs8._.js:776
[  144913ms] [LOG] [Fast Refresh] done in 819ms @ http://localhost:3000/_next/static/chunks/node_modules_next_dist_1e8vcs8._.js:776
[  144975ms] [LOG] [Fast Refresh] done in 819ms @ http://localhost:3000/_next/static/chunks/node_modules_next_dist_1e8vcs8._.js:776
[  145036ms] [LOG] [Fast Refresh] done in 819ms @ http://localhost:3000/_next/static/chunks/node_modules_next_dist_1e8vcs8._.js:776
[  145099ms] [LOG] [Fast Refresh] done in 819ms @ http://localhost:3000/_next/static/chunks/node_modules_next_dist_1e8vcs8._.js:776
[  145161ms] [LOG] [Fast Refresh] done in 819ms @ http://localhost:3000/_next/static/chunks/node_modules_next_dist_1e8vcs8._.js:776
[  145224ms] [LOG] [Fast Refresh] done in 819ms @ http://localhost:3000/_next/static/chunks/node_modules_next_dist_1e8vcs8._.js:776
[  145287ms] [LOG] [Fast Refresh] done in 819ms @ http://localhost:3000/_next/static/chunks/node_modules_next_dist_1e8vcs8._.js:776
[  145349ms] [LOG] [Fast Refresh] done in 819ms @ http://localhost:3000/_next/static/chunks/node_modules_next_dist_1e8vcs8._.js:776
[  145412ms] [LOG] [Fast Refresh] done in 819ms @ http://localhost:3000/_next/static/chunks/node_modules_next_dist_1e8vcs8._.js:776
[  145474ms] [LOG] [Fast Refresh] done in 819ms @ http://localhost:3000/_next/static/chunks/node_modules_next_dist_1e8vcs8._.js:776
[  145536ms] [LOG] [Fast Refresh] done in 819ms @ http://localhost:3000/_next/static/chunks/node_modules_next_dist_1e8vcs8._.js:776
[  145597ms] [LOG] [Fast Refresh] done in 819ms @ http://localhost:3000/_next/static/chunks/node_modules_next_dist_1e8vcs8._.js:776
[  145659ms] [LOG] [Fast Refresh] done in 819ms @ http://localhost:3000/_next/static/chunks/node_modules_next_dist_1e8vcs8._.js:776
[  145722ms] [LOG] [Fast Refresh] done in 819ms @ http://localhost:3000/_next/static/chunks/node_modules_next_dist_1e8vcs8._.js:776
[  145784ms] [LOG] [Fast Refresh] done in 819ms @ http://localhost:3000/_next/static/chunks/node_modules_next_dist_1e8vcs8._.js:776
[  145847ms] [LOG] [Fast Refresh] done in 819ms @ http://localhost:3000/_next/static/chunks/node_modules_next_dist_1e8vcs8._.js:776
[  145910ms] [LOG] [Fast Refresh] done in 819ms @ http://localhost:3000/_next/static/chunks/node_modules_next_dist_1e8vcs8._.js:776
[  145975ms] [LOG] [Fast Refresh] done in 819ms @ http://localhost:3000/_next/static/chunks/node_modules_next_dist_1e8vcs8._.js:776
[  146036ms] [LOG] [Fast Refresh] done in 819ms @ http://localhost:3000/_next/static/chunks/node_modules_next_dist_1e8vcs8._.js:776
[  146098ms] [LOG] [Fast Refresh] done in 819ms @ http://localhost:3000/_next/static/chunks/node_modules_next_dist_1e8vcs8._.js:776
[  146161ms] [LOG] [Fast Refresh] done in 819ms @ http://localhost:3000/_next/static/chunks/node_modules_next_dist_1e8vcs8._.js:776
[  146226ms] [LOG] [Fast Refresh] done in 819ms @ http://localhost:3000/_next/static/chunks/node_modules_next_dist_1e8vcs8._.js:776
[  146287ms] [LOG] [Fast Refresh] done in 819ms @ http://localhost:3000/_next/static/chunks/node_modules_next_dist_1e8vcs8._.js:776
[  146348ms] [LOG] [Fast Refresh] done in 819ms @ http://localhost:3000/_next/static/chunks/node_modules_next_dist_1e8vcs8._.js:776
[  146412ms] [LOG] [Fast Refresh] done in 819ms @ http://localhost:3000/_next/static/chunks/node_modules_next_dist_1e8vcs8._.js:776
[  146474ms] [LOG] [Fast Refresh] done in 819ms @ http://localhost:3000/_next/static/chunks/node_modules_next_dist_1e8vcs8._.js:776
[  146538ms] [LOG] [Fast Refresh] done in 819ms @ http://localhost:3000/_next/static/chunks/node_modules_next_dist_1e8vcs8._.js:776
[  146597ms] [LOG] [Fast Refresh] done in 819ms @ http://localhost:3000/_next/static/chunks/node_modules_next_dist_1e8vcs8._.js:776
[  146660ms] [LOG] [Fast Refresh] done in 819ms @ http://localhost:3000/_next/static/chunks/node_modules_next_dist_1e8vcs8._.js:776
[  146724ms] [LOG] [Fast Refresh] done in 819ms @ http://localhost:3000/_next/static/chunks/node_modules_next_dist_1e8vcs8._.js:776
[  146784ms] [LOG] [Fast Refresh] done in 819ms @ http://localhost:3000/_next/static/chunks/node_modules_next_dist_1e8vcs8._.js:776
[  146849ms] [LOG] [Fast Refresh] done in 819ms @ http://localhost:3000/_next/static/chunks/node_modules_next_dist_1e8vcs8._.js:776
[  146908ms] [LOG] [Fast Refresh] done in 819ms @ http://localhost:3000/_next/static/chunks/node_modules_next_dist_1e8vcs8._.js:776
[  146971ms] [LOG] [Fast Refresh] done in 819ms @ http://localhost:3000/_next/static/chunks/node_modules_next_dist_1e8vcs8._.js:776
[  147037ms] [LOG] [Fast Refresh] done in 819ms @ http://localhost:3000/_next/static/chunks/node_modules_next_dist_1e8vcs8._.js:776
[  147100ms] [LOG] [Fast Refresh] done in 819ms @ http://localhost:3000/_next/static/chunks/node_modules_next_dist_1e8vcs8._.js:776
[  147160ms] [LOG] [Fast Refresh] done in 819ms @ http://localhost:3000/_next/static/chunks/node_modules_next_dist_1e8vcs8._.js:776
[  147223ms] [LOG] [Fast Refresh] done in 819ms @ http://localhost:3000/_next/static/chunks/node_modules_next_dist_1e8vcs8._.js:776
[  147284ms] [LOG] [Fast Refresh] done in 819ms @ http://localhost:3000/_next/static/chunks/node_modules_next_dist_1e8vcs8._.js:776
[  147351ms] [LOG] [Fast Refresh] done in 819ms @ http://localhost:3000/_next/static/chunks/node_modules_next_dist_1e8vcs8._.js:776
[  147410ms] [LOG] [Fast Refresh] done in 819ms @ http://localhost:3000/_next/static/chunks/node_modules_next_dist_1e8vcs8._.js:776
[  147473ms] [LOG] [Fast Refresh] done in 819ms @ http://localhost:3000/_next/static/chunks/node_modules_next_dist_1e8vcs8._.js:776
[  147535ms] [LOG] [Fast Refresh] done in 819ms @ http://localhost:3000/_next/static/chunks/node_modules_next_dist_1e8vcs8._.js:776
[  147599ms] [LOG] [Fast Refresh] done in 819ms @ http://localhost:3000/_next/static/chunks/node_modules_next_dist_1e8vcs8._.js:776
[  147662ms] [LOG] [Fast Refresh] done in 819ms @ http://localhost:3000/_next/static/chunks/node_modules_next_dist_1e8vcs8._.js:776
[  147723ms] [LOG] [Fast Refresh] done in 819ms @ http://localhost:3000/_next/static/chunks/node_modules_next_dist_1e8vcs8._.js:776
[  147785ms] [LOG] [Fast Refresh] done in 819ms @ http://localhost:3000/_next/static/chunks/node_modules_next_dist_1e8vcs8._.js:776
[  147849ms] [LOG] [Fast Refresh] done in 819ms @ http://localhost:3000/_next/static/chunks/node_modules_next_dist_1e8vcs8._.js:776
[  147908ms] [LOG] [Fast Refresh] done in 819ms @ http://localhost:3000/_next/static/chunks/node_modules_next_dist_1e8vcs8._.js:776
[  147972ms] [LOG] [Fast Refresh] done in 819ms @ http://localhost:3000/_next/static/chunks/node_modules_next_dist_1e8vcs8._.js:776
[  148033ms] [LOG] [Fast Refresh] done in 819ms @ http://localhost:3000/_next/static/chunks/node_modules_next_dist_1e8vcs8._.js:776
[  148096ms] [LOG] [Fast Refresh] done in 819ms @ http://localhost:3000/_next/static/chunks/node_modules_next_dist_1e8vcs8._.js:776
[  148159ms] [LOG] [Fast Refresh] done in 819ms @ http://localhost:3000/_next/static/chunks/node_modules_next_dist_1e8vcs8._.js:776
[  148220ms] [LOG] [Fast Refresh] done in 819ms @ http://localhost:3000/_next/static/chunks/node_modules_next_dist_1e8vcs8._.js:776
[  148284ms] [LOG] [Fast Refresh] done in 819ms @ http://localhost:3000/_next/static/chunks/node_modules_next_dist_1e8vcs8._.js:776
[  148345ms] [LOG] [Fast Refresh] done in 819ms @ http://localhost:3000/_next/static/chunks/node_modules_next_dist_1e8vcs8._.js:776
[  148408ms] [LOG] [Fast Refresh] done in 819ms @ http://localhost:3000/_next/static/chunks/node_modules_next_dist_1e8vcs8._.js:776
[  148470ms] [LOG] [Fast Refresh] done in 819ms @ http://localhost:3000/_next/static/chunks/node_modules_next_dist_1e8vcs8._.js:776
[  148533ms] [LOG] [Fast Refresh] done in 819ms @ http://localhost:3000/_next/static/chunks/node_modules_next_dist_1e8vcs8._.js:776
[  148595ms] [LOG] [Fast Refresh] done in 819ms @ http://localhost:3000/_next/static/chunks/node_modules_next_dist_1e8vcs8._.js:776
[  148662ms] [LOG] [Fast Refresh] done in 819ms @ http://localhost:3000/_next/static/chunks/node_modules_next_dist_1e8vcs8._.js:776
[  148721ms] [LOG] [Fast Refresh] done in 819ms @ http://localhost:3000/_next/static/chunks/node_modules_next_dist_1e8vcs8._.js:776
[  148786ms] [LOG] [Fast Refresh] done in 819ms @ http://localhost:3000/_next/static/chunks/node_modules_next_dist_1e8vcs8._.js:776
[  148848ms] [LOG] [Fast Refresh] done in 819ms @ http://localhost:3000/_next/static/chunks/node_modules_next_dist_1e8vcs8._.js:776
[  148914ms] [LOG] [Fast Refresh] done in 819ms @ http://localhost:3000/_next/static/chunks/node_modules_next_dist_1e8vcs8._.js:776
[  148972ms] [LOG] [Fast Refresh] done in 819ms @ http://localhost:3000/_next/static/chunks/node_modules_next_dist_1e8vcs8._.js:776
[  149035ms] [LOG] [Fast Refresh] done in 819ms @ http://localhost:3000/_next/static/chunks/node_modules_next_dist_1e8vcs8._.js:776
[  149099ms] [LOG] [Fast Refresh] done in 819ms @ http://localhost:3000/_next/static/chunks/node_modules_next_dist_1e8vcs8._.js:776
[  149164ms] [LOG] [Fast Refresh] done in 819ms @ http://localhost:3000/_next/static/chunks/node_modules_next_dist_1e8vcs8._.js:776
[  149224ms] [LOG] [Fast Refresh] done in 819ms @ http://localhost:3000/_next/static/chunks/node_modules_next_dist_1e8vcs8._.js:776
[  149284ms] [LOG] [Fast Refresh] done in 819ms @ http://localhost:3000/_next/static/chunks/node_modules_next_dist_1e8vcs8._.js:776
[  149346ms] [LOG] [Fast Refresh] done in 819ms @ http://localhost:3000/_next/static/chunks/node_modules_next_dist_1e8vcs8._.js:776
[  149409ms] [LOG] [Fast Refresh] done in 819ms @ http://localhost:3000/_next/static/chunks/node_modules_next_dist_1e8vcs8._.js:776
[  149474ms] [LOG] [Fast Refresh] done in 819ms @ http://localhost:3000/_next/static/chunks/node_modules_next_dist_1e8vcs8._.js:776
[  149535ms] [LOG] [Fast Refresh] done in 819ms @ http://localhost:3000/_next/static/chunks/node_modules_next_dist_1e8vcs8._.js:776
[  149599ms] [LOG] [Fast Refresh] done in 819ms @ http://localhost:3000/_next/static/chunks/node_modules_next_dist_1e8vcs8._.js:776
[  149661ms] [LOG] [Fast Refresh] done in 819ms @ http://localhost:3000/_next/static/chunks/node_modules_next_dist_1e8vcs8._.js:776
[  149721ms] [LOG] [Fast Refresh] done in 819ms @ http://localhost:3000/_next/static/chunks/node_modules_next_dist_1e8vcs8._.js:776
[  149784ms] [LOG] [Fast Refresh] done in 819ms @ http://localhost:3000/_next/static/chunks/node_modules_next_dist_1e8vcs8._.js:776
[  149848ms] [LOG] [Fast Refresh] done in 819ms @ http://localhost:3000/_next/static/chunks/node_modules_next_dist_1e8vcs8._.js:776
[  149909ms] [LOG] [Fast Refresh] done in 819ms @ http://localhost:3000/_next/static/chunks/node_modules_next_dist_1e8vcs8._.js:776
[  149973ms] [LOG] [Fast Refresh] done in 819ms @ http://localhost:3000/_next/static/chunks/node_modules_next_dist_1e8vcs8._.js:776
[  150051ms] [LOG] [Fast Refresh] done in 819ms @ http://localhost:3000/_next/static/chunks/node_modules_next_dist_1e8vcs8._.js:776
[  150128ms] [LOG] [Fast Refresh] done in 819ms @ http://localhost:3000/_next/static/chunks/node_modules_next_dist_1e8vcs8._.js:776
[  150233ms] [LOG] [Fast Refresh] done in 819ms @ http://localhost:3000/_next/static/chunks/node_modules_next_dist_1e8vcs8._.js:776
[  150320ms] [LOG] [Fast Refresh] done in 819ms @ http://localhost:3000/_next/static/chunks/node_modules_next_dist_1e8vcs8._.js:776
[  150379ms] [LOG] [Fast Refresh] done in 819ms @ http://localhost:3000/_next/static/chunks/node_modules_next_dist_1e8vcs8._.js:776
[  150427ms] [LOG] [Fast Refresh] done in 819ms @ http://localhost:3000/_next/static/chunks/node_modules_next_dist_1e8vcs8._.js:776
[  150508ms] [LOG] [Fast Refresh] done in 819ms @ http://localhost:3000/_next/static/chunks/node_modules_next_dist_1e8vcs8._.js:776
[  150667ms] [LOG] [Fast Refresh] done in 819ms @ http://localhost:3000/_next/static/chunks/node_modules_next_dist_1e8vcs8._.js:776
[  150778ms] [LOG] [Fast Refresh] done in 819ms @ http://localhost:3000/_next/static/chunks/node_modules_next_dist_1e8vcs8._.js:776
[  150837ms] [LOG] [Fast Refresh] done in 819ms @ http://localhost:3000/_next/static/chunks/node_modules_next_dist_1e8vcs8._.js:776
[  150901ms] [LOG] [Fast Refresh] done in 819ms @ http://localhost:3000/_next/static/chunks/node_modules_next_dist_1e8vcs8._.js:776
[  150964ms] [LOG] [Fast Refresh] done in 819ms @ http://localhost:3000/_next/static/chunks/node_modules_next_dist_1e8vcs8._.js:776
[  151030ms] [LOG] [Fast Refresh] done in 819ms @ http://localhost:3000/_next/static/chunks/node_modules_next_dist_1e8vcs8._.js:776
[  151090ms] [LOG] [Fast Refresh] done in 819ms @ http://localhost:3000/_next/static/chunks/node_modules_next_dist_1e8vcs8._.js:776
[  151153ms] [LOG] [Fast Refresh] done in 819ms @ http://localhost:3000/_next/static/chunks/node_modules_next_dist_1e8vcs8._.js:776
[  151217ms] [LOG] [Fast Refresh] done in 819ms @ http://localhost:3000/_next/static/chunks/node_modules_next_dist_1e8vcs8._.js:776
[  151278ms] [LOG] [Fast Refresh] done in 819ms @ http://localhost:3000/_next/static/chunks/node_modules_next_dist_1e8vcs8._.js:776
[  151341ms] [LOG] [Fast Refresh] done in 819ms @ http://localhost:3000/_next/static/chunks/node_modules_next_dist_1e8vcs8._.js:776
[  151407ms] [LOG] [Fast Refresh] done in 819ms @ http://localhost:3000/_next/static/chunks/node_modules_next_dist_1e8vcs8._.js:776
[  151470ms] [LOG] [Fast Refresh] done in 819ms @ http://localhost:3000/_next/static/chunks/node_modules_next_dist_1e8vcs8._.js:776
[  151533ms] [LOG] [Fast Refresh] done in 819ms @ http://localhost:3000/_next/static/chunks/node_modules_next_dist_1e8vcs8._.js:776
[  151593ms] [LOG] [Fast Refresh] done in 819ms @ http://localhost:3000/_next/static/chunks/node_modules_next_dist_1e8vcs8._.js:776
[  151657ms] [LOG] [Fast Refresh] done in 819ms @ http://localhost:3000/_next/static/chunks/node_modules_next_dist_1e8vcs8._.js:776
[  151717ms] [LOG] [Fast Refresh] done in 819ms @ http://localhost:3000/_next/static/chunks/node_modules_next_dist_1e8vcs8._.js:776
[  151783ms] [LOG] [Fast Refresh] done in 819ms @ http://localhost:3000/_next/static/chunks/node_modules_next_dist_1e8vcs8._.js:776
[  151845ms] [LOG] [Fast Refresh] done in 819ms @ http://localhost:3000/_next/static/chunks/node_modules_next_dist_1e8vcs8._.js:776
[  151908ms] [LOG] [Fast Refresh] done in 819ms @ http://localhost:3000/_next/static/chunks/node_modules_next_dist_1e8vcs8._.js:776
[  151970ms] [LOG] [Fast Refresh] done in 819ms @ http://localhost:3000/_next/static/chunks/node_modules_next_dist_1e8vcs8._.js:776
[  152033ms] [LOG] [Fast Refresh] done in 819ms @ http://localhost:3000/_next/static/chunks/node_modules_next_dist_1e8vcs8._.js:776
[  152095ms] [LOG] [Fast Refresh] done in 819ms @ http://localhost:3000/_next/static/chunks/node_modules_next_dist_1e8vcs8._.js:776
[  152157ms] [LOG] [Fast Refresh] done in 819ms @ http://localhost:3000/_next/static/chunks/node_modules_next_dist_1e8vcs8._.js:776
[  152220ms] [LOG] [Fast Refresh] done in 819ms @ http://localhost:3000/_next/static/chunks/node_modules_next_dist_1e8vcs8._.js:776
[  152280ms] [LOG] [Fast Refresh] done in 819ms @ http://localhost:3000/_next/static/chunks/node_modules_next_dist_1e8vcs8._.js:776
[  152342ms] [LOG] [Fast Refresh] done in 819ms @ http://localhost:3000/_next/static/chunks/node_modules_next_dist_1e8vcs8._.js:776
[  152390ms] [LOG] [Fast Refresh] done in 819ms @ http://localhost:3000/_next/static/chunks/node_modules_next_dist_1e8vcs8._.js:776
[  152451ms] [LOG] [Fast Refresh] done in 819ms @ http://localhost:3000/_next/static/chunks/node_modules_next_dist_1e8vcs8._.js:776
[  152516ms] [LOG] [Fast Refresh] done in 819ms @ http://localhost:3000/_next/static/chunks/node_modules_next_dist_1e8vcs8._.js:776
[  152578ms] [LOG] [Fast Refresh] done in 819ms @ http://localhost:3000/_next/static/chunks/node_modules_next_dist_1e8vcs8._.js:776
[  152638ms] [LOG] [Fast Refresh] done in 819ms @ http://localhost:3000/_next/static/chunks/node_modules_next_dist_1e8vcs8._.js:776
[  152699ms] [LOG] [Fast Refresh] done in 819ms @ http://localhost:3000/_next/static/chunks/node_modules_next_dist_1e8vcs8._.js:776
[  152762ms] [LOG] [Fast Refresh] done in 819ms @ http://localhost:3000/_next/static/chunks/node_modules_next_dist_1e8vcs8._.js:776
[  152825ms] [LOG] [Fast Refresh] done in 819ms @ http://localhost:3000/_next/static/chunks/node_modules_next_dist_1e8vcs8._.js:776
[  152889ms] [LOG] [Fast Refresh] done in 819ms @ http://localhost:3000/_next/static/chunks/node_modules_next_dist_1e8vcs8._.js:776
[  152951ms] [LOG] [Fast Refresh] done in 819ms @ http://localhost:3000/_next/static/chunks/node_modules_next_dist_1e8vcs8._.js:776
[  153014ms] [LOG] [Fast Refresh] done in 819ms @ http://localhost:3000/_next/static/chunks/node_modules_next_dist_1e8vcs8._.js:776
[  153076ms] [LOG] [Fast Refresh] done in 819ms @ http://localhost:3000/_next/static/chunks/node_modules_next_dist_1e8vcs8._.js:776
[  153137ms] [LOG] [Fast Refresh] done in 819ms @ http://localhost:3000/_next/static/chunks/node_modules_next_dist_1e8vcs8._.js:776
[  153201ms] [LOG] [Fast Refresh] done in 819ms @ http://localhost:3000/_next/static/chunks/node_modules_next_dist_1e8vcs8._.js:776
[  153263ms] [LOG] [Fast Refresh] done in 819ms @ http://localhost:3000/_next/static/chunks/node_modules_next_dist_1e8vcs8._.js:776
[  153325ms] [LOG] [Fast Refresh] done in 819ms @ http://localhost:3000/_next/static/chunks/node_modules_next_dist_1e8vcs8._.js:776
[  153387ms] [LOG] [Fast Refresh] done in 819ms @ http://localhost:3000/_next/static/chunks/node_modules_next_dist_1e8vcs8._.js:776
[  153450ms] [LOG] [Fast Refresh] done in 819ms @ http://localhost:3000/_next/static/chunks/node_modules_next_dist_1e8vcs8._.js:776
[  153515ms] [LOG] [Fast Refresh] done in 819ms @ http://localhost:3000/_next/static/chunks/node_modules_next_dist_1e8vcs8._.js:776
[  153578ms] [LOG] [Fast Refresh] done in 819ms @ http://localhost:3000/_next/static/chunks/node_modules_next_dist_1e8vcs8._.js:776
[  153639ms] [LOG] [Fast Refresh] done in 819ms @ http://localhost:3000/_next/static/chunks/node_modules_next_dist_1e8vcs8._.js:776
[  153702ms] [LOG] [Fast Refresh] done in 819ms @ http://localhost:3000/_next/static/chunks/node_modules_next_dist_1e8vcs8._.js:776
[  153768ms] [LOG] [Fast Refresh] done in 819ms @ http://localhost:3000/_next/static/chunks/node_modules_next_dist_1e8vcs8._.js:776
[  153829ms] [LOG] [Fast Refresh] done in 819ms @ http://localhost:3000/_next/static/chunks/node_modules_next_dist_1e8vcs8._.js:776
[  153890ms] [LOG] [Fast Refresh] done in 819ms @ http://localhost:3000/_next/static/chunks/node_modules_next_dist_1e8vcs8._.js:776
[  153957ms] [LOG] [Fast Refresh] done in 819ms @ http://localhost:3000/_next/static/chunks/node_modules_next_dist_1e8vcs8._.js:776
[  154017ms] [LOG] [Fast Refresh] done in 819ms @ http://localhost:3000/_next/static/chunks/node_modules_next_dist_1e8vcs8._.js:776
[  154080ms] [LOG] [Fast Refresh] done in 819ms @ http://localhost:3000/_next/static/chunks/node_modules_next_dist_1e8vcs8._.js:776
[  154145ms] [LOG] [Fast Refresh] done in 819ms @ http://localhost:3000/_next/static/chunks/node_modules_next_dist_1e8vcs8._.js:776
[  154206ms] [LOG] [Fast Refresh] done in 819ms @ http://localhost:3000/_next/static/chunks/node_modules_next_dist_1e8vcs8._.js:776
[  154269ms] [LOG] [Fast Refresh] done in 819ms @ http://localhost:3000/_next/static/chunks/node_modules_next_dist_1e8vcs8._.js:776
[  154333ms] [LOG] [Fast Refresh] done in 819ms @ http://localhost:3000/_next/static/chunks/node_modules_next_dist_1e8vcs8._.js:776
[  154394ms] [LOG] [Fast Refresh] done in 819ms @ http://localhost:3000/_next/static/chunks/node_modules_next_dist_1e8vcs8._.js:776
[  154460ms] [LOG] [Fast Refresh] done in 819ms @ http://localhost:3000/_next/static/chunks/node_modules_next_dist_1e8vcs8._.js:776
[  154521ms] [LOG] [Fast Refresh] done in 819ms @ http://localhost:3000/_next/static/chunks/node_modules_next_dist_1e8vcs8._.js:776
[  154584ms] [LOG] [Fast Refresh] done in 819ms @ http://localhost:3000/_next/static/chunks/node_modules_next_dist_1e8vcs8._.js:776
[  154647ms] [LOG] [Fast Refresh] done in 819ms @ http://localhost:3000/_next/static/chunks/node_modules_next_dist_1e8vcs8._.js:776
[  154709ms] [LOG] [Fast Refresh] done in 819ms @ http://localhost:3000/_next/static/chunks/node_modules_next_dist_1e8vcs8._.js:776
[  154772ms] [LOG] [Fast Refresh] done in 819ms @ http://localhost:3000/_next/static/chunks/node_modules_next_dist_1e8vcs8._.js:776
[  154837ms] [LOG] [Fast Refresh] done in 819ms @ http://localhost:3000/_next/static/chunks/node_modules_next_dist_1e8vcs8._.js:776
[  154900ms] [LOG] [Fast Refresh] done in 819ms @ http://localhost:3000/_next/static/chunks/node_modules_next_dist_1e8vcs8._.js:776
[  154963ms] [LOG] [Fast Refresh] done in 819ms @ http://localhost:3000/_next/static/chunks/node_modules_next_dist_1e8vcs8._.js:776
[  155028ms] [LOG] [Fast Refresh] done in 819ms @ http://localhost:3000/_next/static/chunks/node_modules_next_dist_1e8vcs8._.js:776
[  155087ms] [LOG] [Fast Refresh] done in 819ms @ http://localhost:3000/_next/static/chunks/node_modules_next_dist_1e8vcs8._.js:776
[  155149ms] [LOG] [Fast Refresh] done in 819ms @ http://localhost:3000/_next/static/chunks/node_modules_next_dist_1e8vcs8._.js:776
[  155212ms] [LOG] [Fast Refresh] done in 819ms @ http://localhost:3000/_next/static/chunks/node_modules_next_dist_1e8vcs8._.js:776
[  155275ms] [LOG] [Fast Refresh] done in 819ms @ http://localhost:3000/_next/static/chunks/node_modules_next_dist_1e8vcs8._.js:776
[  155336ms] [LOG] [Fast Refresh] done in 819ms @ http://localhost:3000/_next/static/chunks/node_modules_next_dist_1e8vcs8._.js:776
[  155398ms] [LOG] [Fast Refresh] done in 819ms @ http://localhost:3000/_next/static/chunks/node_modules_next_dist_1e8vcs8._.js:776
[  155461ms] [LOG] [Fast Refresh] done in 819ms @ http://localhost:3000/_next/static/chunks/node_modules_next_dist_1e8vcs8._.js:776
[  155525ms] [LOG] [Fast Refresh] done in 819ms @ http://localhost:3000/_next/static/chunks/node_modules_next_dist_1e8vcs8._.js:776
[  155584ms] [LOG] [Fast Refresh] done in 819ms @ http://localhost:3000/_next/static/chunks/node_modules_next_dist_1e8vcs8._.js:776
[  155648ms] [LOG] [Fast Refresh] done in 819ms @ http://localhost:3000/_next/static/chunks/node_modules_next_dist_1e8vcs8._.js:776
[  155709ms] [LOG] [Fast Refresh] done in 819ms @ http://localhost:3000/_next/static/chunks/node_modules_next_dist_1e8vcs8._.js:776
[  155772ms] [LOG] [Fast Refresh] done in 819ms @ http://localhost:3000/_next/static/chunks/node_modules_next_dist_1e8vcs8._.js:776
[  155837ms] [LOG] [Fast Refresh] done in 819ms @ http://localhost:3000/_next/static/chunks/node_modules_next_dist_1e8vcs8._.js:776
[  155899ms] [LOG] [Fast Refresh] done in 819ms @ http://localhost:3000/_next/static/chunks/node_modules_next_dist_1e8vcs8._.js:776
[  155958ms] [LOG] [Fast Refresh] done in 819ms @ http://localhost:3000/_next/static/chunks/node_modules_next_dist_1e8vcs8._.js:776
[  156020ms] [LOG] [Fast Refresh] done in 819ms @ http://localhost:3000/_next/static/chunks/node_modules_next_dist_1e8vcs8._.js:776
[  156084ms] [LOG] [Fast Refresh] done in 819ms @ http://localhost:3000/_next/static/chunks/node_modules_next_dist_1e8vcs8._.js:776
[  156145ms] [LOG] [Fast Refresh] done in 819ms @ http://localhost:3000/_next/static/chunks/node_modules_next_dist_1e8vcs8._.js:776
[  156207ms] [LOG] [Fast Refresh] done in 819ms @ http://localhost:3000/_next/static/chunks/node_modules_next_dist_1e8vcs8._.js:776
[  156269ms] [LOG] [Fast Refresh] done in 819ms @ http://localhost:3000/_next/static/chunks/node_modules_next_dist_1e8vcs8._.js:776
[  156332ms] [LOG] [Fast Refresh] done in 819ms @ http://localhost:3000/_next/static/chunks/node_modules_next_dist_1e8vcs8._.js:776
[  156395ms] [LOG] [Fast Refresh] done in 819ms @ http://localhost:3000/_next/static/chunks/node_modules_next_dist_1e8vcs8._.js:776
[  156457ms] [LOG] [Fast Refresh] done in 819ms @ http://localhost:3000/_next/static/chunks/node_modules_next_dist_1e8vcs8._.js:776
[  156518ms] [LOG] [Fast Refresh] done in 819ms @ http://localhost:3000/_next/static/chunks/node_modules_next_dist_1e8vcs8._.js:776
[  156581ms] [LOG] [Fast Refresh] done in 819ms @ http://localhost:3000/_next/static/chunks/node_modules_next_dist_1e8vcs8._.js:776
[  156643ms] [LOG] [Fast Refresh] done in 819ms @ http://localhost:3000/_next/static/chunks/node_modules_next_dist_1e8vcs8._.js:776
[  156706ms] [LOG] [Fast Refresh] done in 819ms @ http://localhost:3000/_next/static/chunks/node_modules_next_dist_1e8vcs8._.js:776
[  156768ms] [LOG] [Fast Refresh] done in 819ms @ http://localhost:3000/_next/static/chunks/node_modules_next_dist_1e8vcs8._.js:776
[  156830ms] [LOG] [Fast Refresh] done in 819ms @ http://localhost:3000/_next/static/chunks/node_modules_next_dist_1e8vcs8._.js:776
[  156892ms] [LOG] [Fast Refresh] done in 819ms @ http://localhost:3000/_next/static/chunks/node_modules_next_dist_1e8vcs8._.js:776
[  156956ms] [LOG] [Fast Refresh] done in 819ms @ http://localhost:3000/_next/static/chunks/node_modules_next_dist_1e8vcs8._.js:776
[  157020ms] [LOG] [Fast Refresh] done in 819ms @ http://localhost:3000/_next/static/chunks/node_modules_next_dist_1e8vcs8._.js:776
[  157082ms] [LOG] [Fast Refresh] done in 819ms @ http://localhost:3000/_next/static/chunks/node_modules_next_dist_1e8vcs8._.js:776
[  157145ms] [LOG] [Fast Refresh] done in 819ms @ http://localhost:3000/_next/static/chunks/node_modules_next_dist_1e8vcs8._.js:776
[  157207ms] [LOG] [Fast Refresh] done in 819ms @ http://localhost:3000/_next/static/chunks/node_modules_next_dist_1e8vcs8._.js:776
[  157270ms] [LOG] [Fast Refresh] done in 819ms @ http://localhost:3000/_next/static/chunks/node_modules_next_dist_1e8vcs8._.js:776
[  157335ms] [LOG] [Fast Refresh] done in 819ms @ http://localhost:3000/_next/static/chunks/node_modules_next_dist_1e8vcs8._.js:776
[  157393ms] [LOG] [Fast Refresh] done in 819ms @ http://localhost:3000/_next/static/chunks/node_modules_next_dist_1e8vcs8._.js:776
[  157458ms] [LOG] [Fast Refresh] done in 819ms @ http://localhost:3000/_next/static/chunks/node_modules_next_dist_1e8vcs8._.js:776
[  157522ms] [LOG] [Fast Refresh] done in 819ms @ http://localhost:3000/_next/static/chunks/node_modules_next_dist_1e8vcs8._.js:776
[  157581ms] [LOG] [Fast Refresh] done in 819ms @ http://localhost:3000/_next/static/chunks/node_modules_next_dist_1e8vcs8._.js:776
[  157629ms] [LOG] [Fast Refresh] done in 819ms @ http://localhost:3000/_next/static/chunks/node_modules_next_dist_1e8vcs8._.js:776
[  157690ms] [LOG] [Fast Refresh] done in 819ms @ http://localhost:3000/_next/static/chunks/node_modules_next_dist_1e8vcs8._.js:776
[  157755ms] [LOG] [Fast Refresh] done in 819ms @ http://localhost:3000/_next/static/chunks/node_modules_next_dist_1e8vcs8._.js:776
[  157818ms] [LOG] [Fast Refresh] done in 819ms @ http://localhost:3000/_next/static/chunks/node_modules_next_dist_1e8vcs8._.js:776
[  157880ms] [LOG] [Fast Refresh] done in 819ms @ http://localhost:3000/_next/static/chunks/node_modules_next_dist_1e8vcs8._.js:776
[  157943ms] [LOG] [Fast Refresh] done in 819ms @ http://localhost:3000/_next/static/chunks/node_modules_next_dist_1e8vcs8._.js:776
[  158005ms] [LOG] [Fast Refresh] done in 819ms @ http://localhost:3000/_next/static/chunks/node_modules_next_dist_1e8vcs8._.js:776
[  158069ms] [LOG] [Fast Refresh] done in 819ms @ http://localhost:3000/_next/static/chunks/node_modules_next_dist_1e8vcs8._.js:776
[  158130ms] [LOG] [Fast Refresh] done in 819ms @ http://localhost:3000/_next/static/chunks/node_modules_next_dist_1e8vcs8._.js:776
[  158195ms] [LOG] [Fast Refresh] done in 819ms @ http://localhost:3000/_next/static/chunks/node_modules_next_dist_1e8vcs8._.js:776
[  158257ms] [LOG] [Fast Refresh] done in 819ms @ http://localhost:3000/_next/static/chunks/node_modules_next_dist_1e8vcs8._.js:776
[  158321ms] [LOG] [Fast Refresh] done in 819ms @ http://localhost:3000/_next/static/chunks/node_modules_next_dist_1e8vcs8._.js:776
[  158383ms] [LOG] [Fast Refresh] done in 819ms @ http://localhost:3000/_next/static/chunks/node_modules_next_dist_1e8vcs8._.js:776
[  158446ms] [LOG] [Fast Refresh] done in 819ms @ http://localhost:3000/_next/static/chunks/node_modules_next_dist_1e8vcs8._.js:776
[  158494ms] [LOG] [Fast Refresh] done in 819ms @ http://localhost:3000/_next/static/chunks/node_modules_next_dist_1e8vcs8._.js:776
[  158541ms] [LOG] [Fast Refresh] done in 819ms @ http://localhost:3000/_next/static/chunks/node_modules_next_dist_1e8vcs8._.js:776
[  158603ms] [LOG] [Fast Refresh] done in 819ms @ http://localhost:3000/_next/static/chunks/node_modules_next_dist_1e8vcs8._.js:776
[  158666ms] [LOG] [Fast Refresh] done in 819ms @ http://localhost:3000/_next/static/chunks/node_modules_next_dist_1e8vcs8._.js:776
[  158729ms] [LOG] [Fast Refresh] done in 819ms @ http://localhost:3000/_next/static/chunks/node_modules_next_dist_1e8vcs8._.js:776
[  158794ms] [LOG] [Fast Refresh] done in 819ms @ http://localhost:3000/_next/static/chunks/node_modules_next_dist_1e8vcs8._.js:776
[  158855ms] [LOG] [Fast Refresh] done in 819ms @ http://localhost:3000/_next/static/chunks/node_modules_next_dist_1e8vcs8._.js:776
[  158918ms] [LOG] [Fast Refresh] done in 819ms @ http://localhost:3000/_next/static/chunks/node_modules_next_dist_1e8vcs8._.js:776
[  158991ms] [LOG] [Fast Refresh] done in 819ms @ http://localhost:3000/_next/static/chunks/node_modules_next_dist_1e8vcs8._.js:776
[  159076ms] [LOG] [Fast Refresh] done in 819ms @ http://localhost:3000/_next/static/chunks/node_modules_next_dist_1e8vcs8._.js:776
[  159125ms] [LOG] [Fast Refresh] done in 819ms @ http://localhost:3000/_next/static/chunks/node_modules_next_dist_1e8vcs8._.js:776
[  159188ms] [LOG] [Fast Refresh] done in 819ms @ http://localhost:3000/_next/static/chunks/node_modules_next_dist_1e8vcs8._.js:776
[  159250ms] [LOG] [Fast Refresh] done in 819ms @ http://localhost:3000/_next/static/chunks/node_modules_next_dist_1e8vcs8._.js:776
[  159315ms] [LOG] [Fast Refresh] done in 819ms @ http://localhost:3000/_next/static/chunks/node_modules_next_dist_1e8vcs8._.js:776
[  159375ms] [LOG] [Fast Refresh] done in 819ms @ http://localhost:3000/_next/static/chunks/node_modules_next_dist_1e8vcs8._.js:776
[  159438ms] [LOG] [Fast Refresh] done in 819ms @ http://localhost:3000/_next/static/chunks/node_modules_next_dist_1e8vcs8._.js:776
[  159502ms] [LOG] [Fast Refresh] done in 819ms @ http://localhost:3000/_next/static/chunks/node_modules_next_dist_1e8vcs8._.js:776
[  159571ms] [LOG] [Fast Refresh] done in 819ms @ http://localhost:3000/_next/static/chunks/node_modules_next_dist_1e8vcs8._.js:776
[  159627ms] [LOG] [Fast Refresh] done in 819ms @ http://localhost:3000/_next/static/chunks/node_modules_next_dist_1e8vcs8._.js:776
[  159690ms] [LOG] [Fast Refresh] done in 819ms @ http://localhost:3000/_next/static/chunks/node_modules_next_dist_1e8vcs8._.js:776
[  159751ms] [LOG] [Fast Refresh] done in 819ms @ http://localhost:3000/_next/static/chunks/node_modules_next_dist_1e8vcs8._.js:776
[  159813ms] [LOG] [Fast Refresh] done in 819ms @ http://localhost:3000/_next/static/chunks/node_modules_next_dist_1e8vcs8._.js:776
[  159876ms] [LOG] [Fast Refresh] done in 819ms @ http://localhost:3000/_next/static/chunks/node_modules_next_dist_1e8vcs8._.js:776
[  159938ms] [LOG] [Fast Refresh] done in 819ms @ http://localhost:3000/_next/static/chunks/node_modules_next_dist_1e8vcs8._.js:776
[  159999ms] [LOG] [Fast Refresh] done in 819ms @ http://localhost:3000/_next/static/chunks/node_modules_next_dist_1e8vcs8._.js:776
[  160061ms] [LOG] [Fast Refresh] done in 819ms @ http://localhost:3000/_next/static/chunks/node_modules_next_dist_1e8vcs8._.js:776
[  160121ms] [LOG] [Fast Refresh] done in 819ms @ http://localhost:3000/_next/static/chunks/node_modules_next_dist_1e8vcs8._.js:776
[  160182ms] [LOG] [Fast Refresh] done in 819ms @ http://localhost:3000/_next/static/chunks/node_modules_next_dist_1e8vcs8._.js:776
[  160246ms] [LOG] [Fast Refresh] done in 819ms @ http://localhost:3000/_next/static/chunks/node_modules_next_dist_1e8vcs8._.js:776
[  160307ms] [LOG] [Fast Refresh] done in 819ms @ http://localhost:3000/_next/static/chunks/node_modules_next_dist_1e8vcs8._.js:776
[  160371ms] [LOG] [Fast Refresh] done in 819ms @ http://localhost:3000/_next/static/chunks/node_modules_next_dist_1e8vcs8._.js:776
[  160432ms] [LOG] [Fast Refresh] done in 819ms @ http://localhost:3000/_next/static/chunks/node_modules_next_dist_1e8vcs8._.js:776
[  160494ms] [LOG] [Fast Refresh] done in 819ms @ http://localhost:3000/_next/static/chunks/node_modules_next_dist_1e8vcs8._.js:776
[  160555ms] [LOG] [Fast Refresh] done in 819ms @ http://localhost:3000/_next/static/chunks/node_modules_next_dist_1e8vcs8._.js:776
[  160618ms] [LOG] [Fast Refresh] done in 819ms @ http://localhost:3000/_next/static/chunks/node_modules_next_dist_1e8vcs8._.js:776
[  160680ms] [LOG] [Fast Refresh] done in 819ms @ http://localhost:3000/_next/static/chunks/node_modules_next_dist_1e8vcs8._.js:776
[  160747ms] [LOG] [Fast Refresh] done in 819ms @ http://localhost:3000/_next/static/chunks/node_modules_next_dist_1e8vcs8._.js:776
[  160823ms] [LOG] [Fast Refresh] done in 819ms @ http://localhost:3000/_next/static/chunks/node_modules_next_dist_1e8vcs8._.js:776
[  160883ms] [LOG] [Fast Refresh] done in 819ms @ http://localhost:3000/_next/static/chunks/node_modules_next_dist_1e8vcs8._.js:776
[  160946ms] [LOG] [Fast Refresh] done in 819ms @ http://localhost:3000/_next/static/chunks/node_modules_next_dist_1e8vcs8._.js:776
[  161010ms] [LOG] [Fast Refresh] done in 819ms @ http://localhost:3000/_next/static/chunks/node_modules_next_dist_1e8vcs8._.js:776
[  161078ms] [LOG] [Fast Refresh] done in 819ms @ http://localhost:3000/_next/static/chunks/node_modules_next_dist_1e8vcs8._.js:776
[  161138ms] [LOG] [Fast Refresh] done in 819ms @ http://localhost:3000/_next/static/chunks/node_modules_next_dist_1e8vcs8._.js:776
[  161198ms] [LOG] [Fast Refresh] done in 819ms @ http://localhost:3000/_next/static/chunks/node_modules_next_dist_1e8vcs8._.js:776
[  161257ms] [LOG] [Fast Refresh] done in 819ms @ http://localhost:3000/_next/static/chunks/node_modules_next_dist_1e8vcs8._.js:776
[  161321ms] [LOG] [Fast Refresh] done in 819ms @ http://localhost:3000/_next/static/chunks/node_modules_next_dist_1e8vcs8._.js:776
[  161380ms] [LOG] [Fast Refresh] done in 819ms @ http://localhost:3000/_next/static/chunks/node_modules_next_dist_1e8vcs8._.js:776
[  161444ms] [LOG] [Fast Refresh] done in 819ms @ http://localhost:3000/_next/static/chunks/node_modules_next_dist_1e8vcs8._.js:776
[  161506ms] [LOG] [Fast Refresh] done in 819ms @ http://localhost:3000/_next/static/chunks/node_modules_next_dist_1e8vcs8._.js:776
[  161568ms] [LOG] [Fast Refresh] done in 819ms @ http://localhost:3000/_next/static/chunks/node_modules_next_dist_1e8vcs8._.js:776
[  161631ms] [LOG] [Fast Refresh] done in 819ms @ http://localhost:3000/_next/static/chunks/node_modules_next_dist_1e8vcs8._.js:776
[  161679ms] [LOG] [Fast Refresh] done in 819ms @ http://localhost:3000/_next/static/chunks/node_modules_next_dist_1e8vcs8._.js:776
[  161728ms] [LOG] [Fast Refresh] done in 819ms @ http://localhost:3000/_next/static/chunks/node_modules_next_dist_1e8vcs8._.js:776
[  161789ms] [LOG] [Fast Refresh] done in 819ms @ http://localhost:3000/_next/static/chunks/node_modules_next_dist_1e8vcs8._.js:776
[  161852ms] [LOG] [Fast Refresh] done in 819ms @ http://localhost:3000/_next/static/chunks/node_modules_next_dist_1e8vcs8._.js:776
[  161914ms] [LOG] [Fast Refresh] done in 819ms @ http://localhost:3000/_next/static/chunks/node_modules_next_dist_1e8vcs8._.js:776
[  161975ms] [LOG] [Fast Refresh] done in 819ms @ http://localhost:3000/_next/static/chunks/node_modules_next_dist_1e8vcs8._.js:776
[  162037ms] [LOG] [Fast Refresh] done in 819ms @ http://localhost:3000/_next/static/chunks/node_modules_next_dist_1e8vcs8._.js:776
[  162100ms] [LOG] [Fast Refresh] done in 819ms @ http://localhost:3000/_next/static/chunks/node_modules_next_dist_1e8vcs8._.js:776
[  162160ms] [LOG] [Fast Refresh] done in 819ms @ http://localhost:3000/_next/static/chunks/node_modules_next_dist_1e8vcs8._.js:776
[  162222ms] [LOG] [Fast Refresh] done in 819ms @ http://localhost:3000/_next/static/chunks/node_modules_next_dist_1e8vcs8._.js:776
[  162286ms] [LOG] [Fast Refresh] done in 819ms @ http://localhost:3000/_next/static/chunks/node_modules_next_dist_1e8vcs8._.js:776
[  162349ms] [LOG] [Fast Refresh] done in 819ms @ http://localhost:3000/_next/static/chunks/node_modules_next_dist_1e8vcs8._.js:776
[  162411ms] [LOG] [Fast Refresh] done in 819ms @ http://localhost:3000/_next/static/chunks/node_modules_next_dist_1e8vcs8._.js:776
[  162472ms] [LOG] [Fast Refresh] done in 819ms @ http://localhost:3000/_next/static/chunks/node_modules_next_dist_1e8vcs8._.js:776
[  162520ms] [LOG] [Fast Refresh] done in 819ms @ http://localhost:3000/_next/static/chunks/node_modules_next_dist_1e8vcs8._.js:776
[  162582ms] [LOG] [Fast Refresh] done in 819ms @ http://localhost:3000/_next/static/chunks/node_modules_next_dist_1e8vcs8._.js:776
[  162647ms] [LOG] [Fast Refresh] done in 819ms @ http://localhost:3000/_next/static/chunks/node_modules_next_dist_1e8vcs8._.js:776
[  162708ms] [LOG] [Fast Refresh] done in 819ms @ http://localhost:3000/_next/static/chunks/node_modules_next_dist_1e8vcs8._.js:776
[  162775ms] [LOG] [Fast Refresh] done in 819ms @ http://localhost:3000/_next/static/chunks/node_modules_next_dist_1e8vcs8._.js:776
[  162833ms] [LOG] [Fast Refresh] done in 819ms @ http://localhost:3000/_next/static/chunks/node_modules_next_dist_1e8vcs8._.js:776
[  162894ms] [LOG] [Fast Refresh] done in 819ms @ http://localhost:3000/_next/static/chunks/node_modules_next_dist_1e8vcs8._.js:776
[  162957ms] [LOG] [Fast Refresh] done in 819ms @ http://localhost:3000/_next/static/chunks/node_modules_next_dist_1e8vcs8._.js:776
[  163022ms] [LOG] [Fast Refresh] done in 819ms @ http://localhost:3000/_next/static/chunks/node_modules_next_dist_1e8vcs8._.js:776
[  163084ms] [LOG] [Fast Refresh] done in 819ms @ http://localhost:3000/_next/static/chunks/node_modules_next_dist_1e8vcs8._.js:776
[  163146ms] [LOG] [Fast Refresh] done in 819ms @ http://localhost:3000/_next/static/chunks/node_modules_next_dist_1e8vcs8._.js:776
[  163210ms] [LOG] [Fast Refresh] done in 819ms @ http://localhost:3000/_next/static/chunks/node_modules_next_dist_1e8vcs8._.js:776
[  163271ms] [LOG] [Fast Refresh] done in 819ms @ http://localhost:3000/_next/static/chunks/node_modules_next_dist_1e8vcs8._.js:776
[  163335ms] [LOG] [Fast Refresh] done in 819ms @ http://localhost:3000/_next/static/chunks/node_modules_next_dist_1e8vcs8._.js:776
[  163397ms] [LOG] [Fast Refresh] done in 819ms @ http://localhost:3000/_next/static/chunks/node_modules_next_dist_1e8vcs8._.js:776
[  163462ms] [LOG] [Fast Refresh] done in 819ms @ http://localhost:3000/_next/static/chunks/node_modules_next_dist_1e8vcs8._.js:776
[  163521ms] [LOG] [Fast Refresh] done in 819ms @ http://localhost:3000/_next/static/chunks/node_modules_next_dist_1e8vcs8._.js:776
[  163584ms] [LOG] [Fast Refresh] done in 819ms @ http://localhost:3000/_next/static/chunks/node_modules_next_dist_1e8vcs8._.js:776
[  163646ms] [LOG] [Fast Refresh] done in 819ms @ http://localhost:3000/_next/static/chunks/node_modules_next_dist_1e8vcs8._.js:776
[  163708ms] [LOG] [Fast Refresh] done in 819ms @ http://localhost:3000/_next/static/chunks/node_modules_next_dist_1e8vcs8._.js:776
[  163774ms] [LOG] [Fast Refresh] done in 819ms @ http://localhost:3000/_next/static/chunks/node_modules_next_dist_1e8vcs8._.js:776
[  163833ms] [LOG] [Fast Refresh] done in 819ms @ http://localhost:3000/_next/static/chunks/node_modules_next_dist_1e8vcs8._.js:776
[  163894ms] [LOG] [Fast Refresh] done in 819ms @ http://localhost:3000/_next/static/chunks/node_modules_next_dist_1e8vcs8._.js:776
[  163955ms] [LOG] [Fast Refresh] done in 819ms @ http://localhost:3000/_next/static/chunks/node_modules_next_dist_1e8vcs8._.js:776
[  164018ms] [LOG] [Fast Refresh] done in 819ms @ http://localhost:3000/_next/static/chunks/node_modules_next_dist_1e8vcs8._.js:776
[  164087ms] [LOG] [Fast Refresh] done in 819ms @ http://localhost:3000/_next/static/chunks/node_modules_next_dist_1e8vcs8._.js:776
[  164142ms] [LOG] [Fast Refresh] done in 819ms @ http://localhost:3000/_next/static/chunks/node_modules_next_dist_1e8vcs8._.js:776
[  164203ms] [LOG] [Fast Refresh] done in 819ms @ http://localhost:3000/_next/static/chunks/node_modules_next_dist_1e8vcs8._.js:776
[  164266ms] [LOG] [Fast Refresh] done in 819ms @ http://localhost:3000/_next/static/chunks/node_modules_next_dist_1e8vcs8._.js:776
[  164328ms] [LOG] [Fast Refresh] done in 819ms @ http://localhost:3000/_next/static/chunks/node_modules_next_dist_1e8vcs8._.js:776
[  164390ms] [LOG] [Fast Refresh] done in 819ms @ http://localhost:3000/_next/static/chunks/node_modules_next_dist_1e8vcs8._.js:776
[  164456ms] [LOG] [Fast Refresh] done in 819ms @ http://localhost:3000/_next/static/chunks/node_modules_next_dist_1e8vcs8._.js:776
[  164515ms] [LOG] [Fast Refresh] done in 819ms @ http://localhost:3000/_next/static/chunks/node_modules_next_dist_1e8vcs8._.js:776
[  164577ms] [LOG] [Fast Refresh] done in 819ms @ http://localhost:3000/_next/static/chunks/node_modules_next_dist_1e8vcs8._.js:776
[  164640ms] [LOG] [Fast Refresh] done in 819ms @ http://localhost:3000/_next/static/chunks/node_modules_next_dist_1e8vcs8._.js:776
[  164702ms] [LOG] [Fast Refresh] done in 819ms @ http://localhost:3000/_next/static/chunks/node_modules_next_dist_1e8vcs8._.js:776
[  164765ms] [LOG] [Fast Refresh] done in 819ms @ http://localhost:3000/_next/static/chunks/node_modules_next_dist_1e8vcs8._.js:776
[  164827ms] [LOG] [Fast Refresh] done in 819ms @ http://localhost:3000/_next/static/chunks/node_modules_next_dist_1e8vcs8._.js:776
[  164889ms] [LOG] [Fast Refresh] done in 819ms @ http://localhost:3000/_next/static/chunks/node_modules_next_dist_1e8vcs8._.js:776
[  164952ms] [LOG] [Fast Refresh] done in 819ms @ http://localhost:3000/_next/static/chunks/node_modules_next_dist_1e8vcs8._.js:776
[  165013ms] [LOG] [Fast Refresh] done in 819ms @ http://localhost:3000/_next/static/chunks/node_modules_next_dist_1e8vcs8._.js:776
[  165076ms] [LOG] [Fast Refresh] done in 819ms @ http://localhost:3000/_next/static/chunks/node_modules_next_dist_1e8vcs8._.js:776
[  165139ms] [LOG] [Fast Refresh] done in 819ms @ http://localhost:3000/_next/static/chunks/node_modules_next_dist_1e8vcs8._.js:776
[  165202ms] [LOG] [Fast Refresh] done in 819ms @ http://localhost:3000/_next/static/chunks/node_modules_next_dist_1e8vcs8._.js:776
[  165264ms] [LOG] [Fast Refresh] done in 819ms @ http://localhost:3000/_next/static/chunks/node_modules_next_dist_1e8vcs8._.js:776
[  165324ms] [LOG] [Fast Refresh] done in 819ms @ http://localhost:3000/_next/static/chunks/node_modules_next_dist_1e8vcs8._.js:776
[  165386ms] [LOG] [Fast Refresh] done in 819ms @ http://localhost:3000/_next/static/chunks/node_modules_next_dist_1e8vcs8._.js:776
[  165448ms] [LOG] [Fast Refresh] done in 819ms @ http://localhost:3000/_next/static/chunks/node_modules_next_dist_1e8vcs8._.js:776
[  165510ms] [LOG] [Fast Refresh] done in 819ms @ http://localhost:3000/_next/static/chunks/node_modules_next_dist_1e8vcs8._.js:776
[  165572ms] [LOG] [Fast Refresh] done in 819ms @ http://localhost:3000/_next/static/chunks/node_modules_next_dist_1e8vcs8._.js:776
[  165632ms] [LOG] [Fast Refresh] done in 819ms @ http://localhost:3000/_next/static/chunks/node_modules_next_dist_1e8vcs8._.js:776
[  165696ms] [LOG] [Fast Refresh] done in 819ms @ http://localhost:3000/_next/static/chunks/node_modules_next_dist_1e8vcs8._.js:776
[  165757ms] [LOG] [Fast Refresh] done in 819ms @ http://localhost:3000/_next/static/chunks/node_modules_next_dist_1e8vcs8._.js:776
[  165819ms] [LOG] [Fast Refresh] done in 819ms @ http://localhost:3000/_next/static/chunks/node_modules_next_dist_1e8vcs8._.js:776
[  165883ms] [LOG] [Fast Refresh] done in 819ms @ http://localhost:3000/_next/static/chunks/node_modules_next_dist_1e8vcs8._.js:776
[  165944ms] [LOG] [Fast Refresh] done in 819ms @ http://localhost:3000/_next/static/chunks/node_modules_next_dist_1e8vcs8._.js:776
[  166007ms] [LOG] [Fast Refresh] done in 819ms @ http://localhost:3000/_next/static/chunks/node_modules_next_dist_1e8vcs8._.js:776
[  166069ms] [LOG] [Fast Refresh] done in 819ms @ http://localhost:3000/_next/static/chunks/node_modules_next_dist_1e8vcs8._.js:776
[  166130ms] [LOG] [Fast Refresh] done in 819ms @ http://localhost:3000/_next/static/chunks/node_modules_next_dist_1e8vcs8._.js:776
[  166193ms] [LOG] [Fast Refresh] done in 819ms @ http://localhost:3000/_next/static/chunks/node_modules_next_dist_1e8vcs8._.js:776
[  166257ms] [LOG] [Fast Refresh] done in 819ms @ http://localhost:3000/_next/static/chunks/node_modules_next_dist_1e8vcs8._.js:776
[  166317ms] [LOG] [Fast Refresh] done in 819ms @ http://localhost:3000/_next/static/chunks/node_modules_next_dist_1e8vcs8._.js:776
[  166379ms] [LOG] [Fast Refresh] done in 819ms @ http://localhost:3000/_next/static/chunks/node_modules_next_dist_1e8vcs8._.js:776
[  166443ms] [LOG] [Fast Refresh] done in 819ms @ http://localhost:3000/_next/static/chunks/node_modules_next_dist_1e8vcs8._.js:776
[  166507ms] [LOG] [Fast Refresh] done in 819ms @ http://localhost:3000/_next/static/chunks/node_modules_next_dist_1e8vcs8._.js:776
[  166567ms] [LOG] [Fast Refresh] done in 819ms @ http://localhost:3000/_next/static/chunks/node_modules_next_dist_1e8vcs8._.js:776
[  166628ms] [LOG] [Fast Refresh] done in 819ms @ http://localhost:3000/_next/static/chunks/node_modules_next_dist_1e8vcs8._.js:776
[  166691ms] [LOG] [Fast Refresh] done in 819ms @ http://localhost:3000/_next/static/chunks/node_modules_next_dist_1e8vcs8._.js:776
[  166737ms] [LOG] [Fast Refresh] done in 819ms @ http://localhost:3000/_next/static/chunks/node_modules_next_dist_1e8vcs8._.js:776
[  166799ms] [LOG] [Fast Refresh] done in 819ms @ http://localhost:3000/_next/static/chunks/node_modules_next_dist_1e8vcs8._.js:776
[  166862ms] [LOG] [Fast Refresh] done in 819ms @ http://localhost:3000/_next/static/chunks/node_modules_next_dist_1e8vcs8._.js:776
[  166924ms] [LOG] [Fast Refresh] done in 819ms @ http://localhost:3000/_next/static/chunks/node_modules_next_dist_1e8vcs8._.js:776
[  166984ms] [LOG] [Fast Refresh] done in 819ms @ http://localhost:3000/_next/static/chunks/node_modules_next_dist_1e8vcs8._.js:776
[  167047ms] [LOG] [Fast Refresh] done in 819ms @ http://localhost:3000/_next/static/chunks/node_modules_next_dist_1e8vcs8._.js:776
[  167108ms] [LOG] [Fast Refresh] done in 819ms @ http://localhost:3000/_next/static/chunks/node_modules_next_dist_1e8vcs8._.js:776
[  167170ms] [LOG] [Fast Refresh] done in 819ms @ http://localhost:3000/_next/static/chunks/node_modules_next_dist_1e8vcs8._.js:776
[  167233ms] [LOG] [Fast Refresh] done in 819ms @ http://localhost:3000/_next/static/chunks/node_modules_next_dist_1e8vcs8._.js:776
[  167295ms] [LOG] [Fast Refresh] done in 819ms @ http://localhost:3000/_next/static/chunks/node_modules_next_dist_1e8vcs8._.js:776
[  167357ms] [LOG] [Fast Refresh] done in 819ms @ http://localhost:3000/_next/static/chunks/node_modules_next_dist_1e8vcs8._.js:776
[  167420ms] [LOG] [Fast Refresh] done in 819ms @ http://localhost:3000/_next/static/chunks/node_modules_next_dist_1e8vcs8._.js:776
[  167483ms] [LOG] [Fast Refresh] done in 819ms @ http://localhost:3000/_next/static/chunks/node_modules_next_dist_1e8vcs8._.js:776
[  167545ms] [LOG] [Fast Refresh] done in 819ms @ http://localhost:3000/_next/static/chunks/node_modules_next_dist_1e8vcs8._.js:776
[  167608ms] [LOG] [Fast Refresh] done in 819ms @ http://localhost:3000/_next/static/chunks/node_modules_next_dist_1e8vcs8._.js:776
[  167670ms] [LOG] [Fast Refresh] done in 819ms @ http://localhost:3000/_next/static/chunks/node_modules_next_dist_1e8vcs8._.js:776
[  167717ms] [LOG] [Fast Refresh] done in 819ms @ http://localhost:3000/_next/static/chunks/node_modules_next_dist_1e8vcs8._.js:776
[  167768ms] [LOG] [Fast Refresh] done in 819ms @ http://localhost:3000/_next/static/chunks/node_modules_next_dist_1e8vcs8._.js:776
[  167830ms] [LOG] [Fast Refresh] done in 819ms @ http://localhost:3000/_next/static/chunks/node_modules_next_dist_1e8vcs8._.js:776
[  167892ms] [LOG] [Fast Refresh] done in 819ms @ http://localhost:3000/_next/static/chunks/node_modules_next_dist_1e8vcs8._.js:776
[  167953ms] [LOG] [Fast Refresh] done in 819ms @ http://localhost:3000/_next/static/chunks/node_modules_next_dist_1e8vcs8._.js:776
[  168017ms] [LOG] [Fast Refresh] done in 819ms @ http://localhost:3000/_next/static/chunks/node_modules_next_dist_1e8vcs8._.js:776
[  168076ms] [LOG] [Fast Refresh] done in 819ms @ http://localhost:3000/_next/static/chunks/node_modules_next_dist_1e8vcs8._.js:776
[  168139ms] [LOG] [Fast Refresh] done in 819ms @ http://localhost:3000/_next/static/chunks/node_modules_next_dist_1e8vcs8._.js:776
[  168201ms] [LOG] [Fast Refresh] done in 819ms @ http://localhost:3000/_next/static/chunks/node_modules_next_dist_1e8vcs8._.js:776
[  168264ms] [LOG] [Fast Refresh] done in 819ms @ http://localhost:3000/_next/static/chunks/node_modules_next_dist_1e8vcs8._.js:776
[  168326ms] [LOG] [Fast Refresh] done in 819ms @ http://localhost:3000/_next/static/chunks/node_modules_next_dist_1e8vcs8._.js:776
[  168389ms] [LOG] [Fast Refresh] done in 819ms @ http://localhost:3000/_next/static/chunks/node_modules_next_dist_1e8vcs8._.js:776
[  168450ms] [LOG] [Fast Refresh] done in 819ms @ http://localhost:3000/_next/static/chunks/node_modules_next_dist_1e8vcs8._.js:776
[  168514ms] [LOG] [Fast Refresh] done in 819ms @ http://localhost:3000/_next/static/chunks/node_modules_next_dist_1e8vcs8._.js:776
[  168580ms] [LOG] [Fast Refresh] done in 819ms @ http://localhost:3000/_next/static/chunks/node_modules_next_dist_1e8vcs8._.js:776
[  168642ms] [LOG] [Fast Refresh] done in 819ms @ http://localhost:3000/_next/static/chunks/node_modules_next_dist_1e8vcs8._.js:776
[  168705ms] [LOG] [Fast Refresh] done in 819ms @ http://localhost:3000/_next/static/chunks/node_modules_next_dist_1e8vcs8._.js:776
[  168764ms] [LOG] [Fast Refresh] done in 819ms @ http://localhost:3000/_next/static/chunks/node_modules_next_dist_1e8vcs8._.js:776
[  168830ms] [LOG] [Fast Refresh] done in 819ms @ http://localhost:3000/_next/static/chunks/node_modules_next_dist_1e8vcs8._.js:776
[  168911ms] [LOG] [Fast Refresh] done in 819ms @ http://localhost:3000/_next/static/chunks/node_modules_next_dist_1e8vcs8._.js:776
[  168968ms] [LOG] [Fast Refresh] done in 819ms @ http://localhost:3000/_next/static/chunks/node_modules_next_dist_1e8vcs8._.js:776
[  169029ms] [LOG] [Fast Refresh] done in 819ms @ http://localhost:3000/_next/static/chunks/node_modules_next_dist_1e8vcs8._.js:776
[  169093ms] [LOG] [Fast Refresh] done in 819ms @ http://localhost:3000/_next/static/chunks/node_modules_next_dist_1e8vcs8._.js:776
[  169154ms] [LOG] [Fast Refresh] done in 819ms @ http://localhost:3000/_next/static/chunks/node_modules_next_dist_1e8vcs8._.js:776
[  169218ms] [LOG] [Fast Refresh] done in 819ms @ http://localhost:3000/_next/static/chunks/node_modules_next_dist_1e8vcs8._.js:776
[  169274ms] [LOG] [Fast Refresh] done in 819ms @ http://localhost:3000/_next/static/chunks/node_modules_next_dist_1e8vcs8._.js:776
[  169329ms] [LOG] [Fast Refresh] done in 819ms @ http://localhost:3000/_next/static/chunks/node_modules_next_dist_1e8vcs8._.js:776
[  169390ms] [LOG] [Fast Refresh] done in 819ms @ http://localhost:3000/_next/static/chunks/node_modules_next_dist_1e8vcs8._.js:776
[  169471ms] [LOG] [Fast Refresh] done in 819ms @ http://localhost:3000/_next/static/chunks/node_modules_next_dist_1e8vcs8._.js:776
[  169534ms] [LOG] [Fast Refresh] done in 819ms @ http://localhost:3000/_next/static/chunks/node_modules_next_dist_1e8vcs8._.js:776
[  169580ms] [LOG] [Fast Refresh] done in 819ms @ http://localhost:3000/_next/static/chunks/node_modules_next_dist_1e8vcs8._.js:776
[  169643ms] [LOG] [Fast Refresh] done in 819ms @ http://localhost:3000/_next/static/chunks/node_modules_next_dist_1e8vcs8._.js:776
[  169691ms] [LOG] [Fast Refresh] done in 819ms @ http://localhost:3000/_next/static/chunks/node_modules_next_dist_1e8vcs8._.js:776
[  169755ms] [LOG] [Fast Refresh] done in 819ms @ http://localhost:3000/_next/static/chunks/node_modules_next_dist_1e8vcs8._.js:776
[  169802ms] [LOG] [Fast Refresh] done in 819ms @ http://localhost:3000/_next/static/chunks/node_modules_next_dist_1e8vcs8._.js:776
[  169865ms] [LOG] [Fast Refresh] done in 819ms @ http://localhost:3000/_next/static/chunks/node_modules_next_dist_1e8vcs8._.js:776
[  169932ms] [LOG] [Fast Refresh] done in 819ms @ http://localhost:3000/_next/static/chunks/node_modules_next_dist_1e8vcs8._.js:776
[  169989ms] [LOG] [Fast Refresh] done in 819ms @ http://localhost:3000/_next/static/chunks/node_modules_next_dist_1e8vcs8._.js:776
[  170053ms] [LOG] [Fast Refresh] done in 819ms @ http://localhost:3000/_next/static/chunks/node_modules_next_dist_1e8vcs8._.js:776
[  170115ms] [LOG] [Fast Refresh] done in 819ms @ http://localhost:3000/_next/static/chunks/node_modules_next_dist_1e8vcs8._.js:776
[  170162ms] [LOG] [Fast Refresh] done in 819ms @ http://localhost:3000/_next/static/chunks/node_modules_next_dist_1e8vcs8._.js:776
[  170227ms] [LOG] [Fast Refresh] done in 819ms @ http://localhost:3000/_next/static/chunks/node_modules_next_dist_1e8vcs8._.js:776
[  170288ms] [LOG] [Fast Refresh] done in 819ms @ http://localhost:3000/_next/static/chunks/node_modules_next_dist_1e8vcs8._.js:776
[  170351ms] [LOG] [Fast Refresh] done in 819ms @ http://localhost:3000/_next/static/chunks/node_modules_next_dist_1e8vcs8._.js:776
[  170415ms] [LOG] [Fast Refresh] done in 819ms @ http://localhost:3000/_next/static/chunks/node_modules_next_dist_1e8vcs8._.js:776
[  170479ms] [LOG] [Fast Refresh] done in 819ms @ http://localhost:3000/_next/static/chunks/node_modules_next_dist_1e8vcs8._.js:776
[  170539ms] [LOG] [Fast Refresh] done in 819ms @ http://localhost:3000/_next/static/chunks/node_modules_next_dist_1e8vcs8._.js:776
[  170600ms] [LOG] [Fast Refresh] done in 819ms @ http://localhost:3000/_next/static/chunks/node_modules_next_dist_1e8vcs8._.js:776
[  170664ms] [LOG] [Fast Refresh] done in 819ms @ http://localhost:3000/_next/static/chunks/node_modules_next_dist_1e8vcs8._.js:776
[  170725ms] [LOG] [Fast Refresh] done in 819ms @ http://localhost:3000/_next/static/chunks/node_modules_next_dist_1e8vcs8._.js:776
[  170789ms] [LOG] [Fast Refresh] done in 819ms @ http://localhost:3000/_next/static/chunks/node_modules_next_dist_1e8vcs8._.js:776
[  170851ms] [LOG] [Fast Refresh] done in 819ms @ http://localhost:3000/_next/static/chunks/node_modules_next_dist_1e8vcs8._.js:776
[  170912ms] [LOG] [Fast Refresh] done in 819ms @ http://localhost:3000/_next/static/chunks/node_modules_next_dist_1e8vcs8._.js:776
[  170976ms] [LOG] [Fast Refresh] done in 819ms @ http://localhost:3000/_next/static/chunks/node_modules_next_dist_1e8vcs8._.js:776
[  171039ms] [LOG] [Fast Refresh] done in 819ms @ http://localhost:3000/_next/static/chunks/node_modules_next_dist_1e8vcs8._.js:776
[  171102ms] [LOG] [Fast Refresh] done in 819ms @ http://localhost:3000/_next/static/chunks/node_modules_next_dist_1e8vcs8._.js:776
[  171151ms] [LOG] [Fast Refresh] done in 819ms @ http://localhost:3000/_next/static/chunks/node_modules_next_dist_1e8vcs8._.js:776
[  171211ms] [LOG] [Fast Refresh] done in 819ms @ http://localhost:3000/_next/static/chunks/node_modules_next_dist_1e8vcs8._.js:776
[  171275ms] [LOG] [Fast Refresh] done in 819ms @ http://localhost:3000/_next/static/chunks/node_modules_next_dist_1e8vcs8._.js:776
[  171337ms] [LOG] [Fast Refresh] done in 819ms @ http://localhost:3000/_next/static/chunks/node_modules_next_dist_1e8vcs8._.js:776
[  171399ms] [LOG] [Fast Refresh] done in 819ms @ http://localhost:3000/_next/static/chunks/node_modules_next_dist_1e8vcs8._.js:776
[  171464ms] [LOG] [Fast Refresh] done in 819ms @ http://localhost:3000/_next/static/chunks/node_modules_next_dist_1e8vcs8._.js:776
[  171524ms] [LOG] [Fast Refresh] done in 819ms @ http://localhost:3000/_next/static/chunks/node_modules_next_dist_1e8vcs8._.js:776
[  171588ms] [LOG] [Fast Refresh] done in 819ms @ http://localhost:3000/_next/static/chunks/node_modules_next_dist_1e8vcs8._.js:776
[  171649ms] [LOG] [Fast Refresh] done in 819ms @ http://localhost:3000/_next/static/chunks/node_modules_next_dist_1e8vcs8._.js:776
[  171713ms] [LOG] [Fast Refresh] done in 819ms @ http://localhost:3000/_next/static/chunks/node_modules_next_dist_1e8vcs8._.js:776
[  171779ms] [LOG] [Fast Refresh] done in 819ms @ http://localhost:3000/_next/static/chunks/node_modules_next_dist_1e8vcs8._.js:776
[  171837ms] [LOG] [Fast Refresh] done in 819ms @ http://localhost:3000/_next/static/chunks/node_modules_next_dist_1e8vcs8._.js:776
[  171899ms] [LOG] [Fast Refresh] done in 819ms @ http://localhost:3000/_next/static/chunks/node_modules_next_dist_1e8vcs8._.js:776
[  171962ms] [LOG] [Fast Refresh] done in 819ms @ http://localhost:3000/_next/static/chunks/node_modules_next_dist_1e8vcs8._.js:776
[  172024ms] [LOG] [Fast Refresh] done in 819ms @ http://localhost:3000/_next/static/chunks/node_modules_next_dist_1e8vcs8._.js:776
[  172089ms] [LOG] [Fast Refresh] done in 819ms @ http://localhost:3000/_next/static/chunks/node_modules_next_dist_1e8vcs8._.js:776
[  172163ms] [LOG] [Fast Refresh] done in 819ms @ http://localhost:3000/_next/static/chunks/node_modules_next_dist_1e8vcs8._.js:776
[  172228ms] [LOG] [Fast Refresh] done in 819ms @ http://localhost:3000/_next/static/chunks/node_modules_next_dist_1e8vcs8._.js:776
[  172291ms] [LOG] [Fast Refresh] done in 819ms @ http://localhost:3000/_next/static/chunks/node_modules_next_dist_1e8vcs8._.js:776
[  172368ms] [LOG] [Fast Refresh] done in 819ms @ http://localhost:3000/_next/static/chunks/node_modules_next_dist_1e8vcs8._.js:776
[  172432ms] [LOG] [Fast Refresh] done in 819ms @ http://localhost:3000/_next/static/chunks/node_modules_next_dist_1e8vcs8._.js:776
[  172512ms] [LOG] [Fast Refresh] done in 819ms @ http://localhost:3000/_next/static/chunks/node_modules_next_dist_1e8vcs8._.js:776
[  172559ms] [LOG] [Fast Refresh] done in 819ms @ http://localhost:3000/_next/static/chunks/node_modules_next_dist_1e8vcs8._.js:776
[  172605ms] [LOG] [Fast Refresh] done in 819ms @ http://localhost:3000/_next/static/chunks/node_modules_next_dist_1e8vcs8._.js:776
[  172668ms] [LOG] [Fast Refresh] done in 819ms @ http://localhost:3000/_next/static/chunks/node_modules_next_dist_1e8vcs8._.js:776
[  172732ms] [LOG] [Fast Refresh] done in 819ms @ http://localhost:3000/_next/static/chunks/node_modules_next_dist_1e8vcs8._.js:776
[  172855ms] [LOG] [Fast Refresh] done in 819ms @ http://localhost:3000/_next/static/chunks/node_modules_next_dist_1e8vcs8._.js:776
[  172920ms] [LOG] [Fast Refresh] done in 819ms @ http://localhost:3000/_next/static/chunks/node_modules_next_dist_1e8vcs8._.js:776
[  172984ms] [LOG] [Fast Refresh] done in 819ms @ http://localhost:3000/_next/static/chunks/node_modules_next_dist_1e8vcs8._.js:776
[  173065ms] [LOG] [Fast Refresh] done in 819ms @ http://localhost:3000/_next/static/chunks/node_modules_next_dist_1e8vcs8._.js:776
[  173157ms] [LOG] [Fast Refresh] done in 819ms @ http://localhost:3000/_next/static/chunks/node_modules_next_dist_1e8vcs8._.js:776
[  173243ms] [LOG] [Fast Refresh] done in 819ms @ http://localhost:3000/_next/static/chunks/node_modules_next_dist_1e8vcs8._.js:776
[  173302ms] [LOG] [Fast Refresh] done in 819ms @ http://localhost:3000/_next/static/chunks/node_modules_next_dist_1e8vcs8._.js:776
[  173363ms] [LOG] [Fast Refresh] done in 819ms @ http://localhost:3000/_next/static/chunks/node_modules_next_dist_1e8vcs8._.js:776
[  173425ms] [LOG] [Fast Refresh] done in 819ms @ http://localhost:3000/_next/static/chunks/node_modules_next_dist_1e8vcs8._.js:776
[  173488ms] [LOG] [Fast Refresh] done in 819ms @ http://localhost:3000/_next/static/chunks/node_modules_next_dist_1e8vcs8._.js:776
[  173550ms] [LOG] [Fast Refresh] done in 819ms @ http://localhost:3000/_next/static/chunks/node_modules_next_dist_1e8vcs8._.js:776
[  173597ms] [LOG] [Fast Refresh] done in 819ms @ http://localhost:3000/_next/static/chunks/node_modules_next_dist_1e8vcs8._.js:776
[  173659ms] [LOG] [Fast Refresh] done in 819ms @ http://localhost:3000/_next/static/chunks/node_modules_next_dist_1e8vcs8._.js:776
[  173721ms] [LOG] [Fast Refresh] done in 819ms @ http://localhost:3000/_next/static/chunks/node_modules_next_dist_1e8vcs8._.js:776
[  173787ms] [LOG] [Fast Refresh] done in 819ms @ http://localhost:3000/_next/static/chunks/node_modules_next_dist_1e8vcs8._.js:776
[  173848ms] [LOG] [Fast Refresh] done in 819ms @ http://localhost:3000/_next/static/chunks/node_modules_next_dist_1e8vcs8._.js:776
[  173910ms] [LOG] [Fast Refresh] done in 819ms @ http://localhost:3000/_next/static/chunks/node_modules_next_dist_1e8vcs8._.js:776
[  173971ms] [LOG] [Fast Refresh] done in 819ms @ http://localhost:3000/_next/static/chunks/node_modules_next_dist_1e8vcs8._.js:776
[  174035ms] [LOG] [Fast Refresh] done in 819ms @ http://localhost:3000/_next/static/chunks/node_modules_next_dist_1e8vcs8._.js:776
[  174097ms] [LOG] [Fast Refresh] done in 819ms @ http://localhost:3000/_next/static/chunks/node_modules_next_dist_1e8vcs8._.js:776
[  174160ms] [LOG] [Fast Refresh] done in 819ms @ http://localhost:3000/_next/static/chunks/node_modules_next_dist_1e8vcs8._.js:776
[  174225ms] [LOG] [Fast Refresh] done in 819ms @ http://localhost:3000/_next/static/chunks/node_modules_next_dist_1e8vcs8._.js:776
[  174287ms] [LOG] [Fast Refresh] done in 819ms @ http://localhost:3000/_next/static/chunks/node_modules_next_dist_1e8vcs8._.js:776
[  174345ms] [LOG] [Fast Refresh] done in 819ms @ http://localhost:3000/_next/static/chunks/node_modules_next_dist_1e8vcs8._.js:776
[  174411ms] [LOG] [Fast Refresh] done in 819ms @ http://localhost:3000/_next/static/chunks/node_modules_next_dist_1e8vcs8._.js:776
[  174455ms] [LOG] [Fast Refresh] done in 819ms @ http://localhost:3000/_next/static/chunks/node_modules_next_dist_1e8vcs8._.js:776
[  174517ms] [LOG] [Fast Refresh] done in 819ms @ http://localhost:3000/_next/static/chunks/node_modules_next_dist_1e8vcs8._.js:776
[  174580ms] [LOG] [Fast Refresh] done in 819ms @ http://localhost:3000/_next/static/chunks/node_modules_next_dist_1e8vcs8._.js:776
[  174643ms] [LOG] [Fast Refresh] done in 819ms @ http://localhost:3000/_next/static/chunks/node_modules_next_dist_1e8vcs8._.js:776
[  174706ms] [LOG] [Fast Refresh] done in 819ms @ http://localhost:3000/_next/static/chunks/node_modules_next_dist_1e8vcs8._.js:776
[  174767ms] [LOG] [Fast Refresh] done in 819ms @ http://localhost:3000/_next/static/chunks/node_modules_next_dist_1e8vcs8._.js:776
[  174829ms] [LOG] [Fast Refresh] done in 819ms @ http://localhost:3000/_next/static/chunks/node_modules_next_dist_1e8vcs8._.js:776
[  174892ms] [LOG] [Fast Refresh] done in 819ms @ http://localhost:3000/_next/static/chunks/node_modules_next_dist_1e8vcs8._.js:776
[  174953ms] [LOG] [Fast Refresh] done in 819ms @ http://localhost:3000/_next/static/chunks/node_modules_next_dist_1e8vcs8._.js:776
[  175016ms] [LOG] [Fast Refresh] done in 819ms @ http://localhost:3000/_next/static/chunks/node_modules_next_dist_1e8vcs8._.js:776
[  175081ms] [LOG] [Fast Refresh] done in 819ms @ http://localhost:3000/_next/static/chunks/node_modules_next_dist_1e8vcs8._.js:776
[  175140ms] [LOG] [Fast Refresh] done in 819ms @ http://localhost:3000/_next/static/chunks/node_modules_next_dist_1e8vcs8._.js:776
[  175202ms] [LOG] [Fast Refresh] done in 819ms @ http://localhost:3000/_next/static/chunks/node_modules_next_dist_1e8vcs8._.js:776
[  175265ms] [LOG] [Fast Refresh] done in 819ms @ http://localhost:3000/_next/static/chunks/node_modules_next_dist_1e8vcs8._.js:776
[  175327ms] [LOG] [Fast Refresh] done in 819ms @ http://localhost:3000/_next/static/chunks/node_modules_next_dist_1e8vcs8._.js:776
[  175392ms] [LOG] [Fast Refresh] done in 819ms @ http://localhost:3000/_next/static/chunks/node_modules_next_dist_1e8vcs8._.js:776
[  175452ms] [LOG] [Fast Refresh] done in 819ms @ http://localhost:3000/_next/static/chunks/node_modules_next_dist_1e8vcs8._.js:776
[  175518ms] [LOG] [Fast Refresh] done in 819ms @ http://localhost:3000/_next/static/chunks/node_modules_next_dist_1e8vcs8._.js:776
[  175578ms] [LOG] [Fast Refresh] done in 819ms @ http://localhost:3000/_next/static/chunks/node_modules_next_dist_1e8vcs8._.js:776
[  175642ms] [LOG] [Fast Refresh] done in 819ms @ http://localhost:3000/_next/static/chunks/node_modules_next_dist_1e8vcs8._.js:776
[  175705ms] [LOG] [Fast Refresh] done in 819ms @ http://localhost:3000/_next/static/chunks/node_modules_next_dist_1e8vcs8._.js:776
[  175767ms] [LOG] [Fast Refresh] done in 819ms @ http://localhost:3000/_next/static/chunks/node_modules_next_dist_1e8vcs8._.js:776
[  175829ms] [LOG] [Fast Refresh] done in 819ms @ http://localhost:3000/_next/static/chunks/node_modules_next_dist_1e8vcs8._.js:776
[  175892ms] [LOG] [Fast Refresh] done in 819ms @ http://localhost:3000/_next/static/chunks/node_modules_next_dist_1e8vcs8._.js:776
[  175954ms] [LOG] [Fast Refresh] done in 819ms @ http://localhost:3000/_next/static/chunks/node_modules_next_dist_1e8vcs8._.js:776
[  176017ms] [LOG] [Fast Refresh] done in 819ms @ http://localhost:3000/_next/static/chunks/node_modules_next_dist_1e8vcs8._.js:776
[  176078ms] [LOG] [Fast Refresh] done in 819ms @ http://localhost:3000/_next/static/chunks/node_modules_next_dist_1e8vcs8._.js:776
[  176141ms] [LOG] [Fast Refresh] done in 819ms @ http://localhost:3000/_next/static/chunks/node_modules_next_dist_1e8vcs8._.js:776
[  176203ms] [LOG] [Fast Refresh] done in 819ms @ http://localhost:3000/_next/static/chunks/node_modules_next_dist_1e8vcs8._.js:776
[  176265ms] [LOG] [Fast Refresh] done in 819ms @ http://localhost:3000/_next/static/chunks/node_modules_next_dist_1e8vcs8._.js:776
[  176327ms] [LOG] [Fast Refresh] done in 819ms @ http://localhost:3000/_next/static/chunks/node_modules_next_dist_1e8vcs8._.js:776
[  176389ms] [LOG] [Fast Refresh] done in 819ms @ http://localhost:3000/_next/static/chunks/node_modules_next_dist_1e8vcs8._.js:776
[  176453ms] [LOG] [Fast Refresh] done in 819ms @ http://localhost:3000/_next/static/chunks/node_modules_next_dist_1e8vcs8._.js:776
[  176516ms] [LOG] [Fast Refresh] done in 819ms @ http://localhost:3000/_next/static/chunks/node_modules_next_dist_1e8vcs8._.js:776
[  176580ms] [LOG] [Fast Refresh] done in 819ms @ http://localhost:3000/_next/static/chunks/node_modules_next_dist_1e8vcs8._.js:776
[  176642ms] [LOG] [Fast Refresh] done in 819ms @ http://localhost:3000/_next/static/chunks/node_modules_next_dist_1e8vcs8._.js:776
[  176705ms] [LOG] [Fast Refresh] done in 819ms @ http://localhost:3000/_next/static/chunks/node_modules_next_dist_1e8vcs8._.js:776
[  176768ms] [LOG] [Fast Refresh] done in 819ms @ http://localhost:3000/_next/static/chunks/node_modules_next_dist_1e8vcs8._.js:776
[  176830ms] [LOG] [Fast Refresh] done in 819ms @ http://localhost:3000/_next/static/chunks/node_modules_next_dist_1e8vcs8._.js:776
[  176893ms] [LOG] [Fast Refresh] done in 819ms @ http://localhost:3000/_next/static/chunks/node_modules_next_dist_1e8vcs8._.js:776
[  176955ms] [LOG] [Fast Refresh] done in 819ms @ http://localhost:3000/_next/static/chunks/node_modules_next_dist_1e8vcs8._.js:776
[  177017ms] [LOG] [Fast Refresh] done in 819ms @ http://localhost:3000/_next/static/chunks/node_modules_next_dist_1e8vcs8._.js:776
[  177078ms] [LOG] [Fast Refresh] done in 819ms @ http://localhost:3000/_next/static/chunks/node_modules_next_dist_1e8vcs8._.js:776
[  177140ms] [LOG] [Fast Refresh] done in 819ms @ http://localhost:3000/_next/static/chunks/node_modules_next_dist_1e8vcs8._.js:776
[  177207ms] [LOG] [Fast Refresh] done in 819ms @ http://localhost:3000/_next/static/chunks/node_modules_next_dist_1e8vcs8._.js:776
[  177267ms] [LOG] [Fast Refresh] done in 819ms @ http://localhost:3000/_next/static/chunks/node_modules_next_dist_1e8vcs8._.js:776
[  177329ms] [LOG] [Fast Refresh] done in 819ms @ http://localhost:3000/_next/static/chunks/node_modules_next_dist_1e8vcs8._.js:776
[  177391ms] [LOG] [Fast Refresh] done in 819ms @ http://localhost:3000/_next/static/chunks/node_modules_next_dist_1e8vcs8._.js:776
[  177454ms] [LOG] [Fast Refresh] done in 819ms @ http://localhost:3000/_next/static/chunks/node_modules_next_dist_1e8vcs8._.js:776
[  177520ms] [LOG] [Fast Refresh] done in 819ms @ http://localhost:3000/_next/static/chunks/node_modules_next_dist_1e8vcs8._.js:776
[  177580ms] [LOG] [Fast Refresh] done in 819ms @ http://localhost:3000/_next/static/chunks/node_modules_next_dist_1e8vcs8._.js:776
[  177644ms] [LOG] [Fast Refresh] done in 819ms @ http://localhost:3000/_next/static/chunks/node_modules_next_dist_1e8vcs8._.js:776
[  177707ms] [LOG] [Fast Refresh] done in 819ms @ http://localhost:3000/_next/static/chunks/node_modules_next_dist_1e8vcs8._.js:776
[  177769ms] [LOG] [Fast Refresh] done in 819ms @ http://localhost:3000/_next/static/chunks/node_modules_next_dist_1e8vcs8._.js:776
[  177832ms] [LOG] [Fast Refresh] done in 819ms @ http://localhost:3000/_next/static/chunks/node_modules_next_dist_1e8vcs8._.js:776
[  177897ms] [LOG] [Fast Refresh] done in 819ms @ http://localhost:3000/_next/static/chunks/node_modules_next_dist_1e8vcs8._.js:776
[  177959ms] [LOG] [Fast Refresh] done in 819ms @ http://localhost:3000/_next/static/chunks/node_modules_next_dist_1e8vcs8._.js:776
[  178021ms] [LOG] [Fast Refresh] done in 819ms @ http://localhost:3000/_next/static/chunks/node_modules_next_dist_1e8vcs8._.js:776
[  178083ms] [LOG] [Fast Refresh] done in 819ms @ http://localhost:3000/_next/static/chunks/node_modules_next_dist_1e8vcs8._.js:776
[  178147ms] [LOG] [Fast Refresh] done in 819ms @ http://localhost:3000/_next/static/chunks/node_modules_next_dist_1e8vcs8._.js:776
[  178208ms] [LOG] [Fast Refresh] done in 819ms @ http://localhost:3000/_next/static/chunks/node_modules_next_dist_1e8vcs8._.js:776
[  178270ms] [LOG] [Fast Refresh] done in 819ms @ http://localhost:3000/_next/static/chunks/node_modules_next_dist_1e8vcs8._.js:776
[  178333ms] [LOG] [Fast Refresh] done in 819ms @ http://localhost:3000/_next/static/chunks/node_modules_next_dist_1e8vcs8._.js:776
[  178395ms] [LOG] [Fast Refresh] done in 819ms @ http://localhost:3000/_next/static/chunks/node_modules_next_dist_1e8vcs8._.js:776
[  178457ms] [LOG] [Fast Refresh] done in 819ms @ http://localhost:3000/_next/static/chunks/node_modules_next_dist_1e8vcs8._.js:776
[  178519ms] [LOG] [Fast Refresh] done in 819ms @ http://localhost:3000/_next/static/chunks/node_modules_next_dist_1e8vcs8._.js:776
[  178581ms] [LOG] [Fast Refresh] done in 819ms @ http://localhost:3000/_next/static/chunks/node_modules_next_dist_1e8vcs8._.js:776
[  178645ms] [LOG] [Fast Refresh] done in 819ms @ http://localhost:3000/_next/static/chunks/node_modules_next_dist_1e8vcs8._.js:776
[  178706ms] [LOG] [Fast Refresh] done in 819ms @ http://localhost:3000/_next/static/chunks/node_modules_next_dist_1e8vcs8._.js:776
[  178768ms] [LOG] [Fast Refresh] done in 819ms @ http://localhost:3000/_next/static/chunks/node_modules_next_dist_1e8vcs8._.js:776
[  178831ms] [LOG] [Fast Refresh] done in 819ms @ http://localhost:3000/_next/static/chunks/node_modules_next_dist_1e8vcs8._.js:776
[  178892ms] [LOG] [Fast Refresh] done in 819ms @ http://localhost:3000/_next/static/chunks/node_modules_next_dist_1e8vcs8._.js:776
[  178969ms] [LOG] [Fast Refresh] done in 819ms @ http://localhost:3000/_next/static/chunks/node_modules_next_dist_1e8vcs8._.js:776
[  179036ms] [LOG] [Fast Refresh] done in 819ms @ http://localhost:3000/_next/static/chunks/node_modules_next_dist_1e8vcs8._.js:776
[  179099ms] [LOG] [Fast Refresh] done in 819ms @ http://localhost:3000/_next/static/chunks/node_modules_next_dist_1e8vcs8._.js:776
[  179160ms] [LOG] [Fast Refresh] done in 819ms @ http://localhost:3000/_next/static/chunks/node_modules_next_dist_1e8vcs8._.js:776
[  179221ms] [LOG] [Fast Refresh] done in 819ms @ http://localhost:3000/_next/static/chunks/node_modules_next_dist_1e8vcs8._.js:776
[  179286ms] [LOG] [Fast Refresh] done in 819ms @ http://localhost:3000/_next/static/chunks/node_modules_next_dist_1e8vcs8._.js:776
[  179347ms] [LOG] [Fast Refresh] done in 819ms @ http://localhost:3000/_next/static/chunks/node_modules_next_dist_1e8vcs8._.js:776
[  179411ms] [LOG] [Fast Refresh] done in 819ms @ http://localhost:3000/_next/static/chunks/node_modules_next_dist_1e8vcs8._.js:776
[  179474ms] [LOG] [Fast Refresh] done in 819ms @ http://localhost:3000/_next/static/chunks/node_modules_next_dist_1e8vcs8._.js:776
[  179538ms] [LOG] [Fast Refresh] done in 819ms @ http://localhost:3000/_next/static/chunks/node_modules_next_dist_1e8vcs8._.js:776
[  179586ms] [LOG] [Fast Refresh] done in 819ms @ http://localhost:3000/_next/static/chunks/node_modules_next_dist_1e8vcs8._.js:776
[  179649ms] [LOG] [Fast Refresh] done in 819ms @ http://localhost:3000/_next/static/chunks/node_modules_next_dist_1e8vcs8._.js:776
[  179712ms] [LOG] [Fast Refresh] done in 819ms @ http://localhost:3000/_next/static/chunks/node_modules_next_dist_1e8vcs8._.js:776
[  179760ms] [LOG] [Fast Refresh] done in 819ms @ http://localhost:3000/_next/static/chunks/node_modules_next_dist_1e8vcs8._.js:776
[  179808ms] [LOG] [Fast Refresh] done in 819ms @ http://localhost:3000/_next/static/chunks/node_modules_next_dist_1e8vcs8._.js:776
[  179855ms] [LOG] [Fast Refresh] done in 819ms @ http://localhost:3000/_next/static/chunks/node_modules_next_dist_1e8vcs8._.js:776
[  179920ms] [LOG] [Fast Refresh] done in 819ms @ http://localhost:3000/_next/static/chunks/node_modules_next_dist_1e8vcs8._.js:776
[  179984ms] [LOG] [Fast Refresh] done in 819ms @ http://localhost:3000/_next/static/chunks/node_modules_next_dist_1e8vcs8._.js:776
[  180052ms] [LOG] [Fast Refresh] done in 819ms @ http://localhost:3000/_next/static/chunks/node_modules_next_dist_1e8vcs8._.js:776
[  180104ms] [LOG] [Fast Refresh] done in 819ms @ http://localhost:3000/_next/static/chunks/node_modules_next_dist_1e8vcs8._.js:776
[  180151ms] [LOG] [Fast Refresh] done in 819ms @ http://localhost:3000/_next/static/chunks/node_modules_next_dist_1e8vcs8._.js:776
[  180198ms] [LOG] [Fast Refresh] done in 819ms @ http://localhost:3000/_next/static/chunks/node_modules_next_dist_1e8vcs8._.js:776
[  180261ms] [LOG] [Fast Refresh] done in 819ms @ http://localhost:3000/_next/static/chunks/node_modules_next_dist_1e8vcs8._.js:776
[  180308ms] [LOG] [Fast Refresh] done in 819ms @ http://localhost:3000/_next/static/chunks/node_modules_next_dist_1e8vcs8._.js:776
[  180372ms] [LOG] [Fast Refresh] done in 819ms @ http://localhost:3000/_next/static/chunks/node_modules_next_dist_1e8vcs8._.js:776
[  180435ms] [LOG] [Fast Refresh] done in 819ms @ http://localhost:3000/_next/static/chunks/node_modules_next_dist_1e8vcs8._.js:776
[  180498ms] [LOG] [Fast Refresh] done in 819ms @ http://localhost:3000/_next/static/chunks/node_modules_next_dist_1e8vcs8._.js:776
[  180561ms] [LOG] [Fast Refresh] done in 819ms @ http://localhost:3000/_next/static/chunks/node_modules_next_dist_1e8vcs8._.js:776
[  180624ms] [LOG] [Fast Refresh] done in 819ms @ http://localhost:3000/_next/static/chunks/node_modules_next_dist_1e8vcs8._.js:776
[  180687ms] [LOG] [Fast Refresh] done in 819ms @ http://localhost:3000/_next/static/chunks/node_modules_next_dist_1e8vcs8._.js:776
[  180751ms] [LOG] [Fast Refresh] done in 819ms @ http://localhost:3000/_next/static/chunks/node_modules_next_dist_1e8vcs8._.js:776
[  180814ms] [LOG] [Fast Refresh] done in 819ms @ http://localhost:3000/_next/static/chunks/node_modules_next_dist_1e8vcs8._.js:776
[  180877ms] [LOG] [Fast Refresh] done in 819ms @ http://localhost:3000/_next/static/chunks/node_modules_next_dist_1e8vcs8._.js:776
[  180927ms] [LOG] [Fast Refresh] done in 819ms @ http://localhost:3000/_next/static/chunks/node_modules_next_dist_1e8vcs8._.js:776
[  180988ms] [LOG] [Fast Refresh] done in 819ms @ http://localhost:3000/_next/static/chunks/node_modules_next_dist_1e8vcs8._.js:776
[  181052ms] [LOG] [Fast Refresh] done in 819ms @ http://localhost:3000/_next/static/chunks/node_modules_next_dist_1e8vcs8._.js:776
[  181246ms] [LOG] [Fast Refresh] done in 819ms @ http://localhost:3000/_next/static/chunks/node_modules_next_dist_1e8vcs8._.js:776
[  181925ms] [LOG] [Fast Refresh] done in 819ms @ http://localhost:3000/_next/static/chunks/node_modules_next_dist_1e8vcs8._.js:776
[  182000ms] [LOG] [Fast Refresh] done in 819ms @ http://localhost:3000/_next/static/chunks/node_modules_next_dist_1e8vcs8._.js:776
[  182090ms] [LOG] [Fast Refresh] done in 819ms @ http://localhost:3000/_next/static/chunks/node_modules_next_dist_1e8vcs8._.js:776
[  182154ms] [LOG] [Fast Refresh] done in 819ms @ http://localhost:3000/_next/static/chunks/node_modules_next_dist_1e8vcs8._.js:776
[  182219ms] [LOG] [Fast Refresh] done in 819ms @ http://localhost:3000/_next/static/chunks/node_modules_next_dist_1e8vcs8._.js:776
[  182278ms] [LOG] [Fast Refresh] done in 819ms @ http://localhost:3000/_next/static/chunks/node_modules_next_dist_1e8vcs8._.js:776
[  182340ms] [LOG] [Fast Refresh] done in 819ms @ http://localhost:3000/_next/static/chunks/node_modules_next_dist_1e8vcs8._.js:776
[  182406ms] [LOG] [Fast Refresh] done in 819ms @ http://localhost:3000/_next/static/chunks/node_modules_next_dist_1e8vcs8._.js:776
[  182468ms] [LOG] [Fast Refresh] done in 819ms @ http://localhost:3000/_next/static/chunks/node_modules_next_dist_1e8vcs8._.js:776
[  182536ms] [LOG] [Fast Refresh] done in 819ms @ http://localhost:3000/_next/static/chunks/node_modules_next_dist_1e8vcs8._.js:776
[  182604ms] [LOG] [Fast Refresh] done in 819ms @ http://localhost:3000/_next/static/chunks/node_modules_next_dist_1e8vcs8._.js:776
[  187485ms] [LOG] [Fast Refresh] done in 819ms @ http://localhost:3000/_next/static/chunks/node_modules_next_dist_1e8vcs8._.js:776
[  187554ms] [LOG] [Fast Refresh] done in 819ms @ http://localhost:3000/_next/static/chunks/node_modules_next_dist_1e8vcs8._.js:776
[  187617ms] [LOG] [Fast Refresh] done in 819ms @ http://localhost:3000/_next/static/chunks/node_modules_next_dist_1e8vcs8._.js:776
[  190160ms] [LOG] [Fast Refresh] done in 819ms @ http://localhost:3000/_next/static/chunks/node_modules_next_dist_1e8vcs8._.js:776
[  190249ms] [LOG] [Fast Refresh] done in 819ms @ http://localhost:3000/_next/static/chunks/node_modules_next_dist_1e8vcs8._.js:776
[  192829ms] [LOG] [Fast Refresh] done in 819ms @ http://localhost:3000/_next/static/chunks/node_modules_next_dist_1e8vcs8._.js:776
[  192918ms] [LOG] [Fast Refresh] done in 819ms @ http://localhost:3000/_next/static/chunks/node_modules_next_dist_1e8vcs8._.js:776
[  195455ms] [LOG] [Fast Refresh] done in 819ms @ http://localhost:3000/_next/static/chunks/node_modules_next_dist_1e8vcs8._.js:776
[  195528ms] [LOG] [Fast Refresh] done in 819ms @ http://localhost:3000/_next/static/chunks/node_modules_next_dist_1e8vcs8._.js:776
[  195629ms] [LOG] [Fast Refresh] done in 819ms @ http://localhost:3000/_next/static/chunks/node_modules_next_dist_1e8vcs8._.js:776
[  198111ms] [LOG] [Fast Refresh] done in 819ms @ http://localhost:3000/_next/static/chunks/node_modules_next_dist_1e8vcs8._.js:776
[  198205ms] [LOG] [Fast Refresh] done in 819ms @ http://localhost:3000/_next/static/chunks/node_modules_next_dist_1e8vcs8._.js:776
[  200784ms] [LOG] [Fast Refresh] done in 819ms @ http://localhost:3000/_next/static/chunks/node_modules_next_dist_1e8vcs8._.js:776
[  203224ms] [LOG] [Fast Refresh] done in 819ms @ http://localhost:3000/_next/static/chunks/node_modules_next_dist_1e8vcs8._.js:776
[  205832ms] [LOG] [Fast Refresh] done in 819ms @ http://localhost:3000/_next/static/chunks/node_modules_next_dist_1e8vcs8._.js:776
[  205897ms] [LOG] [Fast Refresh] done in 819ms @ http://localhost:3000/_next/static/chunks/node_modules_next_dist_1e8vcs8._.js:776
[  208504ms] [LOG] [Fast Refresh] done in 819ms @ http://localhost:3000/_next/static/chunks/node_modules_next_dist_1e8vcs8._.js:776
[  208573ms] [LOG] [Fast Refresh] done in 819ms @ http://localhost:3000/_next/static/chunks/node_modules_next_dist_1e8vcs8._.js:776
[  211174ms] [LOG] [Fast Refresh] done in 819ms @ http://localhost:3000/_next/static/chunks/node_modules_next_dist_1e8vcs8._.js:776
[  211268ms] [LOG] [Fast Refresh] done in 819ms @ http://localhost:3000/_next/static/chunks/node_modules_next_dist_1e8vcs8._.js:776
[  213905ms] [LOG] [Fast Refresh] done in 819ms @ http://localhost:3000/_next/static/chunks/node_modules_next_dist_1e8vcs8._.js:776
[  213966ms] [LOG] [Fast Refresh] done in 819ms @ http://localhost:3000/_next/static/chunks/node_modules_next_dist_1e8vcs8._.js:776
[  214329ms] [LOG] [Fast Refresh] done in 819ms @ http://localhost:3000/_next/static/chunks/node_modules_next_dist_1e8vcs8._.js:776
[  214393ms] [LOG] [Fast Refresh] done in 819ms @ http://localhost:3000/_next/static/chunks/node_modules_next_dist_1e8vcs8._.js:776
[  214459ms] [LOG] [Fast Refresh] done in 819ms @ http://localhost:3000/_next/static/chunks/node_modules_next_dist_1e8vcs8._.js:776
[  214536ms] [LOG] [Fast Refresh] done in 819ms @ http://localhost:3000/_next/static/chunks/node_modules_next_dist_1e8vcs8._.js:776
[  214599ms] [LOG] [Fast Refresh] done in 819ms @ http://localhost:3000/_next/static/chunks/node_modules_next_dist_1e8vcs8._.js:776
[  214676ms] [LOG] [Fast Refresh] done in 819ms @ http://localhost:3000/_next/static/chunks/node_modules_next_dist_1e8vcs8._.js:776
[  214738ms] [LOG] [Fast Refresh] done in 819ms @ http://localhost:3000/_next/static/chunks/node_modules_next_dist_1e8vcs8._.js:776
[  214803ms] [LOG] [Fast Refresh] done in 819ms @ http://localhost:3000/_next/static/chunks/node_modules_next_dist_1e8vcs8._.js:776
[  214864ms] [LOG] [Fast Refresh] done in 819ms @ http://localhost:3000/_next/static/chunks/node_modules_next_dist_1e8vcs8._.js:776
[  214924ms] [LOG] [Fast Refresh] done in 819ms @ http://localhost:3000/_next/static/chunks/node_modules_next_dist_1e8vcs8._.js:776
[  214987ms] [LOG] [Fast Refresh] done in 819ms @ http://localhost:3000/_next/static/chunks/node_modules_next_dist_1e8vcs8._.js:776
[  215051ms] [LOG] [Fast Refresh] done in 819ms @ http://localhost:3000/_next/static/chunks/node_modules_next_dist_1e8vcs8._.js:776
[  215115ms] [LOG] [Fast Refresh] done in 819ms @ http://localhost:3000/_next/static/chunks/node_modules_next_dist_1e8vcs8._.js:776
[  215177ms] [LOG] [Fast Refresh] done in 819ms @ http://localhost:3000/_next/static/chunks/node_modules_next_dist_1e8vcs8._.js:776
[  215244ms] [LOG] [Fast Refresh] done in 819ms @ http://localhost:3000/_next/static/chunks/node_modules_next_dist_1e8vcs8._.js:776
[  215302ms] [LOG] [Fast Refresh] done in 819ms @ http://localhost:3000/_next/static/chunks/node_modules_next_dist_1e8vcs8._.js:776
[  215369ms] [LOG] [Fast Refresh] done in 819ms @ http://localhost:3000/_next/static/chunks/node_modules_next_dist_1e8vcs8._.js:776
[  215429ms] [LOG] [Fast Refresh] done in 819ms @ http://localhost:3000/_next/static/chunks/node_modules_next_dist_1e8vcs8._.js:776
[  215489ms] [LOG] [Fast Refresh] done in 819ms @ http://localhost:3000/_next/static/chunks/node_modules_next_dist_1e8vcs8._.js:776
[  215552ms] [LOG] [Fast Refresh] done in 819ms @ http://localhost:3000/_next/static/chunks/node_modules_next_dist_1e8vcs8._.js:776
[  215615ms] [LOG] [Fast Refresh] done in 819ms @ http://localhost:3000/_next/static/chunks/node_modules_next_dist_1e8vcs8._.js:776
[  215679ms] [LOG] [Fast Refresh] done in 819ms @ http://localhost:3000/_next/static/chunks/node_modules_next_dist_1e8vcs8._.js:776
[  215739ms] [LOG] [Fast Refresh] done in 819ms @ http://localhost:3000/_next/static/chunks/node_modules_next_dist_1e8vcs8._.js:776
[  215787ms] [LOG] [Fast Refresh] done in 819ms @ http://localhost:3000/_next/static/chunks/node_modules_next_dist_1e8vcs8._.js:776
[  215850ms] [LOG] [Fast Refresh] done in 819ms @ http://localhost:3000/_next/static/chunks/node_modules_next_dist_1e8vcs8._.js:776
[  215911ms] [LOG] [Fast Refresh] done in 819ms @ http://localhost:3000/_next/static/chunks/node_modules_next_dist_1e8vcs8._.js:776
[  215974ms] [LOG] [Fast Refresh] done in 819ms @ http://localhost:3000/_next/static/chunks/node_modules_next_dist_1e8vcs8._.js:776
[  216022ms] [LOG] [Fast Refresh] done in 819ms @ http://localhost:3000/_next/static/chunks/node_modules_next_dist_1e8vcs8._.js:776
[  216085ms] [LOG] [Fast Refresh] done in 819ms @ http://localhost:3000/_next/static/chunks/node_modules_next_dist_1e8vcs8._.js:776
[  216146ms] [LOG] [Fast Refresh] done in 819ms @ http://localhost:3000/_next/static/chunks/node_modules_next_dist_1e8vcs8._.js:776
[  216194ms] [LOG] [Fast Refresh] done in 819ms @ http://localhost:3000/_next/static/chunks/node_modules_next_dist_1e8vcs8._.js:776
[  216257ms] [LOG] [Fast Refresh] done in 819ms @ http://localhost:3000/_next/static/chunks/node_modules_next_dist_1e8vcs8._.js:776
[  216320ms] [LOG] [Fast Refresh] done in 819ms @ http://localhost:3000/_next/static/chunks/node_modules_next_dist_1e8vcs8._.js:776
[  216383ms] [LOG] [Fast Refresh] done in 819ms @ http://localhost:3000/_next/static/chunks/node_modules_next_dist_1e8vcs8._.js:776
[  216449ms] [LOG] [Fast Refresh] done in 819ms @ http://localhost:3000/_next/static/chunks/node_modules_next_dist_1e8vcs8._.js:776
[  216511ms] [LOG] [Fast Refresh] done in 819ms @ http://localhost:3000/_next/static/chunks/node_modules_next_dist_1e8vcs8._.js:776
[  216574ms] [LOG] [Fast Refresh] done in 819ms @ http://localhost:3000/_next/static/chunks/node_modules_next_dist_1e8vcs8._.js:776
[  216640ms] [LOG] [Fast Refresh] done in 819ms @ http://localhost:3000/_next/static/chunks/node_modules_next_dist_1e8vcs8._.js:776
[  216699ms] [LOG] [Fast Refresh] done in 819ms @ http://localhost:3000/_next/static/chunks/node_modules_next_dist_1e8vcs8._.js:776
[  216764ms] [LOG] [Fast Refresh] done in 819ms @ http://localhost:3000/_next/static/chunks/node_modules_next_dist_1e8vcs8._.js:776
[  216811ms] [LOG] [Fast Refresh] done in 819ms @ http://localhost:3000/_next/static/chunks/node_modules_next_dist_1e8vcs8._.js:776
[  216861ms] [LOG] [Fast Refresh] done in 819ms @ http://localhost:3000/_next/static/chunks/node_modules_next_dist_1e8vcs8._.js:776
[  216923ms] [LOG] [Fast Refresh] done in 819ms @ http://localhost:3000/_next/static/chunks/node_modules_next_dist_1e8vcs8._.js:776
[  216984ms] [LOG] [Fast Refresh] done in 819ms @ http://localhost:3000/_next/static/chunks/node_modules_next_dist_1e8vcs8._.js:776
[  217046ms] [LOG] [Fast Refresh] done in 819ms @ http://localhost:3000/_next/static/chunks/node_modules_next_dist_1e8vcs8._.js:776
[  217110ms] [LOG] [Fast Refresh] done in 819ms @ http://localhost:3000/_next/static/chunks/node_modules_next_dist_1e8vcs8._.js:776
[  217171ms] [LOG] [Fast Refresh] done in 819ms @ http://localhost:3000/_next/static/chunks/node_modules_next_dist_1e8vcs8._.js:776
[  217250ms] [LOG] [Fast Refresh] done in 819ms @ http://localhost:3000/_next/static/chunks/node_modules_next_dist_1e8vcs8._.js:776
[  217297ms] [LOG] [Fast Refresh] done in 819ms @ http://localhost:3000/_next/static/chunks/node_modules_next_dist_1e8vcs8._.js:776
[  217361ms] [LOG] [Fast Refresh] done in 819ms @ http://localhost:3000/_next/static/chunks/node_modules_next_dist_1e8vcs8._.js:776
[  217426ms] [LOG] [Fast Refresh] done in 819ms @ http://localhost:3000/_next/static/chunks/node_modules_next_dist_1e8vcs8._.js:776
[  217487ms] [LOG] [Fast Refresh] done in 819ms @ http://localhost:3000/_next/static/chunks/node_modules_next_dist_1e8vcs8._.js:776
[  217550ms] [LOG] [Fast Refresh] done in 819ms @ http://localhost:3000/_next/static/chunks/node_modules_next_dist_1e8vcs8._.js:776
[  217613ms] [LOG] [Fast Refresh] done in 819ms @ http://localhost:3000/_next/static/chunks/node_modules_next_dist_1e8vcs8._.js:776
[  217679ms] [LOG] [Fast Refresh] done in 819ms @ http://localhost:3000/_next/static/chunks/node_modules_next_dist_1e8vcs8._.js:776
[  217736ms] [LOG] [Fast Refresh] done in 819ms @ http://localhost:3000/_next/static/chunks/node_modules_next_dist_1e8vcs8._.js:776
[  217816ms] [LOG] [Fast Refresh] done in 819ms @ http://localhost:3000/_next/static/chunks/node_modules_next_dist_1e8vcs8._.js:776
[  217880ms] [LOG] [Fast Refresh] done in 819ms @ http://localhost:3000/_next/static/chunks/node_modules_next_dist_1e8vcs8._.js:776
[  217943ms] [LOG] [Fast Refresh] done in 819ms @ http://localhost:3000/_next/static/chunks/node_modules_next_dist_1e8vcs8._.js:776
[  218006ms] [LOG] [Fast Refresh] done in 819ms @ http://localhost:3000/_next/static/chunks/node_modules_next_dist_1e8vcs8._.js:776
[  218069ms] [LOG] [Fast Refresh] done in 819ms @ http://localhost:3000/_next/static/chunks/node_modules_next_dist_1e8vcs8._.js:776
[  218131ms] [LOG] [Fast Refresh] done in 819ms @ http://localhost:3000/_next/static/chunks/node_modules_next_dist_1e8vcs8._.js:776
[  218195ms] [LOG] [Fast Refresh] done in 819ms @ http://localhost:3000/_next/static/chunks/node_modules_next_dist_1e8vcs8._.js:776
[  218258ms] [LOG] [Fast Refresh] done in 819ms @ http://localhost:3000/_next/static/chunks/node_modules_next_dist_1e8vcs8._.js:776
[  218325ms] [LOG] [Fast Refresh] done in 819ms @ http://localhost:3000/_next/static/chunks/node_modules_next_dist_1e8vcs8._.js:776
[  218386ms] [LOG] [Fast Refresh] done in 819ms @ http://localhost:3000/_next/static/chunks/node_modules_next_dist_1e8vcs8._.js:776
[  218448ms] [LOG] [Fast Refresh] done in 819ms @ http://localhost:3000/_next/static/chunks/node_modules_next_dist_1e8vcs8._.js:776
[  218497ms] [LOG] [Fast Refresh] done in 819ms @ http://localhost:3000/_next/static/chunks/node_modules_next_dist_1e8vcs8._.js:776
[  218558ms] [LOG] [Fast Refresh] done in 819ms @ http://localhost:3000/_next/static/chunks/node_modules_next_dist_1e8vcs8._.js:776
[  218620ms] [LOG] [Fast Refresh] done in 819ms @ http://localhost:3000/_next/static/chunks/node_modules_next_dist_1e8vcs8._.js:776
[  218686ms] [LOG] [Fast Refresh] done in 819ms @ http://localhost:3000/_next/static/chunks/node_modules_next_dist_1e8vcs8._.js:776
[  218746ms] [LOG] [Fast Refresh] done in 819ms @ http://localhost:3000/_next/static/chunks/node_modules_next_dist_1e8vcs8._.js:776
[  218795ms] [LOG] [Fast Refresh] done in 819ms @ http://localhost:3000/_next/static/chunks/node_modules_next_dist_1e8vcs8._.js:776
[  218841ms] [LOG] [Fast Refresh] done in 819ms @ http://localhost:3000/_next/static/chunks/node_modules_next_dist_1e8vcs8._.js:776
[  218905ms] [LOG] [Fast Refresh] done in 819ms @ http://localhost:3000/_next/static/chunks/node_modules_next_dist_1e8vcs8._.js:776
[  218969ms] [LOG] [Fast Refresh] done in 819ms @ http://localhost:3000/_next/static/chunks/node_modules_next_dist_1e8vcs8._.js:776
[  219028ms] [LOG] [Fast Refresh] done in 819ms @ http://localhost:3000/_next/static/chunks/node_modules_next_dist_1e8vcs8._.js:776
[  219090ms] [LOG] [Fast Refresh] done in 819ms @ http://localhost:3000/_next/static/chunks/node_modules_next_dist_1e8vcs8._.js:776
[  219155ms] [LOG] [Fast Refresh] done in 819ms @ http://localhost:3000/_next/static/chunks/node_modules_next_dist_1e8vcs8._.js:776
[  219202ms] [LOG] [Fast Refresh] done in 819ms @ http://localhost:3000/_next/static/chunks/node_modules_next_dist_1e8vcs8._.js:776
[  219269ms] [LOG] [Fast Refresh] done in 819ms @ http://localhost:3000/_next/static/chunks/node_modules_next_dist_1e8vcs8._.js:776
[  219327ms] [LOG] [Fast Refresh] done in 819ms @ http://localhost:3000/_next/static/chunks/node_modules_next_dist_1e8vcs8._.js:776
[  219391ms] [LOG] [Fast Refresh] done in 819ms @ http://localhost:3000/_next/static/chunks/node_modules_next_dist_1e8vcs8._.js:776
[  219442ms] [LOG] [Fast Refresh] done in 819ms @ http://localhost:3000/_next/static/chunks/node_modules_next_dist_1e8vcs8._.js:776
[  219502ms] [LOG] [Fast Refresh] done in 819ms @ http://localhost:3000/_next/static/chunks/node_modules_next_dist_1e8vcs8._.js:776
[  219563ms] [LOG] [Fast Refresh] done in 819ms @ http://localhost:3000/_next/static/chunks/node_modules_next_dist_1e8vcs8._.js:776
[  219626ms] [LOG] [Fast Refresh] done in 819ms @ http://localhost:3000/_next/static/chunks/node_modules_next_dist_1e8vcs8._.js:776
[  219674ms] [LOG] [Fast Refresh] done in 819ms @ http://localhost:3000/_next/static/chunks/node_modules_next_dist_1e8vcs8._.js:776
[  219722ms] [LOG] [Fast Refresh] done in 819ms @ http://localhost:3000/_next/static/chunks/node_modules_next_dist_1e8vcs8._.js:776
[  219785ms] [LOG] [Fast Refresh] done in 819ms @ http://localhost:3000/_next/static/chunks/node_modules_next_dist_1e8vcs8._.js:776
[  219832ms] [LOG] [Fast Refresh] done in 819ms @ http://localhost:3000/_next/static/chunks/node_modules_next_dist_1e8vcs8._.js:776
[  219896ms] [LOG] [Fast Refresh] done in 819ms @ http://localhost:3000/_next/static/chunks/node_modules_next_dist_1e8vcs8._.js:776
[  219958ms] [LOG] [Fast Refresh] done in 819ms @ http://localhost:3000/_next/static/chunks/node_modules_next_dist_1e8vcs8._.js:776
[  220020ms] [LOG] [Fast Refresh] done in 819ms @ http://localhost:3000/_next/static/chunks/node_modules_next_dist_1e8vcs8._.js:776
[  220089ms] [LOG] [Fast Refresh] done in 819ms @ http://localhost:3000/_next/static/chunks/node_modules_next_dist_1e8vcs8._.js:776
[  220148ms] [LOG] [Fast Refresh] done in 819ms @ http://localhost:3000/_next/static/chunks/node_modules_next_dist_1e8vcs8._.js:776
[  220211ms] [LOG] [Fast Refresh] done in 819ms @ http://localhost:3000/_next/static/chunks/node_modules_next_dist_1e8vcs8._.js:776
[  220272ms] [LOG] [Fast Refresh] done in 819ms @ http://localhost:3000/_next/static/chunks/node_modules_next_dist_1e8vcs8._.js:776
[  220338ms] [LOG] [Fast Refresh] done in 819ms @ http://localhost:3000/_next/static/chunks/node_modules_next_dist_1e8vcs8._.js:776
[  220400ms] [LOG] [Fast Refresh] done in 819ms @ http://localhost:3000/_next/static/chunks/node_modules_next_dist_1e8vcs8._.js:776
[  220465ms] [LOG] [Fast Refresh] done in 819ms @ http://localhost:3000/_next/static/chunks/node_modules_next_dist_1e8vcs8._.js:776
[  220525ms] [LOG] [Fast Refresh] done in 819ms @ http://localhost:3000/_next/static/chunks/node_modules_next_dist_1e8vcs8._.js:776
[  220604ms] [LOG] [Fast Refresh] done in 819ms @ http://localhost:3000/_next/static/chunks/node_modules_next_dist_1e8vcs8._.js:776
[  220668ms] [LOG] [Fast Refresh] done in 819ms @ http://localhost:3000/_next/static/chunks/node_modules_next_dist_1e8vcs8._.js:776
[  220733ms] [LOG] [Fast Refresh] done in 819ms @ http://localhost:3000/_next/static/chunks/node_modules_next_dist_1e8vcs8._.js:776
[  220794ms] [LOG] [Fast Refresh] done in 819ms @ http://localhost:3000/_next/static/chunks/node_modules_next_dist_1e8vcs8._.js:776
[  220864ms] [LOG] [Fast Refresh] done in 819ms @ http://localhost:3000/_next/static/chunks/node_modules_next_dist_1e8vcs8._.js:776
[  220920ms] [LOG] [Fast Refresh] done in 819ms @ http://localhost:3000/_next/static/chunks/node_modules_next_dist_1e8vcs8._.js:776
[  220971ms] [LOG] [Fast Refresh] done in 819ms @ http://localhost:3000/_next/static/chunks/node_modules_next_dist_1e8vcs8._.js:776
[  221034ms] [LOG] [Fast Refresh] done in 819ms @ http://localhost:3000/_next/static/chunks/node_modules_next_dist_1e8vcs8._.js:776
[  221080ms] [LOG] [Fast Refresh] done in 819ms @ http://localhost:3000/_next/static/chunks/node_modules_next_dist_1e8vcs8._.js:776
[  221144ms] [LOG] [Fast Refresh] done in 819ms @ http://localhost:3000/_next/static/chunks/node_modules_next_dist_1e8vcs8._.js:776
[  221214ms] [LOG] [Fast Refresh] done in 819ms @ http://localhost:3000/_next/static/chunks/node_modules_next_dist_1e8vcs8._.js:776
[  221269ms] [LOG] [Fast Refresh] done in 819ms @ http://localhost:3000/_next/static/chunks/node_modules_next_dist_1e8vcs8._.js:776
[  221331ms] [LOG] [Fast Refresh] done in 819ms @ http://localhost:3000/_next/static/chunks/node_modules_next_dist_1e8vcs8._.js:776
[  221394ms] [LOG] [Fast Refresh] done in 819ms @ http://localhost:3000/_next/static/chunks/node_modules_next_dist_1e8vcs8._.js:776
[  221456ms] [LOG] [Fast Refresh] done in 819ms @ http://localhost:3000/_next/static/chunks/node_modules_next_dist_1e8vcs8._.js:776
[  221517ms] [LOG] [Fast Refresh] done in 819ms @ http://localhost:3000/_next/static/chunks/node_modules_next_dist_1e8vcs8._.js:776
[  221582ms] [LOG] [Fast Refresh] done in 819ms @ http://localhost:3000/_next/static/chunks/node_modules_next_dist_1e8vcs8._.js:776
[  221647ms] [LOG] [Fast Refresh] done in 819ms @ http://localhost:3000/_next/static/chunks/node_modules_next_dist_1e8vcs8._.js:776
[  221709ms] [LOG] [Fast Refresh] done in 819ms @ http://localhost:3000/_next/static/chunks/node_modules_next_dist_1e8vcs8._.js:776
[  221769ms] [LOG] [Fast Refresh] done in 819ms @ http://localhost:3000/_next/static/chunks/node_modules_next_dist_1e8vcs8._.js:776
[  221832ms] [LOG] [Fast Refresh] done in 819ms @ http://localhost:3000/_next/static/chunks/node_modules_next_dist_1e8vcs8._.js:776
[  221893ms] [LOG] [Fast Refresh] done in 819ms @ http://localhost:3000/_next/static/chunks/node_modules_next_dist_1e8vcs8._.js:776
[  221956ms] [LOG] [Fast Refresh] done in 819ms @ http://localhost:3000/_next/static/chunks/node_modules_next_dist_1e8vcs8._.js:776
[  222020ms] [LOG] [Fast Refresh] done in 819ms @ http://localhost:3000/_next/static/chunks/node_modules_next_dist_1e8vcs8._.js:776
[  222083ms] [LOG] [Fast Refresh] done in 819ms @ http://localhost:3000/_next/static/chunks/node_modules_next_dist_1e8vcs8._.js:776
[  222146ms] [LOG] [Fast Refresh] done in 819ms @ http://localhost:3000/_next/static/chunks/node_modules_next_dist_1e8vcs8._.js:776
[  222215ms] [LOG] [Fast Refresh] done in 819ms @ http://localhost:3000/_next/static/chunks/node_modules_next_dist_1e8vcs8._.js:776
[  222272ms] [LOG] [Fast Refresh] done in 819ms @ http://localhost:3000/_next/static/chunks/node_modules_next_dist_1e8vcs8._.js:776
[  222335ms] [LOG] [Fast Refresh] done in 819ms @ http://localhost:3000/_next/static/chunks/node_modules_next_dist_1e8vcs8._.js:776
[  222397ms] [LOG] [Fast Refresh] done in 819ms @ http://localhost:3000/_next/static/chunks/node_modules_next_dist_1e8vcs8._.js:776
[  222461ms] [LOG] [Fast Refresh] done in 819ms @ http://localhost:3000/_next/static/chunks/node_modules_next_dist_1e8vcs8._.js:776
[  222523ms] [LOG] [Fast Refresh] done in 819ms @ http://localhost:3000/_next/static/chunks/node_modules_next_dist_1e8vcs8._.js:776
[  222583ms] [LOG] [Fast Refresh] done in 819ms @ http://localhost:3000/_next/static/chunks/node_modules_next_dist_1e8vcs8._.js:776
[  222652ms] [LOG] [Fast Refresh] done in 819ms @ http://localhost:3000/_next/static/chunks/node_modules_next_dist_1e8vcs8._.js:776
[  222709ms] [LOG] [Fast Refresh] done in 819ms @ http://localhost:3000/_next/static/chunks/node_modules_next_dist_1e8vcs8._.js:776
[  222773ms] [LOG] [Fast Refresh] done in 819ms @ http://localhost:3000/_next/static/chunks/node_modules_next_dist_1e8vcs8._.js:776
[  222836ms] [LOG] [Fast Refresh] done in 819ms @ http://localhost:3000/_next/static/chunks/node_modules_next_dist_1e8vcs8._.js:776
[  222901ms] [LOG] [Fast Refresh] done in 819ms @ http://localhost:3000/_next/static/chunks/node_modules_next_dist_1e8vcs8._.js:776
[  222963ms] [LOG] [Fast Refresh] done in 819ms @ http://localhost:3000/_next/static/chunks/node_modules_next_dist_1e8vcs8._.js:776
[  223025ms] [LOG] [Fast Refresh] done in 819ms @ http://localhost:3000/_next/static/chunks/node_modules_next_dist_1e8vcs8._.js:776
[  223089ms] [LOG] [Fast Refresh] done in 819ms @ http://localhost:3000/_next/static/chunks/node_modules_next_dist_1e8vcs8._.js:776
[  223150ms] [LOG] [Fast Refresh] done in 819ms @ http://localhost:3000/_next/static/chunks/node_modules_next_dist_1e8vcs8._.js:776
[  223215ms] [LOG] [Fast Refresh] done in 819ms @ http://localhost:3000/_next/static/chunks/node_modules_next_dist_1e8vcs8._.js:776
[  223276ms] [LOG] [Fast Refresh] done in 819ms @ http://localhost:3000/_next/static/chunks/node_modules_next_dist_1e8vcs8._.js:776
[  223339ms] [LOG] [Fast Refresh] done in 819ms @ http://localhost:3000/_next/static/chunks/node_modules_next_dist_1e8vcs8._.js:776
[  223386ms] [LOG] [Fast Refresh] done in 819ms @ http://localhost:3000/_next/static/chunks/node_modules_next_dist_1e8vcs8._.js:776
[  223455ms] [LOG] [Fast Refresh] done in 819ms @ http://localhost:3000/_next/static/chunks/node_modules_next_dist_1e8vcs8._.js:776
[  223511ms] [LOG] [Fast Refresh] done in 819ms @ http://localhost:3000/_next/static/chunks/node_modules_next_dist_1e8vcs8._.js:776
[  223575ms] [LOG] [Fast Refresh] done in 819ms @ http://localhost:3000/_next/static/chunks/node_modules_next_dist_1e8vcs8._.js:776
[  223638ms] [LOG] [Fast Refresh] done in 819ms @ http://localhost:3000/_next/static/chunks/node_modules_next_dist_1e8vcs8._.js:776
[  223697ms] [LOG] [Fast Refresh] done in 819ms @ http://localhost:3000/_next/static/chunks/node_modules_next_dist_1e8vcs8._.js:776
[  223760ms] [LOG] [Fast Refresh] done in 819ms @ http://localhost:3000/_next/static/chunks/node_modules_next_dist_1e8vcs8._.js:776
[  223823ms] [LOG] [Fast Refresh] done in 819ms @ http://localhost:3000/_next/static/chunks/node_modules_next_dist_1e8vcs8._.js:776
[  223887ms] [LOG] [Fast Refresh] done in 819ms @ http://localhost:3000/_next/static/chunks/node_modules_next_dist_1e8vcs8._.js:776
[  223950ms] [LOG] [Fast Refresh] done in 819ms @ http://localhost:3000/_next/static/chunks/node_modules_next_dist_1e8vcs8._.js:776
[  224014ms] [LOG] [Fast Refresh] done in 819ms @ http://localhost:3000/_next/static/chunks/node_modules_next_dist_1e8vcs8._.js:776
[  224078ms] [LOG] [Fast Refresh] done in 819ms @ http://localhost:3000/_next/static/chunks/node_modules_next_dist_1e8vcs8._.js:776
[  224141ms] [LOG] [Fast Refresh] done in 819ms @ http://localhost:3000/_next/static/chunks/node_modules_next_dist_1e8vcs8._.js:776
[  224203ms] [LOG] [Fast Refresh] done in 819ms @ http://localhost:3000/_next/static/chunks/node_modules_next_dist_1e8vcs8._.js:776
[  224265ms] [LOG] [Fast Refresh] done in 819ms @ http://localhost:3000/_next/static/chunks/node_modules_next_dist_1e8vcs8._.js:776
[  224328ms] [LOG] [Fast Refresh] done in 819ms @ http://localhost:3000/_next/static/chunks/node_modules_next_dist_1e8vcs8._.js:776
[  224392ms] [LOG] [Fast Refresh] done in 819ms @ http://localhost:3000/_next/static/chunks/node_modules_next_dist_1e8vcs8._.js:776
[  224458ms] [LOG] [Fast Refresh] done in 819ms @ http://localhost:3000/_next/static/chunks/node_modules_next_dist_1e8vcs8._.js:776
[  224521ms] [LOG] [Fast Refresh] done in 819ms @ http://localhost:3000/_next/static/chunks/node_modules_next_dist_1e8vcs8._.js:776
[  224576ms] [LOG] [Fast Refresh] done in 819ms @ http://localhost:3000/_next/static/chunks/node_modules_next_dist_1e8vcs8._.js:776
[  224637ms] [LOG] [Fast Refresh] done in 819ms @ http://localhost:3000/_next/static/chunks/node_modules_next_dist_1e8vcs8._.js:776
[  224698ms] [LOG] [Fast Refresh] done in 819ms @ http://localhost:3000/_next/static/chunks/node_modules_next_dist_1e8vcs8._.js:776
[  224761ms] [LOG] [Fast Refresh] done in 819ms @ http://localhost:3000/_next/static/chunks/node_modules_next_dist_1e8vcs8._.js:776
[  224822ms] [LOG] [Fast Refresh] done in 819ms @ http://localhost:3000/_next/static/chunks/node_modules_next_dist_1e8vcs8._.js:776
[  224885ms] [LOG] [Fast Refresh] done in 819ms @ http://localhost:3000/_next/static/chunks/node_modules_next_dist_1e8vcs8._.js:776
[  224948ms] [LOG] [Fast Refresh] done in 819ms @ http://localhost:3000/_next/static/chunks/node_modules_next_dist_1e8vcs8._.js:776
[  225011ms] [LOG] [Fast Refresh] done in 819ms @ http://localhost:3000/_next/static/chunks/node_modules_next_dist_1e8vcs8._.js:776
[  225075ms] [LOG] [Fast Refresh] done in 819ms @ http://localhost:3000/_next/static/chunks/node_modules_next_dist_1e8vcs8._.js:776
[  225137ms] [LOG] [Fast Refresh] done in 819ms @ http://localhost:3000/_next/static/chunks/node_modules_next_dist_1e8vcs8._.js:776
[  225201ms] [LOG] [Fast Refresh] done in 819ms @ http://localhost:3000/_next/static/chunks/node_modules_next_dist_1e8vcs8._.js:776
[  225264ms] [LOG] [Fast Refresh] done in 819ms @ http://localhost:3000/_next/static/chunks/node_modules_next_dist_1e8vcs8._.js:776
[  225328ms] [LOG] [Fast Refresh] done in 819ms @ http://localhost:3000/_next/static/chunks/node_modules_next_dist_1e8vcs8._.js:776
[  225408ms] [LOG] [Fast Refresh] done in 819ms @ http://localhost:3000/_next/static/chunks/node_modules_next_dist_1e8vcs8._.js:776
[  225455ms] [LOG] [Fast Refresh] done in 819ms @ http://localhost:3000/_next/static/chunks/node_modules_next_dist_1e8vcs8._.js:776
[  225533ms] [LOG] [Fast Refresh] done in 819ms @ http://localhost:3000/_next/static/chunks/node_modules_next_dist_1e8vcs8._.js:776
[  225597ms] [LOG] [Fast Refresh] done in 819ms @ http://localhost:3000/_next/static/chunks/node_modules_next_dist_1e8vcs8._.js:776
[  225659ms] [LOG] [Fast Refresh] done in 819ms @ http://localhost:3000/_next/static/chunks/node_modules_next_dist_1e8vcs8._.js:776
[  225721ms] [LOG] [Fast Refresh] done in 819ms @ http://localhost:3000/_next/static/chunks/node_modules_next_dist_1e8vcs8._.js:776
[  225785ms] [LOG] [Fast Refresh] done in 819ms @ http://localhost:3000/_next/static/chunks/node_modules_next_dist_1e8vcs8._.js:776
[  225847ms] [LOG] [Fast Refresh] done in 819ms @ http://localhost:3000/_next/static/chunks/node_modules_next_dist_1e8vcs8._.js:776
[  225908ms] [LOG] [Fast Refresh] done in 819ms @ http://localhost:3000/_next/static/chunks/node_modules_next_dist_1e8vcs8._.js:776
[  225976ms] [LOG] [Fast Refresh] done in 819ms @ http://localhost:3000/_next/static/chunks/node_modules_next_dist_1e8vcs8._.js:776
[  226036ms] [LOG] [Fast Refresh] done in 819ms @ http://localhost:3000/_next/static/chunks/node_modules_next_dist_1e8vcs8._.js:776
[  226098ms] [LOG] [Fast Refresh] done in 819ms @ http://localhost:3000/_next/static/chunks/node_modules_next_dist_1e8vcs8._.js:776
[  226161ms] [LOG] [Fast Refresh] done in 819ms @ http://localhost:3000/_next/static/chunks/node_modules_next_dist_1e8vcs8._.js:776
[  226225ms] [LOG] [Fast Refresh] done in 819ms @ http://localhost:3000/_next/static/chunks/node_modules_next_dist_1e8vcs8._.js:776
[  226286ms] [LOG] [Fast Refresh] done in 819ms @ http://localhost:3000/_next/static/chunks/node_modules_next_dist_1e8vcs8._.js:776
[  226348ms] [LOG] [Fast Refresh] done in 819ms @ http://localhost:3000/_next/static/chunks/node_modules_next_dist_1e8vcs8._.js:776
[  226410ms] [LOG] [Fast Refresh] done in 819ms @ http://localhost:3000/_next/static/chunks/node_modules_next_dist_1e8vcs8._.js:776
[  226472ms] [LOG] [Fast Refresh] done in 819ms @ http://localhost:3000/_next/static/chunks/node_modules_next_dist_1e8vcs8._.js:776
[  226535ms] [LOG] [Fast Refresh] done in 819ms @ http://localhost:3000/_next/static/chunks/node_modules_next_dist_1e8vcs8._.js:776
[  226597ms] [LOG] [Fast Refresh] done in 819ms @ http://localhost:3000/_next/static/chunks/node_modules_next_dist_1e8vcs8._.js:776
[  226664ms] [LOG] [Fast Refresh] done in 819ms @ http://localhost:3000/_next/static/chunks/node_modules_next_dist_1e8vcs8._.js:776
[  226723ms] [LOG] [Fast Refresh] done in 819ms @ http://localhost:3000/_next/static/chunks/node_modules_next_dist_1e8vcs8._.js:776
[  226784ms] [LOG] [Fast Refresh] done in 819ms @ http://localhost:3000/_next/static/chunks/node_modules_next_dist_1e8vcs8._.js:776
[  226831ms] [LOG] [Fast Refresh] done in 819ms @ http://localhost:3000/_next/static/chunks/node_modules_next_dist_1e8vcs8._.js:776
[  226893ms] [LOG] [Fast Refresh] done in 819ms @ http://localhost:3000/_next/static/chunks/node_modules_next_dist_1e8vcs8._.js:776
[  226955ms] [LOG] [Fast Refresh] done in 819ms @ http://localhost:3000/_next/static/chunks/node_modules_next_dist_1e8vcs8._.js:776
[  227019ms] [LOG] [Fast Refresh] done in 819ms @ http://localhost:3000/_next/static/chunks/node_modules_next_dist_1e8vcs8._.js:776
[  227086ms] [LOG] [Fast Refresh] done in 819ms @ http://localhost:3000/_next/static/chunks/node_modules_next_dist_1e8vcs8._.js:776
[  227148ms] [LOG] [Fast Refresh] done in 819ms @ http://localhost:3000/_next/static/chunks/node_modules_next_dist_1e8vcs8._.js:776
[  227210ms] [LOG] [Fast Refresh] done in 819ms @ http://localhost:3000/_next/static/chunks/node_modules_next_dist_1e8vcs8._.js:776
[  227272ms] [LOG] [Fast Refresh] done in 819ms @ http://localhost:3000/_next/static/chunks/node_modules_next_dist_1e8vcs8._.js:776
[  227359ms] [LOG] [Fast Refresh] done in 819ms @ http://localhost:3000/_next/static/chunks/node_modules_next_dist_1e8vcs8._.js:776
[  227413ms] [LOG] [Fast Refresh] done in 819ms @ http://localhost:3000/_next/static/chunks/node_modules_next_dist_1e8vcs8._.js:776
[  227477ms] [LOG] [Fast Refresh] done in 819ms @ http://localhost:3000/_next/static/chunks/node_modules_next_dist_1e8vcs8._.js:776
[  227537ms] [LOG] [Fast Refresh] done in 819ms @ http://localhost:3000/_next/static/chunks/node_modules_next_dist_1e8vcs8._.js:776
[  227600ms] [LOG] [Fast Refresh] done in 819ms @ http://localhost:3000/_next/static/chunks/node_modules_next_dist_1e8vcs8._.js:776
[  227663ms] [LOG] [Fast Refresh] done in 819ms @ http://localhost:3000/_next/static/chunks/node_modules_next_dist_1e8vcs8._.js:776
[  227727ms] [LOG] [Fast Refresh] done in 819ms @ http://localhost:3000/_next/static/chunks/node_modules_next_dist_1e8vcs8._.js:776
[  227788ms] [LOG] [Fast Refresh] done in 819ms @ http://localhost:3000/_next/static/chunks/node_modules_next_dist_1e8vcs8._.js:776
[  227850ms] [LOG] [Fast Refresh] done in 819ms @ http://localhost:3000/_next/static/chunks/node_modules_next_dist_1e8vcs8._.js:776
[  227913ms] [LOG] [Fast Refresh] done in 819ms @ http://localhost:3000/_next/static/chunks/node_modules_next_dist_1e8vcs8._.js:776
[  227979ms] [LOG] [Fast Refresh] done in 819ms @ http://localhost:3000/_next/static/chunks/node_modules_next_dist_1e8vcs8._.js:776
[  228038ms] [LOG] [Fast Refresh] done in 819ms @ http://localhost:3000/_next/static/chunks/node_modules_next_dist_1e8vcs8._.js:776
[  228100ms] [LOG] [Fast Refresh] done in 819ms @ http://localhost:3000/_next/static/chunks/node_modules_next_dist_1e8vcs8._.js:776
[  228162ms] [LOG] [Fast Refresh] done in 819ms @ http://localhost:3000/_next/static/chunks/node_modules_next_dist_1e8vcs8._.js:776
[  228226ms] [LOG] [Fast Refresh] done in 819ms @ http://localhost:3000/_next/static/chunks/node_modules_next_dist_1e8vcs8._.js:776
[  228291ms] [LOG] [Fast Refresh] done in 819ms @ http://localhost:3000/_next/static/chunks/node_modules_next_dist_1e8vcs8._.js:776
[  228349ms] [LOG] [Fast Refresh] done in 819ms @ http://localhost:3000/_next/static/chunks/node_modules_next_dist_1e8vcs8._.js:776
[  228413ms] [LOG] [Fast Refresh] done in 819ms @ http://localhost:3000/_next/static/chunks/node_modules_next_dist_1e8vcs8._.js:776
[  228478ms] [LOG] [Fast Refresh] done in 819ms @ http://localhost:3000/_next/static/chunks/node_modules_next_dist_1e8vcs8._.js:776
[  228540ms] [LOG] [Fast Refresh] done in 819ms @ http://localhost:3000/_next/static/chunks/node_modules_next_dist_1e8vcs8._.js:776
[  228600ms] [LOG] [Fast Refresh] done in 819ms @ http://localhost:3000/_next/static/chunks/node_modules_next_dist_1e8vcs8._.js:776
[  228663ms] [LOG] [Fast Refresh] done in 819ms @ http://localhost:3000/_next/static/chunks/node_modules_next_dist_1e8vcs8._.js:776
[  228726ms] [LOG] [Fast Refresh] done in 819ms @ http://localhost:3000/_next/static/chunks/node_modules_next_dist_1e8vcs8._.js:776
[  228789ms] [LOG] [Fast Refresh] done in 819ms @ http://localhost:3000/_next/static/chunks/node_modules_next_dist_1e8vcs8._.js:776
[  228853ms] [LOG] [Fast Refresh] done in 819ms @ http://localhost:3000/_next/static/chunks/node_modules_next_dist_1e8vcs8._.js:776
[  228915ms] [LOG] [Fast Refresh] done in 819ms @ http://localhost:3000/_next/static/chunks/node_modules_next_dist_1e8vcs8._.js:776
[  228980ms] [LOG] [Fast Refresh] done in 819ms @ http://localhost:3000/_next/static/chunks/node_modules_next_dist_1e8vcs8._.js:776
[  229042ms] [LOG] [Fast Refresh] done in 819ms @ http://localhost:3000/_next/static/chunks/node_modules_next_dist_1e8vcs8._.js:776
[  229105ms] [LOG] [Fast Refresh] done in 819ms @ http://localhost:3000/_next/static/chunks/node_modules_next_dist_1e8vcs8._.js:776
[  229168ms] [LOG] [Fast Refresh] done in 819ms @ http://localhost:3000/_next/static/chunks/node_modules_next_dist_1e8vcs8._.js:776
[  229233ms] [LOG] [Fast Refresh] done in 819ms @ http://localhost:3000/_next/static/chunks/node_modules_next_dist_1e8vcs8._.js:776
[  229296ms] [LOG] [Fast Refresh] done in 819ms @ http://localhost:3000/_next/static/chunks/node_modules_next_dist_1e8vcs8._.js:776
[  229359ms] [LOG] [Fast Refresh] done in 819ms @ http://localhost:3000/_next/static/chunks/node_modules_next_dist_1e8vcs8._.js:776
[  229424ms] [LOG] [Fast Refresh] done in 819ms @ http://localhost:3000/_next/static/chunks/node_modules_next_dist_1e8vcs8._.js:776
[  229487ms] [LOG] [Fast Refresh] done in 819ms @ http://localhost:3000/_next/static/chunks/node_modules_next_dist_1e8vcs8._.js:776
[  229551ms] [LOG] [Fast Refresh] done in 819ms @ http://localhost:3000/_next/static/chunks/node_modules_next_dist_1e8vcs8._.js:776
[  229614ms] [LOG] [Fast Refresh] done in 819ms @ http://localhost:3000/_next/static/chunks/node_modules_next_dist_1e8vcs8._.js:776
[  229676ms] [LOG] [Fast Refresh] done in 819ms @ http://localhost:3000/_next/static/chunks/node_modules_next_dist_1e8vcs8._.js:776
[  229742ms] [LOG] [Fast Refresh] done in 819ms @ http://localhost:3000/_next/static/chunks/node_modules_next_dist_1e8vcs8._.js:776
[  229804ms] [LOG] [Fast Refresh] done in 819ms @ http://localhost:3000/_next/static/chunks/node_modules_next_dist_1e8vcs8._.js:776
[  229869ms] [LOG] [Fast Refresh] done in 819ms @ http://localhost:3000/_next/static/chunks/node_modules_next_dist_1e8vcs8._.js:776
[  229933ms] [LOG] [Fast Refresh] done in 819ms @ http://localhost:3000/_next/static/chunks/node_modules_next_dist_1e8vcs8._.js:776
[  229997ms] [LOG] [Fast Refresh] done in 819ms @ http://localhost:3000/_next/static/chunks/node_modules_next_dist_1e8vcs8._.js:776
[  230060ms] [LOG] [Fast Refresh] done in 819ms @ http://localhost:3000/_next/static/chunks/node_modules_next_dist_1e8vcs8._.js:776
[  230126ms] [LOG] [Fast Refresh] done in 819ms @ http://localhost:3000/_next/static/chunks/node_modules_next_dist_1e8vcs8._.js:776
[  230184ms] [LOG] [Fast Refresh] done in 819ms @ http://localhost:3000/_next/static/chunks/node_modules_next_dist_1e8vcs8._.js:776
[  230250ms] [LOG] [Fast Refresh] done in 819ms @ http://localhost:3000/_next/static/chunks/node_modules_next_dist_1e8vcs8._.js:776
[  230308ms] [LOG] [Fast Refresh] done in 819ms @ http://localhost:3000/_next/static/chunks/node_modules_next_dist_1e8vcs8._.js:776
[  230374ms] [LOG] [Fast Refresh] done in 819ms @ http://localhost:3000/_next/static/chunks/node_modules_next_dist_1e8vcs8._.js:776
[  230437ms] [LOG] [Fast Refresh] done in 819ms @ http://localhost:3000/_next/static/chunks/node_modules_next_dist_1e8vcs8._.js:776
[  230498ms] [LOG] [Fast Refresh] done in 819ms @ http://localhost:3000/_next/static/chunks/node_modules_next_dist_1e8vcs8._.js:776
[  230560ms] [LOG] [Fast Refresh] done in 819ms @ http://localhost:3000/_next/static/chunks/node_modules_next_dist_1e8vcs8._.js:776
[  230637ms] [LOG] [Fast Refresh] done in 819ms @ http://localhost:3000/_next/static/chunks/node_modules_next_dist_1e8vcs8._.js:776
[  230700ms] [LOG] [Fast Refresh] done in 819ms @ http://localhost:3000/_next/static/chunks/node_modules_next_dist_1e8vcs8._.js:776
[  230761ms] [LOG] [Fast Refresh] done in 819ms @ http://localhost:3000/_next/static/chunks/node_modules_next_dist_1e8vcs8._.js:776
[  230823ms] [LOG] [Fast Refresh] done in 819ms @ http://localhost:3000/_next/static/chunks/node_modules_next_dist_1e8vcs8._.js:776
[  230890ms] [LOG] [Fast Refresh] done in 819ms @ http://localhost:3000/_next/static/chunks/node_modules_next_dist_1e8vcs8._.js:776
[  230949ms] [LOG] [Fast Refresh] done in 819ms @ http://localhost:3000/_next/static/chunks/node_modules_next_dist_1e8vcs8._.js:776
[  231009ms] [LOG] [Fast Refresh] done in 819ms @ http://localhost:3000/_next/static/chunks/node_modules_next_dist_1e8vcs8._.js:776
[  231073ms] [LOG] [Fast Refresh] done in 819ms @ http://localhost:3000/_next/static/chunks/node_modules_next_dist_1e8vcs8._.js:776
[  231135ms] [LOG] [Fast Refresh] done in 819ms @ http://localhost:3000/_next/static/chunks/node_modules_next_dist_1e8vcs8._.js:776
[  231187ms] [LOG] [Fast Refresh] done in 819ms @ http://localhost:3000/_next/static/chunks/node_modules_next_dist_1e8vcs8._.js:776
[  231245ms] [LOG] [Fast Refresh] done in 819ms @ http://localhost:3000/_next/static/chunks/node_modules_next_dist_1e8vcs8._.js:776
[  231308ms] [LOG] [Fast Refresh] done in 819ms @ http://localhost:3000/_next/static/chunks/node_modules_next_dist_1e8vcs8._.js:776
[  231371ms] [LOG] [Fast Refresh] done in 819ms @ http://localhost:3000/_next/static/chunks/node_modules_next_dist_1e8vcs8._.js:776
[  231432ms] [LOG] [Fast Refresh] done in 819ms @ http://localhost:3000/_next/static/chunks/node_modules_next_dist_1e8vcs8._.js:776
[  231494ms] [LOG] [Fast Refresh] done in 819ms @ http://localhost:3000/_next/static/chunks/node_modules_next_dist_1e8vcs8._.js:776
[  231556ms] [LOG] [Fast Refresh] done in 819ms @ http://localhost:3000/_next/static/chunks/node_modules_next_dist_1e8vcs8._.js:776
[  231617ms] [LOG] [Fast Refresh] done in 819ms @ http://localhost:3000/_next/static/chunks/node_modules_next_dist_1e8vcs8._.js:776
[  231682ms] [LOG] [Fast Refresh] done in 819ms @ http://localhost:3000/_next/static/chunks/node_modules_next_dist_1e8vcs8._.js:776
[  231743ms] [LOG] [Fast Refresh] done in 819ms @ http://localhost:3000/_next/static/chunks/node_modules_next_dist_1e8vcs8._.js:776
[  231806ms] [LOG] [Fast Refresh] done in 819ms @ http://localhost:3000/_next/static/chunks/node_modules_next_dist_1e8vcs8._.js:776
[  231869ms] [LOG] [Fast Refresh] done in 819ms @ http://localhost:3000/_next/static/chunks/node_modules_next_dist_1e8vcs8._.js:776
[  231930ms] [LOG] [Fast Refresh] done in 819ms @ http://localhost:3000/_next/static/chunks/node_modules_next_dist_1e8vcs8._.js:776
[  231992ms] [LOG] [Fast Refresh] done in 819ms @ http://localhost:3000/_next/static/chunks/node_modules_next_dist_1e8vcs8._.js:776
[  232054ms] [LOG] [Fast Refresh] done in 819ms @ http://localhost:3000/_next/static/chunks/node_modules_next_dist_1e8vcs8._.js:776
[  232115ms] [LOG] [Fast Refresh] done in 819ms @ http://localhost:3000/_next/static/chunks/node_modules_next_dist_1e8vcs8._.js:776
[  232178ms] [LOG] [Fast Refresh] done in 819ms @ http://localhost:3000/_next/static/chunks/node_modules_next_dist_1e8vcs8._.js:776
[  232243ms] [LOG] [Fast Refresh] done in 819ms @ http://localhost:3000/_next/static/chunks/node_modules_next_dist_1e8vcs8._.js:776
[  232306ms] [LOG] [Fast Refresh] done in 819ms @ http://localhost:3000/_next/static/chunks/node_modules_next_dist_1e8vcs8._.js:776
[  232371ms] [LOG] [Fast Refresh] done in 819ms @ http://localhost:3000/_next/static/chunks/node_modules_next_dist_1e8vcs8._.js:776
[  232434ms] [LOG] [Fast Refresh] done in 819ms @ http://localhost:3000/_next/static/chunks/node_modules_next_dist_1e8vcs8._.js:776
[  232497ms] [LOG] [Fast Refresh] done in 819ms @ http://localhost:3000/_next/static/chunks/node_modules_next_dist_1e8vcs8._.js:776
[  232561ms] [LOG] [Fast Refresh] done in 819ms @ http://localhost:3000/_next/static/chunks/node_modules_next_dist_1e8vcs8._.js:776
[  232626ms] [LOG] [Fast Refresh] done in 819ms @ http://localhost:3000/_next/static/chunks/node_modules_next_dist_1e8vcs8._.js:776
[  232689ms] [LOG] [Fast Refresh] done in 819ms @ http://localhost:3000/_next/static/chunks/node_modules_next_dist_1e8vcs8._.js:776
[  232753ms] [LOG] [Fast Refresh] done in 819ms @ http://localhost:3000/_next/static/chunks/node_modules_next_dist_1e8vcs8._.js:776
[  232815ms] [LOG] [Fast Refresh] done in 819ms @ http://localhost:3000/_next/static/chunks/node_modules_next_dist_1e8vcs8._.js:776
[  232877ms] [LOG] [Fast Refresh] done in 819ms @ http://localhost:3000/_next/static/chunks/node_modules_next_dist_1e8vcs8._.js:776
[  232943ms] [LOG] [Fast Refresh] done in 819ms @ http://localhost:3000/_next/static/chunks/node_modules_next_dist_1e8vcs8._.js:776
[  233005ms] [LOG] [Fast Refresh] done in 819ms @ http://localhost:3000/_next/static/chunks/node_modules_next_dist_1e8vcs8._.js:776
[  233067ms] [LOG] [Fast Refresh] done in 819ms @ http://localhost:3000/_next/static/chunks/node_modules_next_dist_1e8vcs8._.js:776
[  233131ms] [LOG] [Fast Refresh] done in 819ms @ http://localhost:3000/_next/static/chunks/node_modules_next_dist_1e8vcs8._.js:776
[  233194ms] [LOG] [Fast Refresh] done in 819ms @ http://localhost:3000/_next/static/chunks/node_modules_next_dist_1e8vcs8._.js:776
[  233257ms] [LOG] [Fast Refresh] done in 819ms @ http://localhost:3000/_next/static/chunks/node_modules_next_dist_1e8vcs8._.js:776
[  233319ms] [LOG] [Fast Refresh] done in 819ms @ http://localhost:3000/_next/static/chunks/node_modules_next_dist_1e8vcs8._.js:776
[  233381ms] [LOG] [Fast Refresh] done in 819ms @ http://localhost:3000/_next/static/chunks/node_modules_next_dist_1e8vcs8._.js:776
[  233443ms] [LOG] [Fast Refresh] done in 819ms @ http://localhost:3000/_next/static/chunks/node_modules_next_dist_1e8vcs8._.js:776
[  233505ms] [LOG] [Fast Refresh] done in 819ms @ http://localhost:3000/_next/static/chunks/node_modules_next_dist_1e8vcs8._.js:776
[  233569ms] [LOG] [Fast Refresh] done in 819ms @ http://localhost:3000/_next/static/chunks/node_modules_next_dist_1e8vcs8._.js:776
[  233631ms] [LOG] [Fast Refresh] done in 819ms @ http://localhost:3000/_next/static/chunks/node_modules_next_dist_1e8vcs8._.js:776
[  233694ms] [LOG] [Fast Refresh] done in 819ms @ http://localhost:3000/_next/static/chunks/node_modules_next_dist_1e8vcs8._.js:776
[  233757ms] [LOG] [Fast Refresh] done in 819ms @ http://localhost:3000/_next/static/chunks/node_modules_next_dist_1e8vcs8._.js:776
[  233818ms] [LOG] [Fast Refresh] done in 819ms @ http://localhost:3000/_next/static/chunks/node_modules_next_dist_1e8vcs8._.js:776
[  233879ms] [LOG] [Fast Refresh] done in 819ms @ http://localhost:3000/_next/static/chunks/node_modules_next_dist_1e8vcs8._.js:776
[  233943ms] [LOG] [Fast Refresh] done in 819ms @ http://localhost:3000/_next/static/chunks/node_modules_next_dist_1e8vcs8._.js:776
[  234007ms] [LOG] [Fast Refresh] done in 819ms @ http://localhost:3000/_next/static/chunks/node_modules_next_dist_1e8vcs8._.js:776
[  234066ms] [LOG] [Fast Refresh] done in 819ms @ http://localhost:3000/_next/static/chunks/node_modules_next_dist_1e8vcs8._.js:776
[  234130ms] [LOG] [Fast Refresh] done in 819ms @ http://localhost:3000/_next/static/chunks/node_modules_next_dist_1e8vcs8._.js:776
[  234191ms] [LOG] [Fast Refresh] done in 819ms @ http://localhost:3000/_next/static/chunks/node_modules_next_dist_1e8vcs8._.js:776
[  234254ms] [LOG] [Fast Refresh] done in 819ms @ http://localhost:3000/_next/static/chunks/node_modules_next_dist_1e8vcs8._.js:776
[  234316ms] [LOG] [Fast Refresh] done in 819ms @ http://localhost:3000/_next/static/chunks/node_modules_next_dist_1e8vcs8._.js:776
[  234377ms] [LOG] [Fast Refresh] done in 819ms @ http://localhost:3000/_next/static/chunks/node_modules_next_dist_1e8vcs8._.js:776
[  234442ms] [LOG] [Fast Refresh] done in 819ms @ http://localhost:3000/_next/static/chunks/node_modules_next_dist_1e8vcs8._.js:776
[  234506ms] [LOG] [Fast Refresh] done in 819ms @ http://localhost:3000/_next/static/chunks/node_modules_next_dist_1e8vcs8._.js:776
[  234564ms] [LOG] [Fast Refresh] done in 819ms @ http://localhost:3000/_next/static/chunks/node_modules_next_dist_1e8vcs8._.js:776
[  234623ms] [LOG] [Fast Refresh] done in 819ms @ http://localhost:3000/_next/static/chunks/node_modules_next_dist_1e8vcs8._.js:776
[  234687ms] [LOG] [Fast Refresh] done in 819ms @ http://localhost:3000/_next/static/chunks/node_modules_next_dist_1e8vcs8._.js:776
[  234748ms] [LOG] [Fast Refresh] done in 819ms @ http://localhost:3000/_next/static/chunks/node_modules_next_dist_1e8vcs8._.js:776
[  234811ms] [LOG] [Fast Refresh] done in 819ms @ http://localhost:3000/_next/static/chunks/node_modules_next_dist_1e8vcs8._.js:776
[  234873ms] [LOG] [Fast Refresh] done in 819ms @ http://localhost:3000/_next/static/chunks/node_modules_next_dist_1e8vcs8._.js:776
[  234935ms] [LOG] [Fast Refresh] done in 819ms @ http://localhost:3000/_next/static/chunks/node_modules_next_dist_1e8vcs8._.js:776
[  234997ms] [LOG] [Fast Refresh] done in 819ms @ http://localhost:3000/_next/static/chunks/node_modules_next_dist_1e8vcs8._.js:776
[  235059ms] [LOG] [Fast Refresh] done in 819ms @ http://localhost:3000/_next/static/chunks/node_modules_next_dist_1e8vcs8._.js:776
[  235121ms] [LOG] [Fast Refresh] done in 819ms @ http://localhost:3000/_next/static/chunks/node_modules_next_dist_1e8vcs8._.js:776
[  235185ms] [LOG] [Fast Refresh] done in 819ms @ http://localhost:3000/_next/static/chunks/node_modules_next_dist_1e8vcs8._.js:776
[  235247ms] [LOG] [Fast Refresh] done in 819ms @ http://localhost:3000/_next/static/chunks/node_modules_next_dist_1e8vcs8._.js:776
[  235310ms] [LOG] [Fast Refresh] done in 819ms @ http://localhost:3000/_next/static/chunks/node_modules_next_dist_1e8vcs8._.js:776
[  235374ms] [LOG] [Fast Refresh] done in 819ms @ http://localhost:3000/_next/static/chunks/node_modules_next_dist_1e8vcs8._.js:776
[  235437ms] [LOG] [Fast Refresh] done in 819ms @ http://localhost:3000/_next/static/chunks/node_modules_next_dist_1e8vcs8._.js:776
[  235495ms] [LOG] [Fast Refresh] done in 819ms @ http://localhost:3000/_next/static/chunks/node_modules_next_dist_1e8vcs8._.js:776
[  235559ms] [LOG] [Fast Refresh] done in 819ms @ http://localhost:3000/_next/static/chunks/node_modules_next_dist_1e8vcs8._.js:776
[  235619ms] [LOG] [Fast Refresh] done in 819ms @ http://localhost:3000/_next/static/chunks/node_modules_next_dist_1e8vcs8._.js:776
[  235683ms] [LOG] [Fast Refresh] done in 819ms @ http://localhost:3000/_next/static/chunks/node_modules_next_dist_1e8vcs8._.js:776
[  235745ms] [LOG] [Fast Refresh] done in 819ms @ http://localhost:3000/_next/static/chunks/node_modules_next_dist_1e8vcs8._.js:776
[  235801ms] [LOG] [Fast Refresh] done in 819ms @ http://localhost:3000/_next/static/chunks/node_modules_next_dist_1e8vcs8._.js:776
[  235854ms] [LOG] [Fast Refresh] done in 819ms @ http://localhost:3000/_next/static/chunks/node_modules_next_dist_1e8vcs8._.js:776
[  235918ms] [LOG] [Fast Refresh] done in 819ms @ http://localhost:3000/_next/static/chunks/node_modules_next_dist_1e8vcs8._.js:776
[  235964ms] [LOG] [Fast Refresh] done in 819ms @ http://localhost:3000/_next/static/chunks/node_modules_next_dist_1e8vcs8._.js:776
[  236027ms] [LOG] [Fast Refresh] done in 819ms @ http://localhost:3000/_next/static/chunks/node_modules_next_dist_1e8vcs8._.js:776
[  236093ms] [LOG] [Fast Refresh] done in 819ms @ http://localhost:3000/_next/static/chunks/node_modules_next_dist_1e8vcs8._.js:776
[  236153ms] [LOG] [Fast Refresh] done in 819ms @ http://localhost:3000/_next/static/chunks/node_modules_next_dist_1e8vcs8._.js:776
[  236217ms] [LOG] [Fast Refresh] done in 819ms @ http://localhost:3000/_next/static/chunks/node_modules_next_dist_1e8vcs8._.js:776
[  236280ms] [LOG] [Fast Refresh] done in 819ms @ http://localhost:3000/_next/static/chunks/node_modules_next_dist_1e8vcs8._.js:776
[  236327ms] [LOG] [Fast Refresh] done in 819ms @ http://localhost:3000/_next/static/chunks/node_modules_next_dist_1e8vcs8._.js:776
[  236376ms] [LOG] [Fast Refresh] done in 819ms @ http://localhost:3000/_next/static/chunks/node_modules_next_dist_1e8vcs8._.js:776
[  236439ms] [LOG] [Fast Refresh] done in 819ms @ http://localhost:3000/_next/static/chunks/node_modules_next_dist_1e8vcs8._.js:776
[  236502ms] [LOG] [Fast Refresh] done in 819ms @ http://localhost:3000/_next/static/chunks/node_modules_next_dist_1e8vcs8._.js:776
[  236566ms] [LOG] [Fast Refresh] done in 819ms @ http://localhost:3000/_next/static/chunks/node_modules_next_dist_1e8vcs8._.js:776
[  236630ms] [LOG] [Fast Refresh] done in 819ms @ http://localhost:3000/_next/static/chunks/node_modules_next_dist_1e8vcs8._.js:776
[  236694ms] [LOG] [Fast Refresh] done in 819ms @ http://localhost:3000/_next/static/chunks/node_modules_next_dist_1e8vcs8._.js:776
[  236754ms] [LOG] [Fast Refresh] done in 819ms @ http://localhost:3000/_next/static/chunks/node_modules_next_dist_1e8vcs8._.js:776
[  236817ms] [LOG] [Fast Refresh] done in 819ms @ http://localhost:3000/_next/static/chunks/node_modules_next_dist_1e8vcs8._.js:776
[  236881ms] [LOG] [Fast Refresh] done in 819ms @ http://localhost:3000/_next/static/chunks/node_modules_next_dist_1e8vcs8._.js:776
[  236945ms] [LOG] [Fast Refresh] done in 819ms @ http://localhost:3000/_next/static/chunks/node_modules_next_dist_1e8vcs8._.js:776
[  237005ms] [LOG] [Fast Refresh] done in 819ms @ http://localhost:3000/_next/static/chunks/node_modules_next_dist_1e8vcs8._.js:776
[  237068ms] [LOG] [Fast Refresh] done in 819ms @ http://localhost:3000/_next/static/chunks/node_modules_next_dist_1e8vcs8._.js:776
[  237133ms] [LOG] [Fast Refresh] done in 819ms @ http://localhost:3000/_next/static/chunks/node_modules_next_dist_1e8vcs8._.js:776
[  237201ms] [LOG] [Fast Refresh] done in 819ms @ http://localhost:3000/_next/static/chunks/node_modules_next_dist_1e8vcs8._.js:776
[  237257ms] [LOG] [Fast Refresh] done in 819ms @ http://localhost:3000/_next/static/chunks/node_modules_next_dist_1e8vcs8._.js:776
[  237320ms] [LOG] [Fast Refresh] done in 819ms @ http://localhost:3000/_next/static/chunks/node_modules_next_dist_1e8vcs8._.js:776
[  237382ms] [LOG] [Fast Refresh] done in 819ms @ http://localhost:3000/_next/static/chunks/node_modules_next_dist_1e8vcs8._.js:776
[  237447ms] [LOG] [Fast Refresh] done in 819ms @ http://localhost:3000/_next/static/chunks/node_modules_next_dist_1e8vcs8._.js:776
[  237510ms] [LOG] [Fast Refresh] done in 819ms @ http://localhost:3000/_next/static/chunks/node_modules_next_dist_1e8vcs8._.js:776
[  237571ms] [LOG] [Fast Refresh] done in 819ms @ http://localhost:3000/_next/static/chunks/node_modules_next_dist_1e8vcs8._.js:776
[  237634ms] [LOG] [Fast Refresh] done in 819ms @ http://localhost:3000/_next/static/chunks/node_modules_next_dist_1e8vcs8._.js:776
[  237697ms] [LOG] [Fast Refresh] done in 819ms @ http://localhost:3000/_next/static/chunks/node_modules_next_dist_1e8vcs8._.js:776
[  237761ms] [LOG] [Fast Refresh] done in 819ms @ http://localhost:3000/_next/static/chunks/node_modules_next_dist_1e8vcs8._.js:776
[  237821ms] [LOG] [Fast Refresh] done in 819ms @ http://localhost:3000/_next/static/chunks/node_modules_next_dist_1e8vcs8._.js:776
[  237883ms] [LOG] [Fast Refresh] done in 819ms @ http://localhost:3000/_next/static/chunks/node_modules_next_dist_1e8vcs8._.js:776
[  237946ms] [LOG] [Fast Refresh] done in 819ms @ http://localhost:3000/_next/static/chunks/node_modules_next_dist_1e8vcs8._.js:776
[  237994ms] [LOG] [Fast Refresh] done in 819ms @ http://localhost:3000/_next/static/chunks/node_modules_next_dist_1e8vcs8._.js:776
[  238073ms] [LOG] [Fast Refresh] done in 819ms @ http://localhost:3000/_next/static/chunks/node_modules_next_dist_1e8vcs8._.js:776
[  238138ms] [LOG] [Fast Refresh] done in 819ms @ http://localhost:3000/_next/static/chunks/node_modules_next_dist_1e8vcs8._.js:776
[  238200ms] [LOG] [Fast Refresh] done in 819ms @ http://localhost:3000/_next/static/chunks/node_modules_next_dist_1e8vcs8._.js:776
[  238263ms] [LOG] [Fast Refresh] done in 819ms @ http://localhost:3000/_next/static/chunks/node_modules_next_dist_1e8vcs8._.js:776
[  238324ms] [LOG] [Fast Refresh] done in 819ms @ http://localhost:3000/_next/static/chunks/node_modules_next_dist_1e8vcs8._.js:776
[  238386ms] [LOG] [Fast Refresh] done in 819ms @ http://localhost:3000/_next/static/chunks/node_modules_next_dist_1e8vcs8._.js:776
[  238434ms] [LOG] [Fast Refresh] done in 819ms @ http://localhost:3000/_next/static/chunks/node_modules_next_dist_1e8vcs8._.js:776
[  238498ms] [LOG] [Fast Refresh] done in 819ms @ http://localhost:3000/_next/static/chunks/node_modules_next_dist_1e8vcs8._.js:776
[  238560ms] [LOG] [Fast Refresh] done in 819ms @ http://localhost:3000/_next/static/chunks/node_modules_next_dist_1e8vcs8._.js:776
[  238624ms] [LOG] [Fast Refresh] done in 819ms @ http://localhost:3000/_next/static/chunks/node_modules_next_dist_1e8vcs8._.js:776
[  238687ms] [LOG] [Fast Refresh] done in 819ms @ http://localhost:3000/_next/static/chunks/node_modules_next_dist_1e8vcs8._.js:776
[  238750ms] [LOG] [Fast Refresh] done in 819ms @ http://localhost:3000/_next/static/chunks/node_modules_next_dist_1e8vcs8._.js:776
[  238798ms] [LOG] [Fast Refresh] done in 819ms @ http://localhost:3000/_next/static/chunks/node_modules_next_dist_1e8vcs8._.js:776
[  238862ms] [LOG] [Fast Refresh] done in 819ms @ http://localhost:3000/_next/static/chunks/node_modules_next_dist_1e8vcs8._.js:776
[  238925ms] [LOG] [Fast Refresh] done in 819ms @ http://localhost:3000/_next/static/chunks/node_modules_next_dist_1e8vcs8._.js:776
[  238988ms] [LOG] [Fast Refresh] done in 819ms @ http://localhost:3000/_next/static/chunks/node_modules_next_dist_1e8vcs8._.js:776
[  239052ms] [LOG] [Fast Refresh] done in 819ms @ http://localhost:3000/_next/static/chunks/node_modules_next_dist_1e8vcs8._.js:776
[  239114ms] [LOG] [Fast Refresh] done in 819ms @ http://localhost:3000/_next/static/chunks/node_modules_next_dist_1e8vcs8._.js:776
[  239177ms] [LOG] [Fast Refresh] done in 819ms @ http://localhost:3000/_next/static/chunks/node_modules_next_dist_1e8vcs8._.js:776
[  239236ms] [LOG] [Fast Refresh] done in 819ms @ http://localhost:3000/_next/static/chunks/node_modules_next_dist_1e8vcs8._.js:776
[  239284ms] [LOG] [Fast Refresh] done in 819ms @ http://localhost:3000/_next/static/chunks/node_modules_next_dist_1e8vcs8._.js:776
[  239335ms] [LOG] [Fast Refresh] done in 819ms @ http://localhost:3000/_next/static/chunks/node_modules_next_dist_1e8vcs8._.js:776
[  239379ms] [LOG] [Fast Refresh] done in 819ms @ http://localhost:3000/_next/static/chunks/node_modules_next_dist_1e8vcs8._.js:776
[  239443ms] [LOG] [Fast Refresh] done in 819ms @ http://localhost:3000/_next/static/chunks/node_modules_next_dist_1e8vcs8._.js:776
[  239505ms] [LOG] [Fast Refresh] done in 819ms @ http://localhost:3000/_next/static/chunks/node_modules_next_dist_1e8vcs8._.js:776
[  239567ms] [LOG] [Fast Refresh] done in 819ms @ http://localhost:3000/_next/static/chunks/node_modules_next_dist_1e8vcs8._.js:776
[  239630ms] [LOG] [Fast Refresh] done in 819ms @ http://localhost:3000/_next/static/chunks/node_modules_next_dist_1e8vcs8._.js:776
[  239695ms] [LOG] [Fast Refresh] done in 819ms @ http://localhost:3000/_next/static/chunks/node_modules_next_dist_1e8vcs8._.js:776
[  239755ms] [LOG] [Fast Refresh] done in 819ms @ http://localhost:3000/_next/static/chunks/node_modules_next_dist_1e8vcs8._.js:776
[  239817ms] [LOG] [Fast Refresh] done in 819ms @ http://localhost:3000/_next/static/chunks/node_modules_next_dist_1e8vcs8._.js:776
[  239904ms] [LOG] [Fast Refresh] done in 819ms @ http://localhost:3000/_next/static/chunks/node_modules_next_dist_1e8vcs8._.js:776
[  239957ms] [LOG] [Fast Refresh] done in 819ms @ http://localhost:3000/_next/static/chunks/node_modules_next_dist_1e8vcs8._.js:776
[  240004ms] [LOG] [Fast Refresh] done in 819ms @ http://localhost:3000/_next/static/chunks/node_modules_next_dist_1e8vcs8._.js:776
[  240067ms] [LOG] [Fast Refresh] done in 819ms @ http://localhost:3000/_next/static/chunks/node_modules_next_dist_1e8vcs8._.js:776
[  240129ms] [LOG] [Fast Refresh] done in 819ms @ http://localhost:3000/_next/static/chunks/node_modules_next_dist_1e8vcs8._.js:776
[  240192ms] [LOG] [Fast Refresh] done in 819ms @ http://localhost:3000/_next/static/chunks/node_modules_next_dist_1e8vcs8._.js:776
[  240256ms] [LOG] [Fast Refresh] done in 819ms @ http://localhost:3000/_next/static/chunks/node_modules_next_dist_1e8vcs8._.js:776
[  240322ms] [LOG] [Fast Refresh] done in 819ms @ http://localhost:3000/_next/static/chunks/node_modules_next_dist_1e8vcs8._.js:776
[  240382ms] [LOG] [Fast Refresh] done in 819ms @ http://localhost:3000/_next/static/chunks/node_modules_next_dist_1e8vcs8._.js:776
[  240452ms] [LOG] [Fast Refresh] done in 819ms @ http://localhost:3000/_next/static/chunks/node_modules_next_dist_1e8vcs8._.js:776
[  240511ms] [LOG] [Fast Refresh] done in 819ms @ http://localhost:3000/_next/static/chunks/node_modules_next_dist_1e8vcs8._.js:776
[  240571ms] [LOG] [Fast Refresh] done in 819ms @ http://localhost:3000/_next/static/chunks/node_modules_next_dist_1e8vcs8._.js:776
[  240634ms] [LOG] [Fast Refresh] done in 819ms @ http://localhost:3000/_next/static/chunks/node_modules_next_dist_1e8vcs8._.js:776
[  240698ms] [LOG] [Fast Refresh] done in 819ms @ http://localhost:3000/_next/static/chunks/node_modules_next_dist_1e8vcs8._.js:776
[  240743ms] [LOG] [Fast Refresh] done in 819ms @ http://localhost:3000/_next/static/chunks/node_modules_next_dist_1e8vcs8._.js:776
[  240806ms] [LOG] [Fast Refresh] done in 819ms @ http://localhost:3000/_next/static/chunks/node_modules_next_dist_1e8vcs8._.js:776
[  240870ms] [LOG] [Fast Refresh] done in 819ms @ http://localhost:3000/_next/static/chunks/node_modules_next_dist_1e8vcs8._.js:776
[  240937ms] [LOG] [Fast Refresh] done in 819ms @ http://localhost:3000/_next/static/chunks/node_modules_next_dist_1e8vcs8._.js:776
[  240997ms] [LOG] [Fast Refresh] done in 819ms @ http://localhost:3000/_next/static/chunks/node_modules_next_dist_1e8vcs8._.js:776
[  241061ms] [LOG] [Fast Refresh] done in 819ms @ http://localhost:3000/_next/static/chunks/node_modules_next_dist_1e8vcs8._.js:776
[  241109ms] [LOG] [Fast Refresh] done in 819ms @ http://localhost:3000/_next/static/chunks/node_modules_next_dist_1e8vcs8._.js:776
[  241173ms] [LOG] [Fast Refresh] done in 819ms @ http://localhost:3000/_next/static/chunks/node_modules_next_dist_1e8vcs8._.js:776
[  241240ms] [LOG] [Fast Refresh] done in 819ms @ http://localhost:3000/_next/static/chunks/node_modules_next_dist_1e8vcs8._.js:776
[  241298ms] [LOG] [Fast Refresh] done in 819ms @ http://localhost:3000/_next/static/chunks/node_modules_next_dist_1e8vcs8._.js:776
[  241351ms] [LOG] [Fast Refresh] done in 819ms @ http://localhost:3000/_next/static/chunks/node_modules_next_dist_1e8vcs8._.js:776
[  241462ms] [LOG] [Fast Refresh] done in 819ms @ http://localhost:3000/_next/static/chunks/node_modules_next_dist_1e8vcs8._.js:776
[  241519ms] [LOG] [Fast Refresh] done in 819ms @ http://localhost:3000/_next/static/chunks/node_modules_next_dist_1e8vcs8._.js:776
[  241581ms] [LOG] [Fast Refresh] done in 819ms @ http://localhost:3000/_next/static/chunks/node_modules_next_dist_1e8vcs8._.js:776
[  241628ms] [LOG] [Fast Refresh] done in 819ms @ http://localhost:3000/_next/static/chunks/node_modules_next_dist_1e8vcs8._.js:776
[  241679ms] [LOG] [Fast Refresh] done in 819ms @ http://localhost:3000/_next/static/chunks/node_modules_next_dist_1e8vcs8._.js:776
[  241748ms] [LOG] [Fast Refresh] done in 819ms @ http://localhost:3000/_next/static/chunks/node_modules_next_dist_1e8vcs8._.js:776
[  241831ms] [LOG] [Fast Refresh] done in 819ms @ http://localhost:3000/_next/static/chunks/node_modules_next_dist_1e8vcs8._.js:776
[  241896ms] [LOG] [Fast Refresh] done in 819ms @ http://localhost:3000/_next/static/chunks/node_modules_next_dist_1e8vcs8._.js:776
[  241943ms] [LOG] [Fast Refresh] done in 819ms @ http://localhost:3000/_next/static/chunks/node_modules_next_dist_1e8vcs8._.js:776
[  242005ms] [LOG] [Fast Refresh] done in 819ms @ http://localhost:3000/_next/static/chunks/node_modules_next_dist_1e8vcs8._.js:776
[  242070ms] [LOG] [Fast Refresh] done in 819ms @ http://localhost:3000/_next/static/chunks/node_modules_next_dist_1e8vcs8._.js:776
[  242129ms] [LOG] [Fast Refresh] done in 819ms @ http://localhost:3000/_next/static/chunks/node_modules_next_dist_1e8vcs8._.js:776
[  242184ms] [LOG] [Fast Refresh] done in 819ms @ http://localhost:3000/_next/static/chunks/node_modules_next_dist_1e8vcs8._.js:776
[  242242ms] [LOG] [Fast Refresh] done in 819ms @ http://localhost:3000/_next/static/chunks/node_modules_next_dist_1e8vcs8._.js:776
[  242319ms] [LOG] [Fast Refresh] done in 819ms @ http://localhost:3000/_next/static/chunks/node_modules_next_dist_1e8vcs8._.js:776
[  242381ms] [LOG] [Fast Refresh] done in 819ms @ http://localhost:3000/_next/static/chunks/node_modules_next_dist_1e8vcs8._.js:776
[  242444ms] [LOG] [Fast Refresh] done in 819ms @ http://localhost:3000/_next/static/chunks/node_modules_next_dist_1e8vcs8._.js:776
[  242555ms] [LOG] [Fast Refresh] done in 819ms @ http://localhost:3000/_next/static/chunks/node_modules_next_dist_1e8vcs8._.js:776
[  242605ms] [LOG] [Fast Refresh] done in 819ms @ http://localhost:3000/_next/static/chunks/node_modules_next_dist_1e8vcs8._.js:776
[  242666ms] [LOG] [Fast Refresh] done in 819ms @ http://localhost:3000/_next/static/chunks/node_modules_next_dist_1e8vcs8._.js:776
[  242728ms] [LOG] [Fast Refresh] done in 819ms @ http://localhost:3000/_next/static/chunks/node_modules_next_dist_1e8vcs8._.js:776
[  242790ms] [LOG] [Fast Refresh] done in 819ms @ http://localhost:3000/_next/static/chunks/node_modules_next_dist_1e8vcs8._.js:776
[  242855ms] [LOG] [Fast Refresh] done in 819ms @ http://localhost:3000/_next/static/chunks/node_modules_next_dist_1e8vcs8._.js:776
[  242914ms] [LOG] [Fast Refresh] done in 819ms @ http://localhost:3000/_next/static/chunks/node_modules_next_dist_1e8vcs8._.js:776
[  242976ms] [LOG] [Fast Refresh] done in 819ms @ http://localhost:3000/_next/static/chunks/node_modules_next_dist_1e8vcs8._.js:776
[  243078ms] [LOG] [Fast Refresh] done in 819ms @ http://localhost:3000/_next/static/chunks/node_modules_next_dist_1e8vcs8._.js:776
[  243137ms] [LOG] [Fast Refresh] done in 819ms @ http://localhost:3000/_next/static/chunks/node_modules_next_dist_1e8vcs8._.js:776
[  243215ms] [LOG] [Fast Refresh] done in 819ms @ http://localhost:3000/_next/static/chunks/node_modules_next_dist_1e8vcs8._.js:776
[  243260ms] [LOG] [Fast Refresh] done in 819ms @ http://localhost:3000/_next/static/chunks/node_modules_next_dist_1e8vcs8._.js:776
[  243322ms] [LOG] [Fast Refresh] done in 819ms @ http://localhost:3000/_next/static/chunks/node_modules_next_dist_1e8vcs8._.js:776
[  243385ms] [LOG] [Fast Refresh] done in 819ms @ http://localhost:3000/_next/static/chunks/node_modules_next_dist_1e8vcs8._.js:776
[  243470ms] [LOG] [Fast Refresh] done in 819ms @ http://localhost:3000/_next/static/chunks/node_modules_next_dist_1e8vcs8._.js:776
[  243528ms] [LOG] [Fast Refresh] done in 819ms @ http://localhost:3000/_next/static/chunks/node_modules_next_dist_1e8vcs8._.js:776
[  243590ms] [LOG] [Fast Refresh] done in 819ms @ http://localhost:3000/_next/static/chunks/node_modules_next_dist_1e8vcs8._.js:776
[  243653ms] [LOG] [Fast Refresh] done in 819ms @ http://localhost:3000/_next/static/chunks/node_modules_next_dist_1e8vcs8._.js:776
[  243716ms] [LOG] [Fast Refresh] done in 819ms @ http://localhost:3000/_next/static/chunks/node_modules_next_dist_1e8vcs8._.js:776
[  243780ms] [LOG] [Fast Refresh] done in 819ms @ http://localhost:3000/_next/static/chunks/node_modules_next_dist_1e8vcs8._.js:776
[  243844ms] [LOG] [Fast Refresh] done in 819ms @ http://localhost:3000/_next/static/chunks/node_modules_next_dist_1e8vcs8._.js:776
[  243904ms] [LOG] [Fast Refresh] done in 819ms @ http://localhost:3000/_next/static/chunks/node_modules_next_dist_1e8vcs8._.js:776
[  243982ms] [LOG] [Fast Refresh] done in 819ms @ http://localhost:3000/_next/static/chunks/node_modules_next_dist_1e8vcs8._.js:776
[  244046ms] [LOG] [Fast Refresh] done in 819ms @ http://localhost:3000/_next/static/chunks/node_modules_next_dist_1e8vcs8._.js:776
[  244095ms] [LOG] [Fast Refresh] done in 819ms @ http://localhost:3000/_next/static/chunks/node_modules_next_dist_1e8vcs8._.js:776
[  244158ms] [LOG] [Fast Refresh] done in 819ms @ http://localhost:3000/_next/static/chunks/node_modules_next_dist_1e8vcs8._.js:776
[  244221ms] [LOG] [Fast Refresh] done in 819ms @ http://localhost:3000/_next/static/chunks/node_modules_next_dist_1e8vcs8._.js:776
[  244283ms] [LOG] [Fast Refresh] done in 819ms @ http://localhost:3000/_next/static/chunks/node_modules_next_dist_1e8vcs8._.js:776
[  244350ms] [LOG] [Fast Refresh] done in 819ms @ http://localhost:3000/_next/static/chunks/node_modules_next_dist_1e8vcs8._.js:776
[  244411ms] [LOG] [Fast Refresh] done in 819ms @ http://localhost:3000/_next/static/chunks/node_modules_next_dist_1e8vcs8._.js:776
[  244474ms] [LOG] [Fast Refresh] done in 819ms @ http://localhost:3000/_next/static/chunks/node_modules_next_dist_1e8vcs8._.js:776
[  244538ms] [LOG] [Fast Refresh] done in 819ms @ http://localhost:3000/_next/static/chunks/node_modules_next_dist_1e8vcs8._.js:776
[  244599ms] [LOG] [Fast Refresh] done in 819ms @ http://localhost:3000/_next/static/chunks/node_modules_next_dist_1e8vcs8._.js:776
[  244665ms] [LOG] [Fast Refresh] done in 819ms @ http://localhost:3000/_next/static/chunks/node_modules_next_dist_1e8vcs8._.js:776
[  244725ms] [LOG] [Fast Refresh] done in 819ms @ http://localhost:3000/_next/static/chunks/node_modules_next_dist_1e8vcs8._.js:776
[  244773ms] [LOG] [Fast Refresh] done in 819ms @ http://localhost:3000/_next/static/chunks/node_modules_next_dist_1e8vcs8._.js:776
[  244837ms] [LOG] [Fast Refresh] done in 819ms @ http://localhost:3000/_next/static/chunks/node_modules_next_dist_1e8vcs8._.js:776
[  244902ms] [LOG] [Fast Refresh] done in 819ms @ http://localhost:3000/_next/static/chunks/node_modules_next_dist_1e8vcs8._.js:776
[  244962ms] [LOG] [Fast Refresh] done in 819ms @ http://localhost:3000/_next/static/chunks/node_modules_next_dist_1e8vcs8._.js:776
[  245025ms] [LOG] [Fast Refresh] done in 819ms @ http://localhost:3000/_next/static/chunks/node_modules_next_dist_1e8vcs8._.js:776
[  245088ms] [LOG] [Fast Refresh] done in 819ms @ http://localhost:3000/_next/static/chunks/node_modules_next_dist_1e8vcs8._.js:776
[  245151ms] [LOG] [Fast Refresh] done in 819ms @ http://localhost:3000/_next/static/chunks/node_modules_next_dist_1e8vcs8._.js:776
[  245213ms] [LOG] [Fast Refresh] done in 819ms @ http://localhost:3000/_next/static/chunks/node_modules_next_dist_1e8vcs8._.js:776
[  245261ms] [LOG] [Fast Refresh] done in 819ms @ http://localhost:3000/_next/static/chunks/node_modules_next_dist_1e8vcs8._.js:776
[  245322ms] [LOG] [Fast Refresh] done in 819ms @ http://localhost:3000/_next/static/chunks/node_modules_next_dist_1e8vcs8._.js:776
[  245385ms] [LOG] [Fast Refresh] done in 819ms @ http://localhost:3000/_next/static/chunks/node_modules_next_dist_1e8vcs8._.js:776
[  245448ms] [LOG] [Fast Refresh] done in 819ms @ http://localhost:3000/_next/static/chunks/node_modules_next_dist_1e8vcs8._.js:776
[  245496ms] [LOG] [Fast Refresh] done in 819ms @ http://localhost:3000/_next/static/chunks/node_modules_next_dist_1e8vcs8._.js:776
[  245556ms] [LOG] [Fast Refresh] done in 819ms @ http://localhost:3000/_next/static/chunks/node_modules_next_dist_1e8vcs8._.js:776
[  245619ms] [LOG] [Fast Refresh] done in 819ms @ http://localhost:3000/_next/static/chunks/node_modules_next_dist_1e8vcs8._.js:776
[  245681ms] [LOG] [Fast Refresh] done in 819ms @ http://localhost:3000/_next/static/chunks/node_modules_next_dist_1e8vcs8._.js:776
[  245729ms] [LOG] [Fast Refresh] done in 819ms @ http://localhost:3000/_next/static/chunks/node_modules_next_dist_1e8vcs8._.js:776
[  245775ms] [LOG] [Fast Refresh] done in 819ms @ http://localhost:3000/_next/static/chunks/node_modules_next_dist_1e8vcs8._.js:776
[  245837ms] [LOG] [Fast Refresh] done in 819ms @ http://localhost:3000/_next/static/chunks/node_modules_next_dist_1e8vcs8._.js:776
[  245898ms] [LOG] [Fast Refresh] done in 819ms @ http://localhost:3000/_next/static/chunks/node_modules_next_dist_1e8vcs8._.js:776
[  245959ms] [LOG] [Fast Refresh] done in 819ms @ http://localhost:3000/_next/static/chunks/node_modules_next_dist_1e8vcs8._.js:776
[  246023ms] [LOG] [Fast Refresh] done in 819ms @ http://localhost:3000/_next/static/chunks/node_modules_next_dist_1e8vcs8._.js:776
[  246088ms] [LOG] [Fast Refresh] done in 819ms @ http://localhost:3000/_next/static/chunks/node_modules_next_dist_1e8vcs8._.js:776
[  246149ms] [LOG] [Fast Refresh] done in 819ms @ http://localhost:3000/_next/static/chunks/node_modules_next_dist_1e8vcs8._.js:776
[  246211ms] [LOG] [Fast Refresh] done in 819ms @ http://localhost:3000/_next/static/chunks/node_modules_next_dist_1e8vcs8._.js:776
[  246274ms] [LOG] [Fast Refresh] done in 819ms @ http://localhost:3000/_next/static/chunks/node_modules_next_dist_1e8vcs8._.js:776
[  246338ms] [LOG] [Fast Refresh] done in 819ms @ http://localhost:3000/_next/static/chunks/node_modules_next_dist_1e8vcs8._.js:776
[  246401ms] [LOG] [Fast Refresh] done in 819ms @ http://localhost:3000/_next/static/chunks/node_modules_next_dist_1e8vcs8._.js:776
[  246461ms] [LOG] [Fast Refresh] done in 819ms @ http://localhost:3000/_next/static/chunks/node_modules_next_dist_1e8vcs8._.js:776
[  246523ms] [LOG] [Fast Refresh] done in 819ms @ http://localhost:3000/_next/static/chunks/node_modules_next_dist_1e8vcs8._.js:776
[  246585ms] [LOG] [Fast Refresh] done in 819ms @ http://localhost:3000/_next/static/chunks/node_modules_next_dist_1e8vcs8._.js:776
[  246665ms] [LOG] [Fast Refresh] done in 819ms @ http://localhost:3000/_next/static/chunks/node_modules_next_dist_1e8vcs8._.js:776
[  246729ms] [LOG] [Fast Refresh] done in 819ms @ http://localhost:3000/_next/static/chunks/node_modules_next_dist_1e8vcs8._.js:776
[  246789ms] [LOG] [Fast Refresh] done in 819ms @ http://localhost:3000/_next/static/chunks/node_modules_next_dist_1e8vcs8._.js:776
[  246852ms] [LOG] [Fast Refresh] done in 819ms @ http://localhost:3000/_next/static/chunks/node_modules_next_dist_1e8vcs8._.js:776
[  246900ms] [LOG] [Fast Refresh] done in 819ms @ http://localhost:3000/_next/static/chunks/node_modules_next_dist_1e8vcs8._.js:776
[  246966ms] [LOG] [Fast Refresh] done in 819ms @ http://localhost:3000/_next/static/chunks/node_modules_next_dist_1e8vcs8._.js:776
[  247027ms] [LOG] [Fast Refresh] done in 819ms @ http://localhost:3000/_next/static/chunks/node_modules_next_dist_1e8vcs8._.js:776
[  247088ms] [LOG] [Fast Refresh] done in 819ms @ http://localhost:3000/_next/static/chunks/node_modules_next_dist_1e8vcs8._.js:776
[  247150ms] [LOG] [Fast Refresh] done in 819ms @ http://localhost:3000/_next/static/chunks/node_modules_next_dist_1e8vcs8._.js:776
[  247246ms] [LOG] [Fast Refresh] done in 819ms @ http://localhost:3000/_next/static/chunks/node_modules_next_dist_1e8vcs8._.js:776
[  247308ms] [LOG] [Fast Refresh] done in 819ms @ http://localhost:3000/_next/static/chunks/node_modules_next_dist_1e8vcs8._.js:776
[  247359ms] [LOG] [Fast Refresh] done in 819ms @ http://localhost:3000/_next/static/chunks/node_modules_next_dist_1e8vcs8._.js:776
[  247419ms] [LOG] [Fast Refresh] done in 819ms @ http://localhost:3000/_next/static/chunks/node_modules_next_dist_1e8vcs8._.js:776
[  247481ms] [LOG] [Fast Refresh] done in 819ms @ http://localhost:3000/_next/static/chunks/node_modules_next_dist_1e8vcs8._.js:776
[  247567ms] [LOG] [Fast Refresh] done in 819ms @ http://localhost:3000/_next/static/chunks/node_modules_next_dist_1e8vcs8._.js:776
[  247608ms] [LOG] [Fast Refresh] done in 819ms @ http://localhost:3000/_next/static/chunks/node_modules_next_dist_1e8vcs8._.js:776
[  247675ms] [LOG] [Fast Refresh] done in 819ms @ http://localhost:3000/_next/static/chunks/node_modules_next_dist_1e8vcs8._.js:776
[  247733ms] [LOG] [Fast Refresh] done in 819ms @ http://localhost:3000/_next/static/chunks/node_modules_next_dist_1e8vcs8._.js:776
[  247797ms] [LOG] [Fast Refresh] done in 819ms @ http://localhost:3000/_next/static/chunks/node_modules_next_dist_1e8vcs8._.js:776
[  247848ms] [LOG] [Fast Refresh] done in 819ms @ http://localhost:3000/_next/static/chunks/node_modules_next_dist_1e8vcs8._.js:776
[  247908ms] [LOG] [Fast Refresh] done in 819ms @ http://localhost:3000/_next/static/chunks/node_modules_next_dist_1e8vcs8._.js:776
[  247955ms] [LOG] [Fast Refresh] done in 819ms @ http://localhost:3000/_next/static/chunks/node_modules_next_dist_1e8vcs8._.js:776
[  248034ms] [LOG] [Fast Refresh] done in 819ms @ http://localhost:3000/_next/static/chunks/node_modules_next_dist_1e8vcs8._.js:776
[  248106ms] [LOG] [Fast Refresh] done in 819ms @ http://localhost:3000/_next/static/chunks/node_modules_next_dist_1e8vcs8._.js:776
[  248161ms] [LOG] [Fast Refresh] done in 819ms @ http://localhost:3000/_next/static/chunks/node_modules_next_dist_1e8vcs8._.js:776
[  248224ms] [LOG] [Fast Refresh] done in 819ms @ http://localhost:3000/_next/static/chunks/node_modules_next_dist_1e8vcs8._.js:776
[  248271ms] [LOG] [Fast Refresh] done in 819ms @ http://localhost:3000/_next/static/chunks/node_modules_next_dist_1e8vcs8._.js:776
[  248335ms] [LOG] [Fast Refresh] done in 819ms @ http://localhost:3000/_next/static/chunks/node_modules_next_dist_1e8vcs8._.js:776
[  248399ms] [LOG] [Fast Refresh] done in 819ms @ http://localhost:3000/_next/static/chunks/node_modules_next_dist_1e8vcs8._.js:776
[  248493ms] [LOG] [Fast Refresh] done in 819ms @ http://localhost:3000/_next/static/chunks/node_modules_next_dist_1e8vcs8._.js:776
[  248556ms] [LOG] [Fast Refresh] done in 819ms @ http://localhost:3000/_next/static/chunks/node_modules_next_dist_1e8vcs8._.js:776
[  248636ms] [LOG] [Fast Refresh] done in 819ms @ http://localhost:3000/_next/static/chunks/node_modules_next_dist_1e8vcs8._.js:776
[  248716ms] [LOG] [Fast Refresh] done in 819ms @ http://localhost:3000/_next/static/chunks/node_modules_next_dist_1e8vcs8._.js:776
[  248780ms] [LOG] [Fast Refresh] done in 819ms @ http://localhost:3000/_next/static/chunks/node_modules_next_dist_1e8vcs8._.js:776
[  248839ms] [LOG] [Fast Refresh] done in 819ms @ http://localhost:3000/_next/static/chunks/node_modules_next_dist_1e8vcs8._.js:776
[  248902ms] [LOG] [Fast Refresh] done in 819ms @ http://localhost:3000/_next/static/chunks/node_modules_next_dist_1e8vcs8._.js:776
[  248988ms] [LOG] [Fast Refresh] done in 819ms @ http://localhost:3000/_next/static/chunks/node_modules_next_dist_1e8vcs8._.js:776
[  249042ms] [LOG] [Fast Refresh] done in 819ms @ http://localhost:3000/_next/static/chunks/node_modules_next_dist_1e8vcs8._.js:776
[  249106ms] [LOG] [Fast Refresh] done in 819ms @ http://localhost:3000/_next/static/chunks/node_modules_next_dist_1e8vcs8._.js:776
[  249168ms] [LOG] [Fast Refresh] done in 819ms @ http://localhost:3000/_next/static/chunks/node_modules_next_dist_1e8vcs8._.js:776
[  249235ms] [LOG] [Fast Refresh] done in 819ms @ http://localhost:3000/_next/static/chunks/node_modules_next_dist_1e8vcs8._.js:776
[  249295ms] [LOG] [Fast Refresh] done in 819ms @ http://localhost:3000/_next/static/chunks/node_modules_next_dist_1e8vcs8._.js:776
[  249357ms] [LOG] [Fast Refresh] done in 819ms @ http://localhost:3000/_next/static/chunks/node_modules_next_dist_1e8vcs8._.js:776
[  249421ms] [LOG] [Fast Refresh] done in 819ms @ http://localhost:3000/_next/static/chunks/node_modules_next_dist_1e8vcs8._.js:776
[  249469ms] [LOG] [Fast Refresh] done in 819ms @ http://localhost:3000/_next/static/chunks/node_modules_next_dist_1e8vcs8._.js:776
[  249556ms] [LOG] [Fast Refresh] done in 819ms @ http://localhost:3000/_next/static/chunks/node_modules_next_dist_1e8vcs8._.js:776
[  249610ms] [LOG] [Fast Refresh] done in 819ms @ http://localhost:3000/_next/static/chunks/node_modules_next_dist_1e8vcs8._.js:776
[  249689ms] [LOG] [Fast Refresh] done in 819ms @ http://localhost:3000/_next/static/chunks/node_modules_next_dist_1e8vcs8._.js:776
[  249751ms] [LOG] [Fast Refresh] done in 819ms @ http://localhost:3000/_next/static/chunks/node_modules_next_dist_1e8vcs8._.js:776
[  249814ms] [LOG] [Fast Refresh] done in 819ms @ http://localhost:3000/_next/static/chunks/node_modules_next_dist_1e8vcs8._.js:776
[  249895ms] [LOG] [Fast Refresh] done in 819ms @ http://localhost:3000/_next/static/chunks/node_modules_next_dist_1e8vcs8._.js:776
[  249962ms] [LOG] [Fast Refresh] done in 819ms @ http://localhost:3000/_next/static/chunks/node_modules_next_dist_1e8vcs8._.js:776
[  250026ms] [LOG] [Fast Refresh] done in 819ms @ http://localhost:3000/_next/static/chunks/node_modules_next_dist_1e8vcs8._.js:776
[  250068ms] [LOG] [Fast Refresh] done in 819ms @ http://localhost:3000/_next/static/chunks/node_modules_next_dist_1e8vcs8._.js:776
[  250116ms] [LOG] [Fast Refresh] done in 819ms @ http://localhost:3000/_next/static/chunks/node_modules_next_dist_1e8vcs8._.js:776
[  250184ms] [LOG] [Fast Refresh] done in 819ms @ http://localhost:3000/_next/static/chunks/node_modules_next_dist_1e8vcs8._.js:776
[  250248ms] [LOG] [Fast Refresh] done in 819ms @ http://localhost:3000/_next/static/chunks/node_modules_next_dist_1e8vcs8._.js:776
[  250306ms] [LOG] [Fast Refresh] done in 819ms @ http://localhost:3000/_next/static/chunks/node_modules_next_dist_1e8vcs8._.js:776
[  250371ms] [LOG] [Fast Refresh] done in 819ms @ http://localhost:3000/_next/static/chunks/node_modules_next_dist_1e8vcs8._.js:776
[  250434ms] [LOG] [Fast Refresh] done in 819ms @ http://localhost:3000/_next/static/chunks/node_modules_next_dist_1e8vcs8._.js:776
[  250498ms] [LOG] [Fast Refresh] done in 819ms @ http://localhost:3000/_next/static/chunks/node_modules_next_dist_1e8vcs8._.js:776
[  250561ms] [LOG] [Fast Refresh] done in 819ms @ http://localhost:3000/_next/static/chunks/node_modules_next_dist_1e8vcs8._.js:776
[  250653ms] [LOG] [Fast Refresh] done in 819ms @ http://localhost:3000/_next/static/chunks/node_modules_next_dist_1e8vcs8._.js:776
[  250716ms] [LOG] [Fast Refresh] done in 819ms @ http://localhost:3000/_next/static/chunks/node_modules_next_dist_1e8vcs8._.js:776
[  250795ms] [LOG] [Fast Refresh] done in 819ms @ http://localhost:3000/_next/static/chunks/node_modules_next_dist_1e8vcs8._.js:776
[  250856ms] [LOG] [Fast Refresh] done in 819ms @ http://localhost:3000/_next/static/chunks/node_modules_next_dist_1e8vcs8._.js:776
[  250921ms] [LOG] [Fast Refresh] done in 819ms @ http://localhost:3000/_next/static/chunks/node_modules_next_dist_1e8vcs8._.js:776
[  250982ms] [LOG] [Fast Refresh] done in 819ms @ http://localhost:3000/_next/static/chunks/node_modules_next_dist_1e8vcs8._.js:776
[  251045ms] [LOG] [Fast Refresh] done in 819ms @ http://localhost:3000/_next/static/chunks/node_modules_next_dist_1e8vcs8._.js:776
[  251107ms] [LOG] [Fast Refresh] done in 819ms @ http://localhost:3000/_next/static/chunks/node_modules_next_dist_1e8vcs8._.js:776
[  251171ms] [LOG] [Fast Refresh] done in 819ms @ http://localhost:3000/_next/static/chunks/node_modules_next_dist_1e8vcs8._.js:776
[  251234ms] [LOG] [Fast Refresh] done in 819ms @ http://localhost:3000/_next/static/chunks/node_modules_next_dist_1e8vcs8._.js:776
[  251308ms] [LOG] [Fast Refresh] done in 819ms @ http://localhost:3000/_next/static/chunks/node_modules_next_dist_1e8vcs8._.js:776
[  251371ms] [LOG] [Fast Refresh] done in 819ms @ http://localhost:3000/_next/static/chunks/node_modules_next_dist_1e8vcs8._.js:776
[  251434ms] [LOG] [Fast Refresh] done in 819ms @ http://localhost:3000/_next/static/chunks/node_modules_next_dist_1e8vcs8._.js:776
[  251499ms] [LOG] [Fast Refresh] done in 819ms @ http://localhost:3000/_next/static/chunks/node_modules_next_dist_1e8vcs8._.js:776
[  251556ms] [LOG] [Fast Refresh] done in 819ms @ http://localhost:3000/_next/static/chunks/node_modules_next_dist_1e8vcs8._.js:776
[  251603ms] [LOG] [Fast Refresh] done in 819ms @ http://localhost:3000/_next/static/chunks/node_modules_next_dist_1e8vcs8._.js:776
[  251668ms] [LOG] [Fast Refresh] done in 819ms @ http://localhost:3000/_next/static/chunks/node_modules_next_dist_1e8vcs8._.js:776
[  251748ms] [LOG] [Fast Refresh] done in 819ms @ http://localhost:3000/_next/static/chunks/node_modules_next_dist_1e8vcs8._.js:776
[  251809ms] [LOG] [Fast Refresh] done in 819ms @ http://localhost:3000/_next/static/chunks/node_modules_next_dist_1e8vcs8._.js:776
[  251872ms] [LOG] [Fast Refresh] done in 819ms @ http://localhost:3000/_next/static/chunks/node_modules_next_dist_1e8vcs8._.js:776
[  251937ms] [LOG] [Fast Refresh] done in 819ms @ http://localhost:3000/_next/static/chunks/node_modules_next_dist_1e8vcs8._.js:776
[  251998ms] [LOG] [Fast Refresh] done in 819ms @ http://localhost:3000/_next/static/chunks/node_modules_next_dist_1e8vcs8._.js:776
[  252062ms] [LOG] [Fast Refresh] done in 819ms @ http://localhost:3000/_next/static/chunks/node_modules_next_dist_1e8vcs8._.js:776
[  252138ms] [LOG] [Fast Refresh] done in 819ms @ http://localhost:3000/_next/static/chunks/node_modules_next_dist_1e8vcs8._.js:776
[  252201ms] [LOG] [Fast Refresh] done in 819ms @ http://localhost:3000/_next/static/chunks/node_modules_next_dist_1e8vcs8._.js:776
[  252264ms] [LOG] [Fast Refresh] done in 819ms @ http://localhost:3000/_next/static/chunks/node_modules_next_dist_1e8vcs8._.js:776
[  252327ms] [LOG] [Fast Refresh] done in 819ms @ http://localhost:3000/_next/static/chunks/node_modules_next_dist_1e8vcs8._.js:776
[  252389ms] [LOG] [Fast Refresh] done in 819ms @ http://localhost:3000/_next/static/chunks/node_modules_next_dist_1e8vcs8._.js:776
[  252453ms] [LOG] [Fast Refresh] done in 819ms @ http://localhost:3000/_next/static/chunks/node_modules_next_dist_1e8vcs8._.js:776
[  252533ms] [LOG] [Fast Refresh] done in 819ms @ http://localhost:3000/_next/static/chunks/node_modules_next_dist_1e8vcs8._.js:776
[  252594ms] [LOG] [Fast Refresh] done in 819ms @ http://localhost:3000/_next/static/chunks/node_modules_next_dist_1e8vcs8._.js:776
[  252657ms] [LOG] [Fast Refresh] done in 819ms @ http://localhost:3000/_next/static/chunks/node_modules_next_dist_1e8vcs8._.js:776
[  252718ms] [LOG] [Fast Refresh] done in 819ms @ http://localhost:3000/_next/static/chunks/node_modules_next_dist_1e8vcs8._.js:776
[  252782ms] [LOG] [Fast Refresh] done in 819ms @ http://localhost:3000/_next/static/chunks/node_modules_next_dist_1e8vcs8._.js:776
[  252842ms] [LOG] [Fast Refresh] done in 819ms @ http://localhost:3000/_next/static/chunks/node_modules_next_dist_1e8vcs8._.js:776
[  252906ms] [LOG] [Fast Refresh] done in 819ms @ http://localhost:3000/_next/static/chunks/node_modules_next_dist_1e8vcs8._.js:776
[  252971ms] [LOG] [Fast Refresh] done in 819ms @ http://localhost:3000/_next/static/chunks/node_modules_next_dist_1e8vcs8._.js:776
[  253017ms] [LOG] [Fast Refresh] done in 819ms @ http://localhost:3000/_next/static/chunks/node_modules_next_dist_1e8vcs8._.js:776
[  253080ms] [LOG] [Fast Refresh] done in 819ms @ http://localhost:3000/_next/static/chunks/node_modules_next_dist_1e8vcs8._.js:776
[  253144ms] [LOG] [Fast Refresh] done in 819ms @ http://localhost:3000/_next/static/chunks/node_modules_next_dist_1e8vcs8._.js:776
[  253211ms] [LOG] [Fast Refresh] done in 819ms @ http://localhost:3000/_next/static/chunks/node_modules_next_dist_1e8vcs8._.js:776
[  253256ms] [LOG] [Fast Refresh] done in 819ms @ http://localhost:3000/_next/static/chunks/node_modules_next_dist_1e8vcs8._.js:776
[  253319ms] [LOG] [Fast Refresh] done in 819ms @ http://localhost:3000/_next/static/chunks/node_modules_next_dist_1e8vcs8._.js:776
[  253399ms] [LOG] [Fast Refresh] done in 819ms @ http://localhost:3000/_next/static/chunks/node_modules_next_dist_1e8vcs8._.js:776
[  253459ms] [LOG] [Fast Refresh] done in 819ms @ http://localhost:3000/_next/static/chunks/node_modules_next_dist_1e8vcs8._.js:776
[  253522ms] [LOG] [Fast Refresh] done in 819ms @ http://localhost:3000/_next/static/chunks/node_modules_next_dist_1e8vcs8._.js:776
[  253597ms] [LOG] [Fast Refresh] done in 819ms @ http://localhost:3000/_next/static/chunks/node_modules_next_dist_1e8vcs8._.js:776
[  253714ms] [LOG] [Fast Refresh] done in 819ms @ http://localhost:3000/_next/static/chunks/node_modules_next_dist_1e8vcs8._.js:776
[  253775ms] [LOG] [Fast Refresh] done in 819ms @ http://localhost:3000/_next/static/chunks/node_modules_next_dist_1e8vcs8._.js:776
[  253822ms] [LOG] [Fast Refresh] done in 819ms @ http://localhost:3000/_next/static/chunks/node_modules_next_dist_1e8vcs8._.js:776
[  253886ms] [LOG] [Fast Refresh] done in 819ms @ http://localhost:3000/_next/static/chunks/node_modules_next_dist_1e8vcs8._.js:776
[  253934ms] [LOG] [Fast Refresh] done in 819ms @ http://localhost:3000/_next/static/chunks/node_modules_next_dist_1e8vcs8._.js:776
[  253998ms] [LOG] [Fast Refresh] done in 819ms @ http://localhost:3000/_next/static/chunks/node_modules_next_dist_1e8vcs8._.js:776
[  254060ms] [LOG] [Fast Refresh] done in 819ms @ http://localhost:3000/_next/static/chunks/node_modules_next_dist_1e8vcs8._.js:776
[  254123ms] [LOG] [Fast Refresh] done in 819ms @ http://localhost:3000/_next/static/chunks/node_modules_next_dist_1e8vcs8._.js:776
[  254171ms] [LOG] [Fast Refresh] done in 819ms @ http://localhost:3000/_next/static/chunks/node_modules_next_dist_1e8vcs8._.js:776
[  254218ms] [LOG] [Fast Refresh] done in 819ms @ http://localhost:3000/_next/static/chunks/node_modules_next_dist_1e8vcs8._.js:776
[  254283ms] [LOG] [Fast Refresh] done in 819ms @ http://localhost:3000/_next/static/chunks/node_modules_next_dist_1e8vcs8._.js:776
[  254343ms] [LOG] [Fast Refresh] done in 819ms @ http://localhost:3000/_next/static/chunks/node_modules_next_dist_1e8vcs8._.js:776
[  254408ms] [LOG] [Fast Refresh] done in 819ms @ http://localhost:3000/_next/static/chunks/node_modules_next_dist_1e8vcs8._.js:776
[  254470ms] [LOG] [Fast Refresh] done in 819ms @ http://localhost:3000/_next/static/chunks/node_modules_next_dist_1e8vcs8._.js:776
[  254534ms] [LOG] [Fast Refresh] done in 819ms @ http://localhost:3000/_next/static/chunks/node_modules_next_dist_1e8vcs8._.js:776
[  254582ms] [LOG] [Fast Refresh] done in 819ms @ http://localhost:3000/_next/static/chunks/node_modules_next_dist_1e8vcs8._.js:776
[  254644ms] [LOG] [Fast Refresh] done in 819ms @ http://localhost:3000/_next/static/chunks/node_modules_next_dist_1e8vcs8._.js:776
[  254707ms] [LOG] [Fast Refresh] done in 819ms @ http://localhost:3000/_next/static/chunks/node_modules_next_dist_1e8vcs8._.js:776
[  254771ms] [LOG] [Fast Refresh] done in 819ms @ http://localhost:3000/_next/static/chunks/node_modules_next_dist_1e8vcs8._.js:776
[  254837ms] [LOG] [Fast Refresh] done in 819ms @ http://localhost:3000/_next/static/chunks/node_modules_next_dist_1e8vcs8._.js:776
[  254883ms] [LOG] [Fast Refresh] done in 819ms @ http://localhost:3000/_next/static/chunks/node_modules_next_dist_1e8vcs8._.js:776
[  254934ms] [LOG] [Fast Refresh] done in 819ms @ http://localhost:3000/_next/static/chunks/node_modules_next_dist_1e8vcs8._.js:776
[  254994ms] [LOG] [Fast Refresh] done in 819ms @ http://localhost:3000/_next/static/chunks/node_modules_next_dist_1e8vcs8._.js:776
[  255058ms] [LOG] [Fast Refresh] done in 819ms @ http://localhost:3000/_next/static/chunks/node_modules_next_dist_1e8vcs8._.js:776
[  255127ms] [LOG] [Fast Refresh] done in 819ms @ http://localhost:3000/_next/static/chunks/node_modules_next_dist_1e8vcs8._.js:776
[  255187ms] [LOG] [Fast Refresh] done in 819ms @ http://localhost:3000/_next/static/chunks/node_modules_next_dist_1e8vcs8._.js:776
[  255247ms] [LOG] [Fast Refresh] done in 819ms @ http://localhost:3000/_next/static/chunks/node_modules_next_dist_1e8vcs8._.js:776
[  255311ms] [LOG] [Fast Refresh] done in 819ms @ http://localhost:3000/_next/static/chunks/node_modules_next_dist_1e8vcs8._.js:776
[  255374ms] [LOG] [Fast Refresh] done in 819ms @ http://localhost:3000/_next/static/chunks/node_modules_next_dist_1e8vcs8._.js:776
[  255437ms] [LOG] [Fast Refresh] done in 819ms @ http://localhost:3000/_next/static/chunks/node_modules_next_dist_1e8vcs8._.js:776
[  255500ms] [LOG] [Fast Refresh] done in 819ms @ http://localhost:3000/_next/static/chunks/node_modules_next_dist_1e8vcs8._.js:776
[  255546ms] [LOG] [Fast Refresh] done in 819ms @ http://localhost:3000/_next/static/chunks/node_modules_next_dist_1e8vcs8._.js:776
[  255611ms] [LOG] [Fast Refresh] done in 819ms @ http://localhost:3000/_next/static/chunks/node_modules_next_dist_1e8vcs8._.js:776
[  255675ms] [LOG] [Fast Refresh] done in 819ms @ http://localhost:3000/_next/static/chunks/node_modules_next_dist_1e8vcs8._.js:776
[  255738ms] [LOG] [Fast Refresh] done in 819ms @ http://localhost:3000/_next/static/chunks/node_modules_next_dist_1e8vcs8._.js:776
[  255807ms] [LOG] [Fast Refresh] done in 819ms @ http://localhost:3000/_next/static/chunks/node_modules_next_dist_1e8vcs8._.js:776
[  255864ms] [LOG] [Fast Refresh] done in 819ms @ http://localhost:3000/_next/static/chunks/node_modules_next_dist_1e8vcs8._.js:776
[  255912ms] [LOG] [Fast Refresh] done in 819ms @ http://localhost:3000/_next/static/chunks/node_modules_next_dist_1e8vcs8._.js:776
[  255975ms] [LOG] [Fast Refresh] done in 819ms @ http://localhost:3000/_next/static/chunks/node_modules_next_dist_1e8vcs8._.js:776
[  256042ms] [LOG] [Fast Refresh] done in 819ms @ http://localhost:3000/_next/static/chunks/node_modules_next_dist_1e8vcs8._.js:776
[  256102ms] [LOG] [Fast Refresh] done in 819ms @ http://localhost:3000/_next/static/chunks/node_modules_next_dist_1e8vcs8._.js:776
[  256165ms] [LOG] [Fast Refresh] done in 819ms @ http://localhost:3000/_next/static/chunks/node_modules_next_dist_1e8vcs8._.js:776
[  256213ms] [LOG] [Fast Refresh] done in 819ms @ http://localhost:3000/_next/static/chunks/node_modules_next_dist_1e8vcs8._.js:776
[  256276ms] [LOG] [Fast Refresh] done in 819ms @ http://localhost:3000/_next/static/chunks/node_modules_next_dist_1e8vcs8._.js:776
[  256338ms] [LOG] [Fast Refresh] done in 819ms @ http://localhost:3000/_next/static/chunks/node_modules_next_dist_1e8vcs8._.js:776
[  256386ms] [LOG] [Fast Refresh] done in 819ms @ http://localhost:3000/_next/static/chunks/node_modules_next_dist_1e8vcs8._.js:776
[  256451ms] [LOG] [Fast Refresh] done in 819ms @ http://localhost:3000/_next/static/chunks/node_modules_next_dist_1e8vcs8._.js:776
[  256525ms] [LOG] [Fast Refresh] done in 819ms @ http://localhost:3000/_next/static/chunks/node_modules_next_dist_1e8vcs8._.js:776
[  256593ms] [LOG] [Fast Refresh] done in 819ms @ http://localhost:3000/_next/static/chunks/node_modules_next_dist_1e8vcs8._.js:776
[  256656ms] [LOG] [Fast Refresh] done in 819ms @ http://localhost:3000/_next/static/chunks/node_modules_next_dist_1e8vcs8._.js:776
[  256721ms] [LOG] [Fast Refresh] done in 819ms @ http://localhost:3000/_next/static/chunks/node_modules_next_dist_1e8vcs8._.js:776
[  256783ms] [LOG] [Fast Refresh] done in 819ms @ http://localhost:3000/_next/static/chunks/node_modules_next_dist_1e8vcs8._.js:776
[  256830ms] [LOG] [Fast Refresh] done in 819ms @ http://localhost:3000/_next/static/chunks/node_modules_next_dist_1e8vcs8._.js:776
[  256889ms] [LOG] [Fast Refresh] done in 819ms @ http://localhost:3000/_next/static/chunks/node_modules_next_dist_1e8vcs8._.js:776
[  256939ms] [LOG] [Fast Refresh] done in 819ms @ http://localhost:3000/_next/static/chunks/node_modules_next_dist_1e8vcs8._.js:776
[  257001ms] [LOG] [Fast Refresh] done in 819ms @ http://localhost:3000/_next/static/chunks/node_modules_next_dist_1e8vcs8._.js:776
[  257066ms] [LOG] [Fast Refresh] done in 819ms @ http://localhost:3000/_next/static/chunks/node_modules_next_dist_1e8vcs8._.js:776
[  257111ms] [LOG] [Fast Refresh] done in 819ms @ http://localhost:3000/_next/static/chunks/node_modules_next_dist_1e8vcs8._.js:776
[  257173ms] [LOG] [Fast Refresh] done in 819ms @ http://localhost:3000/_next/static/chunks/node_modules_next_dist_1e8vcs8._.js:776
[  257257ms] [LOG] [Fast Refresh] done in 819ms @ http://localhost:3000/_next/static/chunks/node_modules_next_dist_1e8vcs8._.js:776
[  257314ms] [LOG] [Fast Refresh] done in 819ms @ http://localhost:3000/_next/static/chunks/node_modules_next_dist_1e8vcs8._.js:776
[  257391ms] [LOG] [Fast Refresh] done in 819ms @ http://localhost:3000/_next/static/chunks/node_modules_next_dist_1e8vcs8._.js:776
[  257457ms] [LOG] [Fast Refresh] done in 819ms @ http://localhost:3000/_next/static/chunks/node_modules_next_dist_1e8vcs8._.js:776
[  257519ms] [LOG] [Fast Refresh] done in 819ms @ http://localhost:3000/_next/static/chunks/node_modules_next_dist_1e8vcs8._.js:776
[  257582ms] [LOG] [Fast Refresh] done in 819ms @ http://localhost:3000/_next/static/chunks/node_modules_next_dist_1e8vcs8._.js:776
[  257644ms] [LOG] [Fast Refresh] done in 819ms @ http://localhost:3000/_next/static/chunks/node_modules_next_dist_1e8vcs8._.js:776
[  257707ms] [LOG] [Fast Refresh] done in 819ms @ http://localhost:3000/_next/static/chunks/node_modules_next_dist_1e8vcs8._.js:776
[  257771ms] [LOG] [Fast Refresh] done in 819ms @ http://localhost:3000/_next/static/chunks/node_modules_next_dist_1e8vcs8._.js:776
[  257837ms] [LOG] [Fast Refresh] done in 819ms @ http://localhost:3000/_next/static/chunks/node_modules_next_dist_1e8vcs8._.js:776
[  257898ms] [LOG] [Fast Refresh] done in 819ms @ http://localhost:3000/_next/static/chunks/node_modules_next_dist_1e8vcs8._.js:776
[  257965ms] [LOG] [Fast Refresh] done in 819ms @ http://localhost:3000/_next/static/chunks/node_modules_next_dist_1e8vcs8._.js:776
[  258025ms] [LOG] [Fast Refresh] done in 819ms @ http://localhost:3000/_next/static/chunks/node_modules_next_dist_1e8vcs8._.js:776
[  258092ms] [LOG] [Fast Refresh] done in 819ms @ http://localhost:3000/_next/static/chunks/node_modules_next_dist_1e8vcs8._.js:776
[  258149ms] [LOG] [Fast Refresh] done in 819ms @ http://localhost:3000/_next/static/chunks/node_modules_next_dist_1e8vcs8._.js:776
[  258212ms] [LOG] [Fast Refresh] done in 819ms @ http://localhost:3000/_next/static/chunks/node_modules_next_dist_1e8vcs8._.js:776
[  258277ms] [LOG] [Fast Refresh] done in 819ms @ http://localhost:3000/_next/static/chunks/node_modules_next_dist_1e8vcs8._.js:776
[  258339ms] [LOG] [Fast Refresh] done in 819ms @ http://localhost:3000/_next/static/chunks/node_modules_next_dist_1e8vcs8._.js:776
[  258401ms] [LOG] [Fast Refresh] done in 819ms @ http://localhost:3000/_next/static/chunks/node_modules_next_dist_1e8vcs8._.js:776
[  258462ms] [LOG] [Fast Refresh] done in 819ms @ http://localhost:3000/_next/static/chunks/node_modules_next_dist_1e8vcs8._.js:776
[  258510ms] [LOG] [Fast Refresh] done in 819ms @ http://localhost:3000/_next/static/chunks/node_modules_next_dist_1e8vcs8._.js:776
[  258574ms] [LOG] [Fast Refresh] done in 819ms @ http://localhost:3000/_next/static/chunks/node_modules_next_dist_1e8vcs8._.js:776
[  258639ms] [LOG] [Fast Refresh] done in 819ms @ http://localhost:3000/_next/static/chunks/node_modules_next_dist_1e8vcs8._.js:776
[  258700ms] [LOG] [Fast Refresh] done in 819ms @ http://localhost:3000/_next/static/chunks/node_modules_next_dist_1e8vcs8._.js:776
[  258763ms] [LOG] [Fast Refresh] done in 819ms @ http://localhost:3000/_next/static/chunks/node_modules_next_dist_1e8vcs8._.js:776
[  258824ms] [LOG] [Fast Refresh] done in 819ms @ http://localhost:3000/_next/static/chunks/node_modules_next_dist_1e8vcs8._.js:776
[  258871ms] [LOG] [Fast Refresh] done in 819ms @ http://localhost:3000/_next/static/chunks/node_modules_next_dist_1e8vcs8._.js:776
[  258933ms] [LOG] [Fast Refresh] done in 819ms @ http://localhost:3000/_next/static/chunks/node_modules_next_dist_1e8vcs8._.js:776
[  258996ms] [LOG] [Fast Refresh] done in 819ms @ http://localhost:3000/_next/static/chunks/node_modules_next_dist_1e8vcs8._.js:776
[  259203ms] [LOG] [Fast Refresh] done in 819ms @ http://localhost:3000/_next/static/chunks/node_modules_next_dist_1e8vcs8._.js:776
[  259251ms] [LOG] [Fast Refresh] done in 819ms @ http://localhost:3000/_next/static/chunks/node_modules_next_dist_1e8vcs8._.js:776
[  259297ms] [LOG] [Fast Refresh] done in 819ms @ http://localhost:3000/_next/static/chunks/node_modules_next_dist_1e8vcs8._.js:776
[  259362ms] [LOG] [Fast Refresh] done in 819ms @ http://localhost:3000/_next/static/chunks/node_modules_next_dist_1e8vcs8._.js:776
[  259459ms] [LOG] [Fast Refresh] done in 819ms @ http://localhost:3000/_next/static/chunks/node_modules_next_dist_1e8vcs8._.js:776
[  259600ms] [LOG] [Fast Refresh] done in 819ms @ http://localhost:3000/_next/static/chunks/node_modules_next_dist_1e8vcs8._.js:776
[  259664ms] [LOG] [Fast Refresh] done in 819ms @ http://localhost:3000/_next/static/chunks/node_modules_next_dist_1e8vcs8._.js:776
[  259730ms] [LOG] [Fast Refresh] done in 819ms @ http://localhost:3000/_next/static/chunks/node_modules_next_dist_1e8vcs8._.js:776
[  259793ms] [LOG] [Fast Refresh] done in 819ms @ http://localhost:3000/_next/static/chunks/node_modules_next_dist_1e8vcs8._.js:776
[  259917ms] [LOG] [Fast Refresh] done in 819ms @ http://localhost:3000/_next/static/chunks/node_modules_next_dist_1e8vcs8._.js:776
[  259981ms] [LOG] [Fast Refresh] done in 819ms @ http://localhost:3000/_next/static/chunks/node_modules_next_dist_1e8vcs8._.js:776
[  260029ms] [LOG] [Fast Refresh] done in 819ms @ http://localhost:3000/_next/static/chunks/node_modules_next_dist_1e8vcs8._.js:776
[  260090ms] [LOG] [Fast Refresh] done in 819ms @ http://localhost:3000/_next/static/chunks/node_modules_next_dist_1e8vcs8._.js:776
[  260154ms] [LOG] [Fast Refresh] done in 819ms @ http://localhost:3000/_next/static/chunks/node_modules_next_dist_1e8vcs8._.js:776
[  260201ms] [LOG] [Fast Refresh] done in 819ms @ http://localhost:3000/_next/static/chunks/node_modules_next_dist_1e8vcs8._.js:776
[  260264ms] [LOG] [Fast Refresh] done in 819ms @ http://localhost:3000/_next/static/chunks/node_modules_next_dist_1e8vcs8._.js:776
[  260313ms] [LOG] [Fast Refresh] done in 819ms @ http://localhost:3000/_next/static/chunks/node_modules_next_dist_1e8vcs8._.js:776
[  260381ms] [LOG] [Fast Refresh] done in 819ms @ http://localhost:3000/_next/static/chunks/node_modules_next_dist_1e8vcs8._.js:776
[  260437ms] [LOG] [Fast Refresh] done in 819ms @ http://localhost:3000/_next/static/chunks/node_modules_next_dist_1e8vcs8._.js:776
[  260500ms] [LOG] [Fast Refresh] done in 819ms @ http://localhost:3000/_next/static/chunks/node_modules_next_dist_1e8vcs8._.js:776
[  260566ms] [LOG] [Fast Refresh] done in 819ms @ http://localhost:3000/_next/static/chunks/node_modules_next_dist_1e8vcs8._.js:776
[  260624ms] [LOG] [Fast Refresh] done in 819ms @ http://localhost:3000/_next/static/chunks/node_modules_next_dist_1e8vcs8._.js:776
[  260686ms] [LOG] [Fast Refresh] done in 819ms @ http://localhost:3000/_next/static/chunks/node_modules_next_dist_1e8vcs8._.js:776
[  260749ms] [LOG] [Fast Refresh] done in 819ms @ http://localhost:3000/_next/static/chunks/node_modules_next_dist_1e8vcs8._.js:776
[  260814ms] [LOG] [Fast Refresh] done in 819ms @ http://localhost:3000/_next/static/chunks/node_modules_next_dist_1e8vcs8._.js:776
[  260876ms] [LOG] [Fast Refresh] done in 819ms @ http://localhost:3000/_next/static/chunks/node_modules_next_dist_1e8vcs8._.js:776
[  260942ms] [LOG] [Fast Refresh] done in 819ms @ http://localhost:3000/_next/static/chunks/node_modules_next_dist_1e8vcs8._.js:776
[  261002ms] [LOG] [Fast Refresh] done in 819ms @ http://localhost:3000/_next/static/chunks/node_modules_next_dist_1e8vcs8._.js:776
[  261065ms] [LOG] [Fast Refresh] done in 819ms @ http://localhost:3000/_next/static/chunks/node_modules_next_dist_1e8vcs8._.js:776
[  261127ms] [LOG] [Fast Refresh] done in 819ms @ http://localhost:3000/_next/static/chunks/node_modules_next_dist_1e8vcs8._.js:776
[  261189ms] [LOG] [Fast Refresh] done in 819ms @ http://localhost:3000/_next/static/chunks/node_modules_next_dist_1e8vcs8._.js:776
[  261237ms] [LOG] [Fast Refresh] done in 819ms @ http://localhost:3000/_next/static/chunks/node_modules_next_dist_1e8vcs8._.js:776
[  261299ms] [LOG] [Fast Refresh] done in 819ms @ http://localhost:3000/_next/static/chunks/node_modules_next_dist_1e8vcs8._.js:776
[  261362ms] [LOG] [Fast Refresh] done in 819ms @ http://localhost:3000/_next/static/chunks/node_modules_next_dist_1e8vcs8._.js:776
[  261429ms] [LOG] [Fast Refresh] done in 819ms @ http://localhost:3000/_next/static/chunks/node_modules_next_dist_1e8vcs8._.js:776
[  261489ms] [LOG] [Fast Refresh] done in 819ms @ http://localhost:3000/_next/static/chunks/node_modules_next_dist_1e8vcs8._.js:776
[  261553ms] [LOG] [Fast Refresh] done in 819ms @ http://localhost:3000/_next/static/chunks/node_modules_next_dist_1e8vcs8._.js:776
[  261617ms] [LOG] [Fast Refresh] done in 819ms @ http://localhost:3000/_next/static/chunks/node_modules_next_dist_1e8vcs8._.js:776
[  261679ms] [LOG] [Fast Refresh] done in 819ms @ http://localhost:3000/_next/static/chunks/node_modules_next_dist_1e8vcs8._.js:776
[  261740ms] [LOG] [Fast Refresh] done in 819ms @ http://localhost:3000/_next/static/chunks/node_modules_next_dist_1e8vcs8._.js:776
[  261803ms] [LOG] [Fast Refresh] done in 819ms @ http://localhost:3000/_next/static/chunks/node_modules_next_dist_1e8vcs8._.js:776
[  261865ms] [LOG] [Fast Refresh] done in 819ms @ http://localhost:3000/_next/static/chunks/node_modules_next_dist_1e8vcs8._.js:776
[  261927ms] [LOG] [Fast Refresh] done in 819ms @ http://localhost:3000/_next/static/chunks/node_modules_next_dist_1e8vcs8._.js:776
[  261992ms] [LOG] [Fast Refresh] done in 819ms @ http://localhost:3000/_next/static/chunks/node_modules_next_dist_1e8vcs8._.js:776
[  262058ms] [LOG] [Fast Refresh] done in 819ms @ http://localhost:3000/_next/static/chunks/node_modules_next_dist_1e8vcs8._.js:776
[  262118ms] [LOG] [Fast Refresh] done in 819ms @ http://localhost:3000/_next/static/chunks/node_modules_next_dist_1e8vcs8._.js:776
[  262181ms] [LOG] [Fast Refresh] done in 819ms @ http://localhost:3000/_next/static/chunks/node_modules_next_dist_1e8vcs8._.js:776
[  262243ms] [LOG] [Fast Refresh] done in 819ms @ http://localhost:3000/_next/static/chunks/node_modules_next_dist_1e8vcs8._.js:776
[  262306ms] [LOG] [Fast Refresh] done in 819ms @ http://localhost:3000/_next/static/chunks/node_modules_next_dist_1e8vcs8._.js:776
[  262370ms] [LOG] [Fast Refresh] done in 819ms @ http://localhost:3000/_next/static/chunks/node_modules_next_dist_1e8vcs8._.js:776
[  262432ms] [LOG] [Fast Refresh] done in 819ms @ http://localhost:3000/_next/static/chunks/node_modules_next_dist_1e8vcs8._.js:776
[  262494ms] [LOG] [Fast Refresh] done in 819ms @ http://localhost:3000/_next/static/chunks/node_modules_next_dist_1e8vcs8._.js:776
[  262557ms] [LOG] [Fast Refresh] done in 819ms @ http://localhost:3000/_next/static/chunks/node_modules_next_dist_1e8vcs8._.js:776
[  262620ms] [LOG] [Fast Refresh] done in 819ms @ http://localhost:3000/_next/static/chunks/node_modules_next_dist_1e8vcs8._.js:776
[  262681ms] [LOG] [Fast Refresh] done in 819ms @ http://localhost:3000/_next/static/chunks/node_modules_next_dist_1e8vcs8._.js:776
[  262746ms] [LOG] [Fast Refresh] done in 819ms @ http://localhost:3000/_next/static/chunks/node_modules_next_dist_1e8vcs8._.js:776
[  262808ms] [LOG] [Fast Refresh] done in 819ms @ http://localhost:3000/_next/static/chunks/node_modules_next_dist_1e8vcs8._.js:776
[  262868ms] [LOG] [Fast Refresh] done in 819ms @ http://localhost:3000/_next/static/chunks/node_modules_next_dist_1e8vcs8._.js:776
[  262929ms] [LOG] [Fast Refresh] done in 819ms @ http://localhost:3000/_next/static/chunks/node_modules_next_dist_1e8vcs8._.js:776
[  262995ms] [LOG] [Fast Refresh] done in 819ms @ http://localhost:3000/_next/static/chunks/node_modules_next_dist_1e8vcs8._.js:776
[  263056ms] [LOG] [Fast Refresh] done in 819ms @ http://localhost:3000/_next/static/chunks/node_modules_next_dist_1e8vcs8._.js:776
[  263118ms] [LOG] [Fast Refresh] done in 819ms @ http://localhost:3000/_next/static/chunks/node_modules_next_dist_1e8vcs8._.js:776
[  263186ms] [LOG] [Fast Refresh] done in 819ms @ http://localhost:3000/_next/static/chunks/node_modules_next_dist_1e8vcs8._.js:776
[  263245ms] [LOG] [Fast Refresh] done in 819ms @ http://localhost:3000/_next/static/chunks/node_modules_next_dist_1e8vcs8._.js:776
[  263305ms] [LOG] [Fast Refresh] done in 819ms @ http://localhost:3000/_next/static/chunks/node_modules_next_dist_1e8vcs8._.js:776
[  263368ms] [LOG] [Fast Refresh] done in 819ms @ http://localhost:3000/_next/static/chunks/node_modules_next_dist_1e8vcs8._.js:776
[  263430ms] [LOG] [Fast Refresh] done in 819ms @ http://localhost:3000/_next/static/chunks/node_modules_next_dist_1e8vcs8._.js:776
[  263497ms] [LOG] [Fast Refresh] done in 819ms @ http://localhost:3000/_next/static/chunks/node_modules_next_dist_1e8vcs8._.js:776
[  263554ms] [LOG] [Fast Refresh] done in 819ms @ http://localhost:3000/_next/static/chunks/node_modules_next_dist_1e8vcs8._.js:776
[  263620ms] [LOG] [Fast Refresh] done in 819ms @ http://localhost:3000/_next/static/chunks/node_modules_next_dist_1e8vcs8._.js:776
[  263680ms] [LOG] [Fast Refresh] done in 819ms @ http://localhost:3000/_next/static/chunks/node_modules_next_dist_1e8vcs8._.js:776
[  263740ms] [LOG] [Fast Refresh] done in 819ms @ http://localhost:3000/_next/static/chunks/node_modules_next_dist_1e8vcs8._.js:776
[  263803ms] [LOG] [Fast Refresh] done in 819ms @ http://localhost:3000/_next/static/chunks/node_modules_next_dist_1e8vcs8._.js:776
[  263865ms] [LOG] [Fast Refresh] done in 819ms @ http://localhost:3000/_next/static/chunks/node_modules_next_dist_1e8vcs8._.js:776
[  263916ms] [LOG] [Fast Refresh] done in 819ms @ http://localhost:3000/_next/static/chunks/node_modules_next_dist_1e8vcs8._.js:776
[  263975ms] [LOG] [Fast Refresh] done in 819ms @ http://localhost:3000/_next/static/chunks/node_modules_next_dist_1e8vcs8._.js:776
[  264038ms] [LOG] [Fast Refresh] done in 819ms @ http://localhost:3000/_next/static/chunks/node_modules_next_dist_1e8vcs8._.js:776
[  264101ms] [LOG] [Fast Refresh] done in 819ms @ http://localhost:3000/_next/static/chunks/node_modules_next_dist_1e8vcs8._.js:776
[  264161ms] [LOG] [Fast Refresh] done in 819ms @ http://localhost:3000/_next/static/chunks/node_modules_next_dist_1e8vcs8._.js:776
[  264225ms] [LOG] [Fast Refresh] done in 819ms @ http://localhost:3000/_next/static/chunks/node_modules_next_dist_1e8vcs8._.js:776
[  264287ms] [LOG] [Fast Refresh] done in 819ms @ http://localhost:3000/_next/static/chunks/node_modules_next_dist_1e8vcs8._.js:776
[  264349ms] [LOG] [Fast Refresh] done in 819ms @ http://localhost:3000/_next/static/chunks/node_modules_next_dist_1e8vcs8._.js:776
[  264411ms] [LOG] [Fast Refresh] done in 819ms @ http://localhost:3000/_next/static/chunks/node_modules_next_dist_1e8vcs8._.js:776
[  264473ms] [LOG] [Fast Refresh] done in 819ms @ http://localhost:3000/_next/static/chunks/node_modules_next_dist_1e8vcs8._.js:776
[  264538ms] [LOG] [Fast Refresh] done in 819ms @ http://localhost:3000/_next/static/chunks/node_modules_next_dist_1e8vcs8._.js:776
[  264599ms] [LOG] [Fast Refresh] done in 819ms @ http://localhost:3000/_next/static/chunks/node_modules_next_dist_1e8vcs8._.js:776
[  264661ms] [LOG] [Fast Refresh] done in 819ms @ http://localhost:3000/_next/static/chunks/node_modules_next_dist_1e8vcs8._.js:776
[  264723ms] [LOG] [Fast Refresh] done in 819ms @ http://localhost:3000/_next/static/chunks/node_modules_next_dist_1e8vcs8._.js:776
[  264786ms] [LOG] [Fast Refresh] done in 819ms @ http://localhost:3000/_next/static/chunks/node_modules_next_dist_1e8vcs8._.js:776
[  264852ms] [LOG] [Fast Refresh] done in 819ms @ http://localhost:3000/_next/static/chunks/node_modules_next_dist_1e8vcs8._.js:776
[  264911ms] [LOG] [Fast Refresh] done in 819ms @ http://localhost:3000/_next/static/chunks/node_modules_next_dist_1e8vcs8._.js:776
[  264973ms] [LOG] [Fast Refresh] done in 819ms @ http://localhost:3000/_next/static/chunks/node_modules_next_dist_1e8vcs8._.js:776
[  265037ms] [LOG] [Fast Refresh] done in 819ms @ http://localhost:3000/_next/static/chunks/node_modules_next_dist_1e8vcs8._.js:776
[  265099ms] [LOG] [Fast Refresh] done in 819ms @ http://localhost:3000/_next/static/chunks/node_modules_next_dist_1e8vcs8._.js:776
[  265163ms] [LOG] [Fast Refresh] done in 819ms @ http://localhost:3000/_next/static/chunks/node_modules_next_dist_1e8vcs8._.js:776
[  265225ms] [LOG] [Fast Refresh] done in 819ms @ http://localhost:3000/_next/static/chunks/node_modules_next_dist_1e8vcs8._.js:776
[  265289ms] [LOG] [Fast Refresh] done in 819ms @ http://localhost:3000/_next/static/chunks/node_modules_next_dist_1e8vcs8._.js:776
[  265352ms] [LOG] [Fast Refresh] done in 819ms @ http://localhost:3000/_next/static/chunks/node_modules_next_dist_1e8vcs8._.js:776
[  265414ms] [LOG] [Fast Refresh] done in 819ms @ http://localhost:3000/_next/static/chunks/node_modules_next_dist_1e8vcs8._.js:776
[  265474ms] [LOG] [Fast Refresh] done in 819ms @ http://localhost:3000/_next/static/chunks/node_modules_next_dist_1e8vcs8._.js:776
[  265537ms] [LOG] [Fast Refresh] done in 819ms @ http://localhost:3000/_next/static/chunks/node_modules_next_dist_1e8vcs8._.js:776
[  265599ms] [LOG] [Fast Refresh] done in 819ms @ http://localhost:3000/_next/static/chunks/node_modules_next_dist_1e8vcs8._.js:776
[  265660ms] [LOG] [Fast Refresh] done in 819ms @ http://localhost:3000/_next/static/chunks/node_modules_next_dist_1e8vcs8._.js:776
[  265724ms] [LOG] [Fast Refresh] done in 819ms @ http://localhost:3000/_next/static/chunks/node_modules_next_dist_1e8vcs8._.js:776
[  265785ms] [LOG] [Fast Refresh] done in 819ms @ http://localhost:3000/_next/static/chunks/node_modules_next_dist_1e8vcs8._.js:776
[  265849ms] [LOG] [Fast Refresh] done in 819ms @ http://localhost:3000/_next/static/chunks/node_modules_next_dist_1e8vcs8._.js:776
[  265909ms] [LOG] [Fast Refresh] done in 819ms @ http://localhost:3000/_next/static/chunks/node_modules_next_dist_1e8vcs8._.js:776
[  265973ms] [LOG] [Fast Refresh] done in 819ms @ http://localhost:3000/_next/static/chunks/node_modules_next_dist_1e8vcs8._.js:776
[  266036ms] [LOG] [Fast Refresh] done in 819ms @ http://localhost:3000/_next/static/chunks/node_modules_next_dist_1e8vcs8._.js:776
[  266097ms] [LOG] [Fast Refresh] done in 819ms @ http://localhost:3000/_next/static/chunks/node_modules_next_dist_1e8vcs8._.js:776
[  266158ms] [LOG] [Fast Refresh] done in 819ms @ http://localhost:3000/_next/static/chunks/node_modules_next_dist_1e8vcs8._.js:776
[  266221ms] [LOG] [Fast Refresh] done in 819ms @ http://localhost:3000/_next/static/chunks/node_modules_next_dist_1e8vcs8._.js:776
[  266284ms] [LOG] [Fast Refresh] done in 819ms @ http://localhost:3000/_next/static/chunks/node_modules_next_dist_1e8vcs8._.js:776
[  266346ms] [LOG] [Fast Refresh] done in 819ms @ http://localhost:3000/_next/static/chunks/node_modules_next_dist_1e8vcs8._.js:776
[  266409ms] [LOG] [Fast Refresh] done in 819ms @ http://localhost:3000/_next/static/chunks/node_modules_next_dist_1e8vcs8._.js:776
[  266471ms] [LOG] [Fast Refresh] done in 819ms @ http://localhost:3000/_next/static/chunks/node_modules_next_dist_1e8vcs8._.js:776
[  266536ms] [LOG] [Fast Refresh] done in 819ms @ http://localhost:3000/_next/static/chunks/node_modules_next_dist_1e8vcs8._.js:776
[  266596ms] [LOG] [Fast Refresh] done in 819ms @ http://localhost:3000/_next/static/chunks/node_modules_next_dist_1e8vcs8._.js:776
[  266657ms] [LOG] [Fast Refresh] done in 819ms @ http://localhost:3000/_next/static/chunks/node_modules_next_dist_1e8vcs8._.js:776
[  266720ms] [LOG] [Fast Refresh] done in 819ms @ http://localhost:3000/_next/static/chunks/node_modules_next_dist_1e8vcs8._.js:776
[  266784ms] [LOG] [Fast Refresh] done in 819ms @ http://localhost:3000/_next/static/chunks/node_modules_next_dist_1e8vcs8._.js:776
[  266846ms] [LOG] [Fast Refresh] done in 819ms @ http://localhost:3000/_next/static/chunks/node_modules_next_dist_1e8vcs8._.js:776
[  266909ms] [LOG] [Fast Refresh] done in 819ms @ http://localhost:3000/_next/static/chunks/node_modules_next_dist_1e8vcs8._.js:776
[  266972ms] [LOG] [Fast Refresh] done in 819ms @ http://localhost:3000/_next/static/chunks/node_modules_next_dist_1e8vcs8._.js:776
[  267035ms] [LOG] [Fast Refresh] done in 819ms @ http://localhost:3000/_next/static/chunks/node_modules_next_dist_1e8vcs8._.js:776
[  267097ms] [LOG] [Fast Refresh] done in 819ms @ http://localhost:3000/_next/static/chunks/node_modules_next_dist_1e8vcs8._.js:776
[  267160ms] [LOG] [Fast Refresh] done in 819ms @ http://localhost:3000/_next/static/chunks/node_modules_next_dist_1e8vcs8._.js:776
[  267222ms] [LOG] [Fast Refresh] done in 819ms @ http://localhost:3000/_next/static/chunks/node_modules_next_dist_1e8vcs8._.js:776
[  267286ms] [LOG] [Fast Refresh] done in 819ms @ http://localhost:3000/_next/static/chunks/node_modules_next_dist_1e8vcs8._.js:776
[  267347ms] [LOG] [Fast Refresh] done in 819ms @ http://localhost:3000/_next/static/chunks/node_modules_next_dist_1e8vcs8._.js:776
[  267414ms] [LOG] [Fast Refresh] done in 819ms @ http://localhost:3000/_next/static/chunks/node_modules_next_dist_1e8vcs8._.js:776
[  267473ms] [LOG] [Fast Refresh] done in 819ms @ http://localhost:3000/_next/static/chunks/node_modules_next_dist_1e8vcs8._.js:776
[  267537ms] [LOG] [Fast Refresh] done in 819ms @ http://localhost:3000/_next/static/chunks/node_modules_next_dist_1e8vcs8._.js:776
[  267599ms] [LOG] [Fast Refresh] done in 819ms @ http://localhost:3000/_next/static/chunks/node_modules_next_dist_1e8vcs8._.js:776
[  267662ms] [LOG] [Fast Refresh] done in 819ms @ http://localhost:3000/_next/static/chunks/node_modules_next_dist_1e8vcs8._.js:776
[  267724ms] [LOG] [Fast Refresh] done in 819ms @ http://localhost:3000/_next/static/chunks/node_modules_next_dist_1e8vcs8._.js:776
[  267788ms] [LOG] [Fast Refresh] done in 819ms @ http://localhost:3000/_next/static/chunks/node_modules_next_dist_1e8vcs8._.js:776
[  267850ms] [LOG] [Fast Refresh] done in 819ms @ http://localhost:3000/_next/static/chunks/node_modules_next_dist_1e8vcs8._.js:776
[  267910ms] [LOG] [Fast Refresh] done in 819ms @ http://localhost:3000/_next/static/chunks/node_modules_next_dist_1e8vcs8._.js:776
[  267973ms] [LOG] [Fast Refresh] done in 819ms @ http://localhost:3000/_next/static/chunks/node_modules_next_dist_1e8vcs8._.js:776
[  268033ms] [LOG] [Fast Refresh] done in 819ms @ http://localhost:3000/_next/static/chunks/node_modules_next_dist_1e8vcs8._.js:776
[  268095ms] [LOG] [Fast Refresh] done in 819ms @ http://localhost:3000/_next/static/chunks/node_modules_next_dist_1e8vcs8._.js:776
[  268157ms] [LOG] [Fast Refresh] done in 819ms @ http://localhost:3000/_next/static/chunks/node_modules_next_dist_1e8vcs8._.js:776
[  268218ms] [LOG] [Fast Refresh] done in 819ms @ http://localhost:3000/_next/static/chunks/node_modules_next_dist_1e8vcs8._.js:776
[  268280ms] [LOG] [Fast Refresh] done in 819ms @ http://localhost:3000/_next/static/chunks/node_modules_next_dist_1e8vcs8._.js:776
[  268343ms] [LOG] [Fast Refresh] done in 819ms @ http://localhost:3000/_next/static/chunks/node_modules_next_dist_1e8vcs8._.js:776
[  268423ms] [LOG] [Fast Refresh] done in 819ms @ http://localhost:3000/_next/static/chunks/node_modules_next_dist_1e8vcs8._.js:776
[  268484ms] [LOG] [Fast Refresh] done in 819ms @ http://localhost:3000/_next/static/chunks/node_modules_next_dist_1e8vcs8._.js:776
[  268558ms] [LOG] [Fast Refresh] done in 819ms @ http://localhost:3000/_next/static/chunks/node_modules_next_dist_1e8vcs8._.js:776
[  268610ms] [LOG] [Fast Refresh] done in 819ms @ http://localhost:3000/_next/static/chunks/node_modules_next_dist_1e8vcs8._.js:776
[  268673ms] [LOG] [Fast Refresh] done in 819ms @ http://localhost:3000/_next/static/chunks/node_modules_next_dist_1e8vcs8._.js:776
[  268754ms] [LOG] [Fast Refresh] done in 819ms @ http://localhost:3000/_next/static/chunks/node_modules_next_dist_1e8vcs8._.js:776
[  268855ms] [LOG] [Fast Refresh] done in 819ms @ http://localhost:3000/_next/static/chunks/node_modules_next_dist_1e8vcs8._.js:776
[  268927ms] [LOG] [Fast Refresh] done in 819ms @ http://localhost:3000/_next/static/chunks/node_modules_next_dist_1e8vcs8._.js:776
[  268987ms] [LOG] [Fast Refresh] done in 819ms @ http://localhost:3000/_next/static/chunks/node_modules_next_dist_1e8vcs8._.js:776
[  269034ms] [LOG] [Fast Refresh] done in 819ms @ http://localhost:3000/_next/static/chunks/node_modules_next_dist_1e8vcs8._.js:776
[  269098ms] [LOG] [Fast Refresh] done in 819ms @ http://localhost:3000/_next/static/chunks/node_modules_next_dist_1e8vcs8._.js:776
[  269160ms] [LOG] [Fast Refresh] done in 819ms @ http://localhost:3000/_next/static/chunks/node_modules_next_dist_1e8vcs8._.js:776
[  269224ms] [LOG] [Fast Refresh] done in 819ms @ http://localhost:3000/_next/static/chunks/node_modules_next_dist_1e8vcs8._.js:776
[  269274ms] [LOG] [Fast Refresh] done in 819ms @ http://localhost:3000/_next/static/chunks/node_modules_next_dist_1e8vcs8._.js:776
[  269334ms] [LOG] [Fast Refresh] done in 819ms @ http://localhost:3000/_next/static/chunks/node_modules_next_dist_1e8vcs8._.js:776
[  269398ms] [LOG] [Fast Refresh] done in 819ms @ http://localhost:3000/_next/static/chunks/node_modules_next_dist_1e8vcs8._.js:776
[  269461ms] [LOG] [Fast Refresh] done in 819ms @ http://localhost:3000/_next/static/chunks/node_modules_next_dist_1e8vcs8._.js:776
[  269523ms] [LOG] [Fast Refresh] done in 819ms @ http://localhost:3000/_next/static/chunks/node_modules_next_dist_1e8vcs8._.js:776
[  269587ms] [LOG] [Fast Refresh] done in 819ms @ http://localhost:3000/_next/static/chunks/node_modules_next_dist_1e8vcs8._.js:776
[  269651ms] [LOG] [Fast Refresh] done in 819ms @ http://localhost:3000/_next/static/chunks/node_modules_next_dist_1e8vcs8._.js:776
[  269710ms] [LOG] [Fast Refresh] done in 819ms @ http://localhost:3000/_next/static/chunks/node_modules_next_dist_1e8vcs8._.js:776
[  269773ms] [LOG] [Fast Refresh] rebuilding @ http://localhost:3000/_next/static/chunks/node_modules_next_dist_1e8vcs8._.js:776
[  269874ms] [LOG] [Fast Refresh] done in 17ms @ http://localhost:3000/_next/static/chunks/node_modules_next_dist_1e8vcs8._.js:776
[  269890ms] [LOG] [Fast Refresh] rebuilding @ http://localhost:3000/_next/static/chunks/node_modules_next_dist_1e8vcs8._.js:776
[  270267ms] [LOG] [Fast Refresh] done in 22ms @ http://localhost:3000/_next/static/chunks/node_modules_next_dist_1e8vcs8._.js:776
[  270347ms] [LOG] [Fast Refresh] done in 22ms @ http://localhost:3000/_next/static/chunks/node_modules_next_dist_1e8vcs8._.js:776
[  270471ms] [LOG] [Fast Refresh] done in 22ms @ http://localhost:3000/_next/static/chunks/node_modules_next_dist_1e8vcs8._.js:776
[  270621ms] [LOG] [Fast Refresh] done in 22ms @ http://localhost:3000/_next/static/chunks/node_modules_next_dist_1e8vcs8._.js:776
[  270701ms] [LOG] [Fast Refresh] done in 22ms @ http://localhost:3000/_next/static/chunks/node_modules_next_dist_1e8vcs8._.js:776
[  270788ms] [LOG] [Fast Refresh] done in 22ms @ http://localhost:3000/_next/static/chunks/node_modules_next_dist_1e8vcs8._.js:776
[  270932ms] [LOG] [Fast Refresh] done in 22ms @ http://localhost:3000/_next/static/chunks/node_modules_next_dist_1e8vcs8._.js:776
[  271047ms] [LOG] [Fast Refresh] done in 22ms @ http://localhost:3000/_next/static/chunks/node_modules_next_dist_1e8vcs8._.js:776
[  271352ms] [LOG] [Fast Refresh] done in 22ms @ http://localhost:3000/_next/static/chunks/node_modules_next_dist_1e8vcs8._.js:776
[  271425ms] [LOG] [Fast Refresh] done in 22ms @ http://localhost:3000/_next/static/chunks/node_modules_next_dist_1e8vcs8._.js:776
[  271499ms] [LOG] [Fast Refresh] done in 22ms @ http://localhost:3000/_next/static/chunks/node_modules_next_dist_1e8vcs8._.js:776
[  271539ms] [LOG] [Fast Refresh] done in 22ms @ http://localhost:3000/_next/static/chunks/node_modules_next_dist_1e8vcs8._.js:776
[  271595ms] [LOG] [Fast Refresh] done in 22ms @ http://localhost:3000/_next/static/chunks/node_modules_next_dist_1e8vcs8._.js:776
[  271649ms] [LOG] [Fast Refresh] done in 22ms @ http://localhost:3000/_next/static/chunks/node_modules_next_dist_1e8vcs8._.js:776
[  271722ms] [LOG] [Fast Refresh] done in 22ms @ http://localhost:3000/_next/static/chunks/node_modules_next_dist_1e8vcs8._.js:776
[  271785ms] [LOG] [Fast Refresh] done in 22ms @ http://localhost:3000/_next/static/chunks/node_modules_next_dist_1e8vcs8._.js:776
[  271838ms] [LOG] [Fast Refresh] done in 22ms @ http://localhost:3000/_next/static/chunks/node_modules_next_dist_1e8vcs8._.js:776
[  271887ms] [LOG] [Fast Refresh] done in 22ms @ http://localhost:3000/_next/static/chunks/node_modules_next_dist_1e8vcs8._.js:776
[  271934ms] [LOG] [Fast Refresh] done in 22ms @ http://localhost:3000/_next/static/chunks/node_modules_next_dist_1e8vcs8._.js:776
[  271982ms] [LOG] [Fast Refresh] done in 22ms @ http://localhost:3000/_next/static/chunks/node_modules_next_dist_1e8vcs8._.js:776
[  272045ms] [LOG] [Fast Refresh] done in 22ms @ http://localhost:3000/_next/static/chunks/node_modules_next_dist_1e8vcs8._.js:776
[  272110ms] [LOG] [Fast Refresh] done in 22ms @ http://localhost:3000/_next/static/chunks/node_modules_next_dist_1e8vcs8._.js:776
[  272179ms] [LOG] [Fast Refresh] done in 22ms @ http://localhost:3000/_next/static/chunks/node_modules_next_dist_1e8vcs8._.js:776
[  272232ms] [LOG] [Fast Refresh] done in 22ms @ http://localhost:3000/_next/static/chunks/node_modules_next_dist_1e8vcs8._.js:776
[  272294ms] [LOG] [Fast Refresh] done in 22ms @ http://localhost:3000/_next/static/chunks/node_modules_next_dist_1e8vcs8._.js:776
[  272342ms] [LOG] [Fast Refresh] done in 22ms @ http://localhost:3000/_next/static/chunks/node_modules_next_dist_1e8vcs8._.js:776
[  272408ms] [LOG] [Fast Refresh] done in 22ms @ http://localhost:3000/_next/static/chunks/node_modules_next_dist_1e8vcs8._.js:776
[  272469ms] [LOG] [Fast Refresh] done in 22ms @ http://localhost:3000/_next/static/chunks/node_modules_next_dist_1e8vcs8._.js:776
[  272531ms] [LOG] [Fast Refresh] done in 22ms @ http://localhost:3000/_next/static/chunks/node_modules_next_dist_1e8vcs8._.js:776
[  272593ms] [LOG] [Fast Refresh] done in 22ms @ http://localhost:3000/_next/static/chunks/node_modules_next_dist_1e8vcs8._.js:776
[  272657ms] [LOG] [Fast Refresh] done in 22ms @ http://localhost:3000/_next/static/chunks/node_modules_next_dist_1e8vcs8._.js:776
[  272719ms] [LOG] [Fast Refresh] done in 22ms @ http://localhost:3000/_next/static/chunks/node_modules_next_dist_1e8vcs8._.js:776
[  272782ms] [LOG] [Fast Refresh] done in 22ms @ http://localhost:3000/_next/static/chunks/node_modules_next_dist_1e8vcs8._.js:776
[  272847ms] [LOG] [Fast Refresh] done in 22ms @ http://localhost:3000/_next/static/chunks/node_modules_next_dist_1e8vcs8._.js:776
[  272908ms] [LOG] [Fast Refresh] done in 22ms @ http://localhost:3000/_next/static/chunks/node_modules_next_dist_1e8vcs8._.js:776
[  272971ms] [LOG] [Fast Refresh] done in 22ms @ http://localhost:3000/_next/static/chunks/node_modules_next_dist_1e8vcs8._.js:776
[  273034ms] [LOG] [Fast Refresh] done in 22ms @ http://localhost:3000/_next/static/chunks/node_modules_next_dist_1e8vcs8._.js:776
[  273099ms] [LOG] [Fast Refresh] done in 22ms @ http://localhost:3000/_next/static/chunks/node_modules_next_dist_1e8vcs8._.js:776
[  273165ms] [LOG] [Fast Refresh] done in 22ms @ http://localhost:3000/_next/static/chunks/node_modules_next_dist_1e8vcs8._.js:776
[  273223ms] [LOG] [Fast Refresh] done in 22ms @ http://localhost:3000/_next/static/chunks/node_modules_next_dist_1e8vcs8._.js:776
[  273287ms] [LOG] [Fast Refresh] done in 22ms @ http://localhost:3000/_next/static/chunks/node_modules_next_dist_1e8vcs8._.js:776
[  273353ms] [LOG] [Fast Refresh] done in 22ms @ http://localhost:3000/_next/static/chunks/node_modules_next_dist_1e8vcs8._.js:776
[  273417ms] [LOG] [Fast Refresh] done in 22ms @ http://localhost:3000/_next/static/chunks/node_modules_next_dist_1e8vcs8._.js:776
[  273478ms] [LOG] [Fast Refresh] done in 22ms @ http://localhost:3000/_next/static/chunks/node_modules_next_dist_1e8vcs8._.js:776
[  273542ms] [LOG] [Fast Refresh] done in 22ms @ http://localhost:3000/_next/static/chunks/node_modules_next_dist_1e8vcs8._.js:776
[  273588ms] [LOG] [Fast Refresh] done in 22ms @ http://localhost:3000/_next/static/chunks/node_modules_next_dist_1e8vcs8._.js:776
[  273653ms] [LOG] [Fast Refresh] done in 22ms @ http://localhost:3000/_next/static/chunks/node_modules_next_dist_1e8vcs8._.js:776
[  273714ms] [LOG] [Fast Refresh] done in 22ms @ http://localhost:3000/_next/static/chunks/node_modules_next_dist_1e8vcs8._.js:776
[  273777ms] [LOG] [Fast Refresh] done in 22ms @ http://localhost:3000/_next/static/chunks/node_modules_next_dist_1e8vcs8._.js:776
[  273838ms] [LOG] [Fast Refresh] done in 22ms @ http://localhost:3000/_next/static/chunks/node_modules_next_dist_1e8vcs8._.js:776
[  273886ms] [LOG] [Fast Refresh] done in 22ms @ http://localhost:3000/_next/static/chunks/node_modules_next_dist_1e8vcs8._.js:776
[  273950ms] [LOG] [Fast Refresh] done in 22ms @ http://localhost:3000/_next/static/chunks/node_modules_next_dist_1e8vcs8._.js:776
[  274019ms] [LOG] [Fast Refresh] done in 22ms @ http://localhost:3000/_next/static/chunks/node_modules_next_dist_1e8vcs8._.js:776
[  274077ms] [LOG] [Fast Refresh] done in 22ms @ http://localhost:3000/_next/static/chunks/node_modules_next_dist_1e8vcs8._.js:776
[  274139ms] [LOG] [Fast Refresh] done in 22ms @ http://localhost:3000/_next/static/chunks/node_modules_next_dist_1e8vcs8._.js:776
[  274202ms] [LOG] [Fast Refresh] done in 22ms @ http://localhost:3000/_next/static/chunks/node_modules_next_dist_1e8vcs8._.js:776
[  274281ms] [LOG] [Fast Refresh] done in 22ms @ http://localhost:3000/_next/static/chunks/node_modules_next_dist_1e8vcs8._.js:776
[  274343ms] [LOG] [Fast Refresh] done in 22ms @ http://localhost:3000/_next/static/chunks/node_modules_next_dist_1e8vcs8._.js:776
[  274393ms] [LOG] [Fast Refresh] done in 22ms @ http://localhost:3000/_next/static/chunks/node_modules_next_dist_1e8vcs8._.js:776
[  274439ms] [LOG] [Fast Refresh] done in 22ms @ http://localhost:3000/_next/static/chunks/node_modules_next_dist_1e8vcs8._.js:776
[  274503ms] [LOG] [Fast Refresh] done in 22ms @ http://localhost:3000/_next/static/chunks/node_modules_next_dist_1e8vcs8._.js:776
[  274564ms] [LOG] [Fast Refresh] done in 22ms @ http://localhost:3000/_next/static/chunks/node_modules_next_dist_1e8vcs8._.js:776
[  274629ms] [LOG] [Fast Refresh] done in 22ms @ http://localhost:3000/_next/static/chunks/node_modules_next_dist_1e8vcs8._.js:776
[  274693ms] [LOG] [Fast Refresh] done in 22ms @ http://localhost:3000/_next/static/chunks/node_modules_next_dist_1e8vcs8._.js:776
[  274756ms] [LOG] [Fast Refresh] done in 22ms @ http://localhost:3000/_next/static/chunks/node_modules_next_dist_1e8vcs8._.js:776
[  274803ms] [LOG] [Fast Refresh] done in 22ms @ http://localhost:3000/_next/static/chunks/node_modules_next_dist_1e8vcs8._.js:776
[  274850ms] [LOG] [Fast Refresh] done in 22ms @ http://localhost:3000/_next/static/chunks/node_modules_next_dist_1e8vcs8._.js:776
[  274899ms] [LOG] [Fast Refresh] done in 22ms @ http://localhost:3000/_next/static/chunks/node_modules_next_dist_1e8vcs8._.js:776
[  274965ms] [LOG] [Fast Refresh] done in 22ms @ http://localhost:3000/_next/static/chunks/node_modules_next_dist_1e8vcs8._.js:776
[  275022ms] [LOG] [Fast Refresh] done in 22ms @ http://localhost:3000/_next/static/chunks/node_modules_next_dist_1e8vcs8._.js:776
[  275086ms] [LOG] [Fast Refresh] done in 22ms @ http://localhost:3000/_next/static/chunks/node_modules_next_dist_1e8vcs8._.js:776
[  275135ms] [LOG] [Fast Refresh] done in 22ms @ http://localhost:3000/_next/static/chunks/node_modules_next_dist_1e8vcs8._.js:776
[  275195ms] [LOG] [Fast Refresh] done in 22ms @ http://localhost:3000/_next/static/chunks/node_modules_next_dist_1e8vcs8._.js:776
[  275258ms] [LOG] [Fast Refresh] done in 22ms @ http://localhost:3000/_next/static/chunks/node_modules_next_dist_1e8vcs8._.js:776
[  275320ms] [LOG] [Fast Refresh] done in 22ms @ http://localhost:3000/_next/static/chunks/node_modules_next_dist_1e8vcs8._.js:776
[  275382ms] [LOG] [Fast Refresh] done in 22ms @ http://localhost:3000/_next/static/chunks/node_modules_next_dist_1e8vcs8._.js:776
[  275445ms] [LOG] [Fast Refresh] done in 22ms @ http://localhost:3000/_next/static/chunks/node_modules_next_dist_1e8vcs8._.js:776
[  275508ms] [LOG] [Fast Refresh] done in 22ms @ http://localhost:3000/_next/static/chunks/node_modules_next_dist_1e8vcs8._.js:776
[  275570ms] [LOG] [Fast Refresh] done in 22ms @ http://localhost:3000/_next/static/chunks/node_modules_next_dist_1e8vcs8._.js:776
[  275618ms] [LOG] [Fast Refresh] done in 22ms @ http://localhost:3000/_next/static/chunks/node_modules_next_dist_1e8vcs8._.js:776
[  275666ms] [LOG] [Fast Refresh] done in 22ms @ http://localhost:3000/_next/static/chunks/node_modules_next_dist_1e8vcs8._.js:776
[  275729ms] [LOG] [Fast Refresh] done in 22ms @ http://localhost:3000/_next/static/chunks/node_modules_next_dist_1e8vcs8._.js:776
[  275792ms] [LOG] [Fast Refresh] done in 22ms @ http://localhost:3000/_next/static/chunks/node_modules_next_dist_1e8vcs8._.js:776
[  275854ms] [LOG] [Fast Refresh] done in 22ms @ http://localhost:3000/_next/static/chunks/node_modules_next_dist_1e8vcs8._.js:776
[  275917ms] [LOG] [Fast Refresh] done in 22ms @ http://localhost:3000/_next/static/chunks/node_modules_next_dist_1e8vcs8._.js:776
[  275980ms] [LOG] [Fast Refresh] done in 22ms @ http://localhost:3000/_next/static/chunks/node_modules_next_dist_1e8vcs8._.js:776
[  276041ms] [LOG] [Fast Refresh] done in 22ms @ http://localhost:3000/_next/static/chunks/node_modules_next_dist_1e8vcs8._.js:776
[  276088ms] [LOG] [Fast Refresh] done in 22ms @ http://localhost:3000/_next/static/chunks/node_modules_next_dist_1e8vcs8._.js:776
[  276151ms] [LOG] [Fast Refresh] done in 22ms @ http://localhost:3000/_next/static/chunks/node_modules_next_dist_1e8vcs8._.js:776
[  276215ms] [LOG] [Fast Refresh] done in 22ms @ http://localhost:3000/_next/static/chunks/node_modules_next_dist_1e8vcs8._.js:776
[  276278ms] [LOG] [Fast Refresh] done in 22ms @ http://localhost:3000/_next/static/chunks/node_modules_next_dist_1e8vcs8._.js:776
[  276330ms] [LOG] [Fast Refresh] done in 22ms @ http://localhost:3000/_next/static/chunks/node_modules_next_dist_1e8vcs8._.js:776
[  276374ms] [LOG] [Fast Refresh] done in 22ms @ http://localhost:3000/_next/static/chunks/node_modules_next_dist_1e8vcs8._.js:776
[  276436ms] [LOG] [Fast Refresh] done in 22ms @ http://localhost:3000/_next/static/chunks/node_modules_next_dist_1e8vcs8._.js:776
[  276499ms] [LOG] [Fast Refresh] done in 22ms @ http://localhost:3000/_next/static/chunks/node_modules_next_dist_1e8vcs8._.js:776
[  276568ms] [LOG] [Fast Refresh] done in 22ms @ http://localhost:3000/_next/static/chunks/node_modules_next_dist_1e8vcs8._.js:776
[  276628ms] [LOG] [Fast Refresh] done in 22ms @ http://localhost:3000/_next/static/chunks/node_modules_next_dist_1e8vcs8._.js:776
[  276690ms] [LOG] [Fast Refresh] done in 22ms @ http://localhost:3000/_next/static/chunks/node_modules_next_dist_1e8vcs8._.js:776
[  276737ms] [LOG] [Fast Refresh] done in 22ms @ http://localhost:3000/_next/static/chunks/node_modules_next_dist_1e8vcs8._.js:776
[  276806ms] [LOG] [Fast Refresh] done in 22ms @ http://localhost:3000/_next/static/chunks/node_modules_next_dist_1e8vcs8._.js:776
[  276865ms] [LOG] [Fast Refresh] done in 22ms @ http://localhost:3000/_next/static/chunks/node_modules_next_dist_1e8vcs8._.js:776
[  276928ms] [LOG] [Fast Refresh] done in 22ms @ http://localhost:3000/_next/static/chunks/node_modules_next_dist_1e8vcs8._.js:776
[  277006ms] [LOG] [Fast Refresh] done in 22ms @ http://localhost:3000/_next/static/chunks/node_modules_next_dist_1e8vcs8._.js:776
[  277069ms] [LOG] [Fast Refresh] done in 22ms @ http://localhost:3000/_next/static/chunks/node_modules_next_dist_1e8vcs8._.js:776
[  277135ms] [LOG] [Fast Refresh] done in 22ms @ http://localhost:3000/_next/static/chunks/node_modules_next_dist_1e8vcs8._.js:776
[  277669ms] [LOG] [Fast Refresh] done in 22ms @ http://localhost:3000/_next/static/chunks/node_modules_next_dist_1e8vcs8._.js:776
[  277735ms] [LOG] [Fast Refresh] done in 22ms @ http://localhost:3000/_next/static/chunks/node_modules_next_dist_1e8vcs8._.js:776
[  277799ms] [LOG] [Fast Refresh] done in 22ms @ http://localhost:3000/_next/static/chunks/node_modules_next_dist_1e8vcs8._.js:776
[  277864ms] [LOG] [Fast Refresh] done in 22ms @ http://localhost:3000/_next/static/chunks/node_modules_next_dist_1e8vcs8._.js:776
[  277922ms] [LOG] [Fast Refresh] done in 22ms @ http://localhost:3000/_next/static/chunks/node_modules_next_dist_1e8vcs8._.js:776
[  277985ms] [LOG] [Fast Refresh] done in 22ms @ http://localhost:3000/_next/static/chunks/node_modules_next_dist_1e8vcs8._.js:776
[  278035ms] [LOG] [Fast Refresh] done in 22ms @ http://localhost:3000/_next/static/chunks/node_modules_next_dist_1e8vcs8._.js:776
[  278102ms] [LOG] [Fast Refresh] done in 22ms @ http://localhost:3000/_next/static/chunks/node_modules_next_dist_1e8vcs8._.js:776
[  278161ms] [LOG] [Fast Refresh] done in 22ms @ http://localhost:3000/_next/static/chunks/node_modules_next_dist_1e8vcs8._.js:776
[  278213ms] [LOG] [Fast Refresh] done in 22ms @ http://localhost:3000/_next/static/chunks/node_modules_next_dist_1e8vcs8._.js:776
[  278269ms] [LOG] [Fast Refresh] done in 22ms @ http://localhost:3000/_next/static/chunks/node_modules_next_dist_1e8vcs8._.js:776
[  278425ms] [LOG] [Fast Refresh] done in 22ms @ http://localhost:3000/_next/static/chunks/node_modules_next_dist_1e8vcs8._.js:776
[  278505ms] [LOG] [Fast Refresh] done in 22ms @ http://localhost:3000/_next/static/chunks/node_modules_next_dist_1e8vcs8._.js:776
[  278571ms] [LOG] [Fast Refresh] done in 22ms @ http://localhost:3000/_next/static/chunks/node_modules_next_dist_1e8vcs8._.js:776
[  278633ms] [LOG] [Fast Refresh] done in 22ms @ http://localhost:3000/_next/static/chunks/node_modules_next_dist_1e8vcs8._.js:776
[  278705ms] [LOG] [Fast Refresh] done in 22ms @ http://localhost:3000/_next/static/chunks/node_modules_next_dist_1e8vcs8._.js:776
[  278759ms] [LOG] [Fast Refresh] done in 22ms @ http://localhost:3000/_next/static/chunks/node_modules_next_dist_1e8vcs8._.js:776
[  278814ms] [LOG] [Fast Refresh] done in 22ms @ http://localhost:3000/_next/static/chunks/node_modules_next_dist_1e8vcs8._.js:776
[  278854ms] [LOG] [Fast Refresh] done in 22ms @ http://localhost:3000/_next/static/chunks/node_modules_next_dist_1e8vcs8._.js:776
[  278917ms] [LOG] [Fast Refresh] done in 22ms @ http://localhost:3000/_next/static/chunks/node_modules_next_dist_1e8vcs8._.js:776
[  278979ms] [LOG] [Fast Refresh] done in 22ms @ http://localhost:3000/_next/static/chunks/node_modules_next_dist_1e8vcs8._.js:776
[  279043ms] [LOG] [Fast Refresh] done in 22ms @ http://localhost:3000/_next/static/chunks/node_modules_next_dist_1e8vcs8._.js:776
[  279105ms] [LOG] [Fast Refresh] done in 22ms @ http://localhost:3000/_next/static/chunks/node_modules_next_dist_1e8vcs8._.js:776
[  279167ms] [LOG] [Fast Refresh] done in 22ms @ http://localhost:3000/_next/static/chunks/node_modules_next_dist_1e8vcs8._.js:776
[  279234ms] [LOG] [Fast Refresh] done in 22ms @ http://localhost:3000/_next/static/chunks/node_modules_next_dist_1e8vcs8._.js:776
[  279292ms] [LOG] [Fast Refresh] done in 22ms @ http://localhost:3000/_next/static/chunks/node_modules_next_dist_1e8vcs8._.js:776
[  279354ms] [LOG] [Fast Refresh] done in 22ms @ http://localhost:3000/_next/static/chunks/node_modules_next_dist_1e8vcs8._.js:776
[  279421ms] [LOG] [Fast Refresh] done in 22ms @ http://localhost:3000/_next/static/chunks/node_modules_next_dist_1e8vcs8._.js:776
[  279481ms] [LOG] [Fast Refresh] done in 22ms @ http://localhost:3000/_next/static/chunks/node_modules_next_dist_1e8vcs8._.js:776
[  279545ms] [LOG] [Fast Refresh] done in 22ms @ http://localhost:3000/_next/static/chunks/node_modules_next_dist_1e8vcs8._.js:776
[  279671ms] [LOG] [Fast Refresh] done in 22ms @ http://localhost:3000/_next/static/chunks/node_modules_next_dist_1e8vcs8._.js:776
[  279751ms] [LOG] [Fast Refresh] done in 22ms @ http://localhost:3000/_next/static/chunks/node_modules_next_dist_1e8vcs8._.js:776
[  279818ms] [LOG] [Fast Refresh] done in 22ms @ http://localhost:3000/_next/static/chunks/node_modules_next_dist_1e8vcs8._.js:776
[  279877ms] [LOG] [Fast Refresh] done in 22ms @ http://localhost:3000/_next/static/chunks/node_modules_next_dist_1e8vcs8._.js:776
[  279941ms] [LOG] [Fast Refresh] done in 22ms @ http://localhost:3000/_next/static/chunks/node_modules_next_dist_1e8vcs8._.js:776
[  280003ms] [LOG] [Fast Refresh] done in 22ms @ http://localhost:3000/_next/static/chunks/node_modules_next_dist_1e8vcs8._.js:776
[  280067ms] [LOG] [Fast Refresh] done in 22ms @ http://localhost:3000/_next/static/chunks/node_modules_next_dist_1e8vcs8._.js:776
[  280135ms] [LOG] [Fast Refresh] done in 22ms @ http://localhost:3000/_next/static/chunks/node_modules_next_dist_1e8vcs8._.js:776
[  280193ms] [LOG] [Fast Refresh] done in 22ms @ http://localhost:3000/_next/static/chunks/node_modules_next_dist_1e8vcs8._.js:776
[  280255ms] [LOG] [Fast Refresh] done in 22ms @ http://localhost:3000/_next/static/chunks/node_modules_next_dist_1e8vcs8._.js:776
[  280319ms] [LOG] [Fast Refresh] done in 22ms @ http://localhost:3000/_next/static/chunks/node_modules_next_dist_1e8vcs8._.js:776
[  280380ms] [LOG] [Fast Refresh] done in 22ms @ http://localhost:3000/_next/static/chunks/node_modules_next_dist_1e8vcs8._.js:776
[  280459ms] [LOG] [Fast Refresh] done in 22ms @ http://localhost:3000/_next/static/chunks/node_modules_next_dist_1e8vcs8._.js:776
[  280538ms] [LOG] [Fast Refresh] done in 22ms @ http://localhost:3000/_next/static/chunks/node_modules_next_dist_1e8vcs8._.js:776
[  280600ms] [LOG] [Fast Refresh] done in 22ms @ http://localhost:3000/_next/static/chunks/node_modules_next_dist_1e8vcs8._.js:776
[  280648ms] [LOG] [Fast Refresh] done in 22ms @ http://localhost:3000/_next/static/chunks/node_modules_next_dist_1e8vcs8._.js:776
[  280729ms] [LOG] [Fast Refresh] done in 22ms @ http://localhost:3000/_next/static/chunks/node_modules_next_dist_1e8vcs8._.js:776
[  280806ms] [LOG] [Fast Refresh] done in 22ms @ http://localhost:3000/_next/static/chunks/node_modules_next_dist_1e8vcs8._.js:776
[  280866ms] [LOG] [Fast Refresh] done in 22ms @ http://localhost:3000/_next/static/chunks/node_modules_next_dist_1e8vcs8._.js:776
[  280932ms] [LOG] [Fast Refresh] done in 22ms @ http://localhost:3000/_next/static/chunks/node_modules_next_dist_1e8vcs8._.js:776
[  280991ms] [LOG] [Fast Refresh] done in 22ms @ http://localhost:3000/_next/static/chunks/node_modules_next_dist_1e8vcs8._.js:776
[  281054ms] [LOG] [Fast Refresh] done in 22ms @ http://localhost:3000/_next/static/chunks/node_modules_next_dist_1e8vcs8._.js:776
[  281119ms] [LOG] [Fast Refresh] done in 22ms @ http://localhost:3000/_next/static/chunks/node_modules_next_dist_1e8vcs8._.js:776
[  281179ms] [LOG] [Fast Refresh] done in 22ms @ http://localhost:3000/_next/static/chunks/node_modules_next_dist_1e8vcs8._.js:776
[  281241ms] [LOG] [Fast Refresh] done in 22ms @ http://localhost:3000/_next/static/chunks/node_modules_next_dist_1e8vcs8._.js:776
[  281307ms] [LOG] [Fast Refresh] done in 22ms @ http://localhost:3000/_next/static/chunks/node_modules_next_dist_1e8vcs8._.js:776
[  281369ms] [LOG] [Fast Refresh] done in 22ms @ http://localhost:3000/_next/static/chunks/node_modules_next_dist_1e8vcs8._.js:776
[  281430ms] [LOG] [Fast Refresh] done in 22ms @ http://localhost:3000/_next/static/chunks/node_modules_next_dist_1e8vcs8._.js:776
[  281494ms] [LOG] [Fast Refresh] done in 22ms @ http://localhost:3000/_next/static/chunks/node_modules_next_dist_1e8vcs8._.js:776
[  281606ms] [LOG] [Fast Refresh] done in 22ms @ http://localhost:3000/_next/static/chunks/node_modules_next_dist_1e8vcs8._.js:776
[  281665ms] [LOG] [Fast Refresh] done in 22ms @ http://localhost:3000/_next/static/chunks/node_modules_next_dist_1e8vcs8._.js:776
[  281729ms] [LOG] [Fast Refresh] done in 22ms @ http://localhost:3000/_next/static/chunks/node_modules_next_dist_1e8vcs8._.js:776
[  281871ms] [LOG] [Fast Refresh] done in 22ms @ http://localhost:3000/_next/static/chunks/node_modules_next_dist_1e8vcs8._.js:776
[  281932ms] [LOG] [Fast Refresh] done in 22ms @ http://localhost:3000/_next/static/chunks/node_modules_next_dist_1e8vcs8._.js:776
[  281997ms] [LOG] [Fast Refresh] done in 22ms @ http://localhost:3000/_next/static/chunks/node_modules_next_dist_1e8vcs8._.js:776
[  282057ms] [LOG] [Fast Refresh] done in 22ms @ http://localhost:3000/_next/static/chunks/node_modules_next_dist_1e8vcs8._.js:776
[  282129ms] [LOG] [Fast Refresh] done in 22ms @ http://localhost:3000/_next/static/chunks/node_modules_next_dist_1e8vcs8._.js:776
[  282183ms] [LOG] [Fast Refresh] done in 22ms @ http://localhost:3000/_next/static/chunks/node_modules_next_dist_1e8vcs8._.js:776
[  282245ms] [LOG] [Fast Refresh] done in 22ms @ http://localhost:3000/_next/static/chunks/node_modules_next_dist_1e8vcs8._.js:776
[  282293ms] [LOG] [Fast Refresh] done in 22ms @ http://localhost:3000/_next/static/chunks/node_modules_next_dist_1e8vcs8._.js:776
[  282370ms] [LOG] [Fast Refresh] done in 22ms @ http://localhost:3000/_next/static/chunks/node_modules_next_dist_1e8vcs8._.js:776
[  282432ms] [LOG] [Fast Refresh] done in 22ms @ http://localhost:3000/_next/static/chunks/node_modules_next_dist_1e8vcs8._.js:776
[  282494ms] [LOG] [Fast Refresh] done in 22ms @ http://localhost:3000/_next/static/chunks/node_modules_next_dist_1e8vcs8._.js:776
[  282578ms] [LOG] [Fast Refresh] done in 22ms @ http://localhost:3000/_next/static/chunks/node_modules_next_dist_1e8vcs8._.js:776
[  282634ms] [LOG] [Fast Refresh] done in 22ms @ http://localhost:3000/_next/static/chunks/node_modules_next_dist_1e8vcs8._.js:776
[  282697ms] [LOG] [Fast Refresh] done in 22ms @ http://localhost:3000/_next/static/chunks/node_modules_next_dist_1e8vcs8._.js:776
[  282759ms] [LOG] [Fast Refresh] done in 22ms @ http://localhost:3000/_next/static/chunks/node_modules_next_dist_1e8vcs8._.js:776
[  282824ms] [LOG] [Fast Refresh] done in 22ms @ http://localhost:3000/_next/static/chunks/node_modules_next_dist_1e8vcs8._.js:776
[  282886ms] [LOG] [Fast Refresh] done in 22ms @ http://localhost:3000/_next/static/chunks/node_modules_next_dist_1e8vcs8._.js:776
[  282951ms] [LOG] [Fast Refresh] done in 22ms @ http://localhost:3000/_next/static/chunks/node_modules_next_dist_1e8vcs8._.js:776
[  283009ms] [LOG] [Fast Refresh] done in 22ms @ http://localhost:3000/_next/static/chunks/node_modules_next_dist_1e8vcs8._.js:776
[  283077ms] [LOG] [Fast Refresh] done in 22ms @ http://localhost:3000/_next/static/chunks/node_modules_next_dist_1e8vcs8._.js:776
[  283137ms] [LOG] [Fast Refresh] done in 22ms @ http://localhost:3000/_next/static/chunks/node_modules_next_dist_1e8vcs8._.js:776
[  283200ms] [LOG] [Fast Refresh] done in 22ms @ http://localhost:3000/_next/static/chunks/node_modules_next_dist_1e8vcs8._.js:776
[  283280ms] [LOG] [Fast Refresh] done in 22ms @ http://localhost:3000/_next/static/chunks/node_modules_next_dist_1e8vcs8._.js:776
[  283378ms] [LOG] [Fast Refresh] done in 22ms @ http://localhost:3000/_next/static/chunks/node_modules_next_dist_1e8vcs8._.js:776
[  283434ms] [LOG] [Fast Refresh] done in 22ms @ http://localhost:3000/_next/static/chunks/node_modules_next_dist_1e8vcs8._.js:776
[  283498ms] [LOG] [Fast Refresh] done in 22ms @ http://localhost:3000/_next/static/chunks/node_modules_next_dist_1e8vcs8._.js:776
[  283562ms] [LOG] [Fast Refresh] done in 22ms @ http://localhost:3000/_next/static/chunks/node_modules_next_dist_1e8vcs8._.js:776
[  283626ms] [LOG] [Fast Refresh] done in 22ms @ http://localhost:3000/_next/static/chunks/node_modules_next_dist_1e8vcs8._.js:776
[  283690ms] [LOG] [Fast Refresh] done in 22ms @ http://localhost:3000/_next/static/chunks/node_modules_next_dist_1e8vcs8._.js:776
[  283773ms] [LOG] [Fast Refresh] done in 22ms @ http://localhost:3000/_next/static/chunks/node_modules_next_dist_1e8vcs8._.js:776
[  283831ms] [LOG] [Fast Refresh] done in 22ms @ http://localhost:3000/_next/static/chunks/node_modules_next_dist_1e8vcs8._.js:776
[  283909ms] [LOG] [Fast Refresh] done in 22ms @ http://localhost:3000/_next/static/chunks/node_modules_next_dist_1e8vcs8._.js:776
[  283975ms] [LOG] [Fast Refresh] done in 22ms @ http://localhost:3000/_next/static/chunks/node_modules_next_dist_1e8vcs8._.js:776
[  284051ms] [LOG] [Fast Refresh] done in 22ms @ http://localhost:3000/_next/static/chunks/node_modules_next_dist_1e8vcs8._.js:776
[  284115ms] [LOG] [Fast Refresh] done in 22ms @ http://localhost:3000/_next/static/chunks/node_modules_next_dist_1e8vcs8._.js:776
[  284181ms] [LOG] [Fast Refresh] done in 22ms @ http://localhost:3000/_next/static/chunks/node_modules_next_dist_1e8vcs8._.js:776
[  284241ms] [LOG] [Fast Refresh] done in 22ms @ http://localhost:3000/_next/static/chunks/node_modules_next_dist_1e8vcs8._.js:776
[  284304ms] [LOG] [Fast Refresh] done in 22ms @ http://localhost:3000/_next/static/chunks/node_modules_next_dist_1e8vcs8._.js:776
[  284367ms] [LOG] [Fast Refresh] done in 22ms @ http://localhost:3000/_next/static/chunks/node_modules_next_dist_1e8vcs8._.js:776
[  284447ms] [LOG] [Fast Refresh] done in 22ms @ http://localhost:3000/_next/static/chunks/node_modules_next_dist_1e8vcs8._.js:776
[  284511ms] [LOG] [Fast Refresh] done in 22ms @ http://localhost:3000/_next/static/chunks/node_modules_next_dist_1e8vcs8._.js:776
[  284578ms] [LOG] [Fast Refresh] done in 22ms @ http://localhost:3000/_next/static/chunks/node_modules_next_dist_1e8vcs8._.js:776
[  284637ms] [LOG] [Fast Refresh] done in 22ms @ http://localhost:3000/_next/static/chunks/node_modules_next_dist_1e8vcs8._.js:776
[  284698ms] [LOG] [Fast Refresh] done in 22ms @ http://localhost:3000/_next/static/chunks/node_modules_next_dist_1e8vcs8._.js:776
[  284760ms] [LOG] [Fast Refresh] done in 22ms @ http://localhost:3000/_next/static/chunks/node_modules_next_dist_1e8vcs8._.js:776
[  284831ms] [LOG] [Fast Refresh] done in 22ms @ http://localhost:3000/_next/static/chunks/node_modules_next_dist_1e8vcs8._.js:776
[  284900ms] [LOG] [Fast Refresh] done in 22ms @ http://localhost:3000/_next/static/chunks/node_modules_next_dist_1e8vcs8._.js:776
[  284964ms] [LOG] [Fast Refresh] done in 22ms @ http://localhost:3000/_next/static/chunks/node_modules_next_dist_1e8vcs8._.js:776
[  285029ms] [LOG] [Fast Refresh] done in 22ms @ http://localhost:3000/_next/static/chunks/node_modules_next_dist_1e8vcs8._.js:776
[  285091ms] [LOG] [Fast Refresh] done in 22ms @ http://localhost:3000/_next/static/chunks/node_modules_next_dist_1e8vcs8._.js:776
[  285172ms] [LOG] [Fast Refresh] done in 22ms @ http://localhost:3000/_next/static/chunks/node_modules_next_dist_1e8vcs8._.js:776
[  285234ms] [LOG] [Fast Refresh] done in 22ms @ http://localhost:3000/_next/static/chunks/node_modules_next_dist_1e8vcs8._.js:776
[  285300ms] [LOG] [Fast Refresh] done in 22ms @ http://localhost:3000/_next/static/chunks/node_modules_next_dist_1e8vcs8._.js:776
[  285359ms] [LOG] [Fast Refresh] done in 22ms @ http://localhost:3000/_next/static/chunks/node_modules_next_dist_1e8vcs8._.js:776
[  285422ms] [LOG] [Fast Refresh] done in 22ms @ http://localhost:3000/_next/static/chunks/node_modules_next_dist_1e8vcs8._.js:776
[  285488ms] [LOG] [Fast Refresh] done in 22ms @ http://localhost:3000/_next/static/chunks/node_modules_next_dist_1e8vcs8._.js:776
[  285548ms] [LOG] [Fast Refresh] done in 22ms @ http://localhost:3000/_next/static/chunks/node_modules_next_dist_1e8vcs8._.js:776
[  285612ms] [LOG] [Fast Refresh] done in 22ms @ http://localhost:3000/_next/static/chunks/node_modules_next_dist_1e8vcs8._.js:776
[  285673ms] [LOG] [Fast Refresh] done in 22ms @ http://localhost:3000/_next/static/chunks/node_modules_next_dist_1e8vcs8._.js:776
[  285736ms] [LOG] [Fast Refresh] done in 22ms @ http://localhost:3000/_next/static/chunks/node_modules_next_dist_1e8vcs8._.js:776
[  285783ms] [LOG] [Fast Refresh] done in 22ms @ http://localhost:3000/_next/static/chunks/node_modules_next_dist_1e8vcs8._.js:776
[  285861ms] [LOG] [Fast Refresh] done in 22ms @ http://localhost:3000/_next/static/chunks/node_modules_next_dist_1e8vcs8._.js:776
[  285907ms] [LOG] [Fast Refresh] done in 22ms @ http://localhost:3000/_next/static/chunks/node_modules_next_dist_1e8vcs8._.js:776
[  285971ms] [LOG] [Fast Refresh] done in 22ms @ http://localhost:3000/_next/static/chunks/node_modules_next_dist_1e8vcs8._.js:776
[  286034ms] [LOG] [Fast Refresh] done in 22ms @ http://localhost:3000/_next/static/chunks/node_modules_next_dist_1e8vcs8._.js:776
[  286099ms] [LOG] [Fast Refresh] done in 22ms @ http://localhost:3000/_next/static/chunks/node_modules_next_dist_1e8vcs8._.js:776
[  286161ms] [LOG] [Fast Refresh] done in 22ms @ http://localhost:3000/_next/static/chunks/node_modules_next_dist_1e8vcs8._.js:776
[  286222ms] [LOG] [Fast Refresh] done in 22ms @ http://localhost:3000/_next/static/chunks/node_modules_next_dist_1e8vcs8._.js:776
[  286285ms] [LOG] [Fast Refresh] done in 22ms @ http://localhost:3000/_next/static/chunks/node_modules_next_dist_1e8vcs8._.js:776
[  286346ms] [LOG] [Fast Refresh] done in 22ms @ http://localhost:3000/_next/static/chunks/node_modules_next_dist_1e8vcs8._.js:776
[  286415ms] [LOG] [Fast Refresh] done in 22ms @ http://localhost:3000/_next/static/chunks/node_modules_next_dist_1e8vcs8._.js:776
[  286472ms] [LOG] [Fast Refresh] done in 22ms @ http://localhost:3000/_next/static/chunks/node_modules_next_dist_1e8vcs8._.js:776
[  286536ms] [LOG] [Fast Refresh] done in 22ms @ http://localhost:3000/_next/static/chunks/node_modules_next_dist_1e8vcs8._.js:776
[  286598ms] [LOG] [Fast Refresh] done in 22ms @ http://localhost:3000/_next/static/chunks/node_modules_next_dist_1e8vcs8._.js:776
[  286662ms] [LOG] [Fast Refresh] done in 22ms @ http://localhost:3000/_next/static/chunks/node_modules_next_dist_1e8vcs8._.js:776
[  286725ms] [LOG] [Fast Refresh] done in 22ms @ http://localhost:3000/_next/static/chunks/node_modules_next_dist_1e8vcs8._.js:776
[  286786ms] [LOG] [Fast Refresh] done in 22ms @ http://localhost:3000/_next/static/chunks/node_modules_next_dist_1e8vcs8._.js:776
[  286848ms] [LOG] [Fast Refresh] done in 22ms @ http://localhost:3000/_next/static/chunks/node_modules_next_dist_1e8vcs8._.js:776
[  286911ms] [LOG] [Fast Refresh] done in 22ms @ http://localhost:3000/_next/static/chunks/node_modules_next_dist_1e8vcs8._.js:776
[  286959ms] [LOG] [Fast Refresh] done in 22ms @ http://localhost:3000/_next/static/chunks/node_modules_next_dist_1e8vcs8._.js:776
[  287021ms] [LOG] [Fast Refresh] done in 22ms @ http://localhost:3000/_next/static/chunks/node_modules_next_dist_1e8vcs8._.js:776
[  287084ms] [LOG] [Fast Refresh] done in 22ms @ http://localhost:3000/_next/static/chunks/node_modules_next_dist_1e8vcs8._.js:776
[  287146ms] [LOG] [Fast Refresh] done in 22ms @ http://localhost:3000/_next/static/chunks/node_modules_next_dist_1e8vcs8._.js:776
[  287234ms] [LOG] [Fast Refresh] done in 22ms @ http://localhost:3000/_next/static/chunks/node_modules_next_dist_1e8vcs8._.js:776
[  287302ms] [LOG] [Fast Refresh] done in 22ms @ http://localhost:3000/_next/static/chunks/node_modules_next_dist_1e8vcs8._.js:776
[  287348ms] [LOG] [Fast Refresh] done in 22ms @ http://localhost:3000/_next/static/chunks/node_modules_next_dist_1e8vcs8._.js:776
[  287413ms] [LOG] [Fast Refresh] done in 22ms @ http://localhost:3000/_next/static/chunks/node_modules_next_dist_1e8vcs8._.js:776
[  287476ms] [LOG] [Fast Refresh] done in 22ms @ http://localhost:3000/_next/static/chunks/node_modules_next_dist_1e8vcs8._.js:776
[  287537ms] [LOG] [Fast Refresh] done in 22ms @ http://localhost:3000/_next/static/chunks/node_modules_next_dist_1e8vcs8._.js:776
[  287585ms] [LOG] [Fast Refresh] done in 22ms @ http://localhost:3000/_next/static/chunks/node_modules_next_dist_1e8vcs8._.js:776
[  287697ms] [LOG] [Fast Refresh] done in 22ms @ http://localhost:3000/_next/static/chunks/node_modules_next_dist_1e8vcs8._.js:776
[  287761ms] [LOG] [Fast Refresh] done in 22ms @ http://localhost:3000/_next/static/chunks/node_modules_next_dist_1e8vcs8._.js:776
[  287820ms] [LOG] [Fast Refresh] done in 22ms @ http://localhost:3000/_next/static/chunks/node_modules_next_dist_1e8vcs8._.js:776
[  287884ms] [LOG] [Fast Refresh] done in 22ms @ http://localhost:3000/_next/static/chunks/node_modules_next_dist_1e8vcs8._.js:776
[  287948ms] [LOG] [Fast Refresh] done in 22ms @ http://localhost:3000/_next/static/chunks/node_modules_next_dist_1e8vcs8._.js:776
[  288010ms] [LOG] [Fast Refresh] done in 22ms @ http://localhost:3000/_next/static/chunks/node_modules_next_dist_1e8vcs8._.js:776
[  288075ms] [LOG] [Fast Refresh] done in 22ms @ http://localhost:3000/_next/static/chunks/node_modules_next_dist_1e8vcs8._.js:776
[  288139ms] [LOG] [Fast Refresh] done in 22ms @ http://localhost:3000/_next/static/chunks/node_modules_next_dist_1e8vcs8._.js:776
[  288197ms] [LOG] [Fast Refresh] done in 22ms @ http://localhost:3000/_next/static/chunks/node_modules_next_dist_1e8vcs8._.js:776
[  288260ms] [LOG] [Fast Refresh] done in 22ms @ http://localhost:3000/_next/static/chunks/node_modules_next_dist_1e8vcs8._.js:776
[  288356ms] [LOG] [Fast Refresh] done in 22ms @ http://localhost:3000/_next/static/chunks/node_modules_next_dist_1e8vcs8._.js:776
[  288419ms] [LOG] [Fast Refresh] done in 22ms @ http://localhost:3000/_next/static/chunks/node_modules_next_dist_1e8vcs8._.js:776
[  288481ms] [LOG] [Fast Refresh] done in 22ms @ http://localhost:3000/_next/static/chunks/node_modules_next_dist_1e8vcs8._.js:776
[  288529ms] [LOG] [Fast Refresh] done in 22ms @ http://localhost:3000/_next/static/chunks/node_modules_next_dist_1e8vcs8._.js:776
[  288579ms] [LOG] [Fast Refresh] done in 22ms @ http://localhost:3000/_next/static/chunks/node_modules_next_dist_1e8vcs8._.js:776
[  288644ms] [LOG] [Fast Refresh] done in 22ms @ http://localhost:3000/_next/static/chunks/node_modules_next_dist_1e8vcs8._.js:776
[  288701ms] [LOG] [Fast Refresh] done in 22ms @ http://localhost:3000/_next/static/chunks/node_modules_next_dist_1e8vcs8._.js:776
[  288766ms] [LOG] [Fast Refresh] done in 22ms @ http://localhost:3000/_next/static/chunks/node_modules_next_dist_1e8vcs8._.js:776
[  288849ms] [LOG] [Fast Refresh] done in 22ms @ http://localhost:3000/_next/static/chunks/node_modules_next_dist_1e8vcs8._.js:776
[  288907ms] [LOG] [Fast Refresh] done in 22ms @ http://localhost:3000/_next/static/chunks/node_modules_next_dist_1e8vcs8._.js:776
[  288972ms] [LOG] [Fast Refresh] done in 22ms @ http://localhost:3000/_next/static/chunks/node_modules_next_dist_1e8vcs8._.js:776
[  289034ms] [LOG] [Fast Refresh] done in 22ms @ http://localhost:3000/_next/static/chunks/node_modules_next_dist_1e8vcs8._.js:776
[  289096ms] [LOG] [Fast Refresh] done in 22ms @ http://localhost:3000/_next/static/chunks/node_modules_next_dist_1e8vcs8._.js:776
[  289160ms] [LOG] [Fast Refresh] done in 22ms @ http://localhost:3000/_next/static/chunks/node_modules_next_dist_1e8vcs8._.js:776
[  289238ms] [LOG] [Fast Refresh] done in 22ms @ http://localhost:3000/_next/static/chunks/node_modules_next_dist_1e8vcs8._.js:776
[  289300ms] [LOG] [Fast Refresh] done in 22ms @ http://localhost:3000/_next/static/chunks/node_modules_next_dist_1e8vcs8._.js:776
[  289362ms] [LOG] [Fast Refresh] done in 22ms @ http://localhost:3000/_next/static/chunks/node_modules_next_dist_1e8vcs8._.js:776
[  289426ms] [LOG] [Fast Refresh] done in 22ms @ http://localhost:3000/_next/static/chunks/node_modules_next_dist_1e8vcs8._.js:776
[  289488ms] [LOG] [Fast Refresh] done in 22ms @ http://localhost:3000/_next/static/chunks/node_modules_next_dist_1e8vcs8._.js:776
[  289567ms] [LOG] [Fast Refresh] done in 22ms @ http://localhost:3000/_next/static/chunks/node_modules_next_dist_1e8vcs8._.js:776
[  289628ms] [LOG] [Fast Refresh] done in 22ms @ http://localhost:3000/_next/static/chunks/node_modules_next_dist_1e8vcs8._.js:776
[  289695ms] [LOG] [Fast Refresh] done in 22ms @ http://localhost:3000/_next/static/chunks/node_modules_next_dist_1e8vcs8._.js:776
[  289800ms] [LOG] [Fast Refresh] done in 22ms @ http://localhost:3000/_next/static/chunks/node_modules_next_dist_1e8vcs8._.js:776
[  289862ms] [LOG] [Fast Refresh] done in 22ms @ http://localhost:3000/_next/static/chunks/node_modules_next_dist_1e8vcs8._.js:776
[  289927ms] [LOG] [Fast Refresh] done in 22ms @ http://localhost:3000/_next/static/chunks/node_modules_next_dist_1e8vcs8._.js:776
[  289990ms] [LOG] [Fast Refresh] done in 22ms @ http://localhost:3000/_next/static/chunks/node_modules_next_dist_1e8vcs8._.js:776
[  290051ms] [LOG] [Fast Refresh] done in 22ms @ http://localhost:3000/_next/static/chunks/node_modules_next_dist_1e8vcs8._.js:776
[  290114ms] [LOG] [Fast Refresh] done in 22ms @ http://localhost:3000/_next/static/chunks/node_modules_next_dist_1e8vcs8._.js:776
[  290183ms] [LOG] [Fast Refresh] done in 22ms @ http://localhost:3000/_next/static/chunks/node_modules_next_dist_1e8vcs8._.js:776
[  290242ms] [LOG] [Fast Refresh] done in 22ms @ http://localhost:3000/_next/static/chunks/node_modules_next_dist_1e8vcs8._.js:776
[  290304ms] [LOG] [Fast Refresh] done in 22ms @ http://localhost:3000/_next/static/chunks/node_modules_next_dist_1e8vcs8._.js:776
[  290356ms] [LOG] [Fast Refresh] done in 22ms @ http://localhost:3000/_next/static/chunks/node_modules_next_dist_1e8vcs8._.js:776
[  290416ms] [LOG] [Fast Refresh] done in 22ms @ http://localhost:3000/_next/static/chunks/node_modules_next_dist_1e8vcs8._.js:776
[  290479ms] [LOG] [Fast Refresh] done in 22ms @ http://localhost:3000/_next/static/chunks/node_modules_next_dist_1e8vcs8._.js:776
[  290543ms] [LOG] [Fast Refresh] done in 22ms @ http://localhost:3000/_next/static/chunks/node_modules_next_dist_1e8vcs8._.js:776
[  290592ms] [LOG] [Fast Refresh] done in 22ms @ http://localhost:3000/_next/static/chunks/node_modules_next_dist_1e8vcs8._.js:776
[  290655ms] [LOG] [Fast Refresh] done in 22ms @ http://localhost:3000/_next/static/chunks/node_modules_next_dist_1e8vcs8._.js:776
[  290720ms] [LOG] [Fast Refresh] done in 22ms @ http://localhost:3000/_next/static/chunks/node_modules_next_dist_1e8vcs8._.js:776
[  290781ms] [LOG] [Fast Refresh] done in 22ms @ http://localhost:3000/_next/static/chunks/node_modules_next_dist_1e8vcs8._.js:776
[  290845ms] [LOG] [Fast Refresh] done in 22ms @ http://localhost:3000/_next/static/chunks/node_modules_next_dist_1e8vcs8._.js:776
[  290922ms] [LOG] [Fast Refresh] done in 22ms @ http://localhost:3000/_next/static/chunks/node_modules_next_dist_1e8vcs8._.js:776
[  291001ms] [LOG] [Fast Refresh] done in 22ms @ http://localhost:3000/_next/static/chunks/node_modules_next_dist_1e8vcs8._.js:776
[  291063ms] [LOG] [Fast Refresh] done in 22ms @ http://localhost:3000/_next/static/chunks/node_modules_next_dist_1e8vcs8._.js:776
[  291125ms] [LOG] [Fast Refresh] done in 22ms @ http://localhost:3000/_next/static/chunks/node_modules_next_dist_1e8vcs8._.js:776
[  291189ms] [LOG] [Fast Refresh] done in 22ms @ http://localhost:3000/_next/static/chunks/node_modules_next_dist_1e8vcs8._.js:776
[  291266ms] [LOG] [Fast Refresh] done in 22ms @ http://localhost:3000/_next/static/chunks/node_modules_next_dist_1e8vcs8._.js:776
[  291328ms] [LOG] [Fast Refresh] done in 22ms @ http://localhost:3000/_next/static/chunks/node_modules_next_dist_1e8vcs8._.js:776
[  291394ms] [LOG] [Fast Refresh] done in 22ms @ http://localhost:3000/_next/static/chunks/node_modules_next_dist_1e8vcs8._.js:776
[  291474ms] [LOG] [Fast Refresh] done in 22ms @ http://localhost:3000/_next/static/chunks/node_modules_next_dist_1e8vcs8._.js:776
[  291536ms] [LOG] [Fast Refresh] done in 22ms @ http://localhost:3000/_next/static/chunks/node_modules_next_dist_1e8vcs8._.js:776
[  291597ms] [LOG] [Fast Refresh] done in 22ms @ http://localhost:3000/_next/static/chunks/node_modules_next_dist_1e8vcs8._.js:776
[  291661ms] [LOG] [Fast Refresh] done in 22ms @ http://localhost:3000/_next/static/chunks/node_modules_next_dist_1e8vcs8._.js:776
[  291737ms] [LOG] [Fast Refresh] done in 22ms @ http://localhost:3000/_next/static/chunks/node_modules_next_dist_1e8vcs8._.js:776
[  291803ms] [LOG] [Fast Refresh] done in 22ms @ http://localhost:3000/_next/static/chunks/node_modules_next_dist_1e8vcs8._.js:776
[  291870ms] [LOG] [Fast Refresh] done in 22ms @ http://localhost:3000/_next/static/chunks/node_modules_next_dist_1e8vcs8._.js:776
[  291930ms] [LOG] [Fast Refresh] done in 22ms @ http://localhost:3000/_next/static/chunks/node_modules_next_dist_1e8vcs8._.js:776
[  291977ms] [LOG] [Fast Refresh] done in 22ms @ http://localhost:3000/_next/static/chunks/node_modules_next_dist_1e8vcs8._.js:776
[  292040ms] [LOG] [Fast Refresh] done in 22ms @ http://localhost:3000/_next/static/chunks/node_modules_next_dist_1e8vcs8._.js:776
[  292104ms] [LOG] [Fast Refresh] done in 22ms @ http://localhost:3000/_next/static/chunks/node_modules_next_dist_1e8vcs8._.js:776
[  292164ms] [LOG] [Fast Refresh] done in 22ms @ http://localhost:3000/_next/static/chunks/node_modules_next_dist_1e8vcs8._.js:776
[  292243ms] [LOG] [Fast Refresh] done in 22ms @ http://localhost:3000/_next/static/chunks/node_modules_next_dist_1e8vcs8._.js:776
[  292308ms] [LOG] [Fast Refresh] done in 22ms @ http://localhost:3000/_next/static/chunks/node_modules_next_dist_1e8vcs8._.js:776
[  292371ms] [LOG] [Fast Refresh] done in 22ms @ http://localhost:3000/_next/static/chunks/node_modules_next_dist_1e8vcs8._.js:776
[  292433ms] [LOG] [Fast Refresh] done in 22ms @ http://localhost:3000/_next/static/chunks/node_modules_next_dist_1e8vcs8._.js:776
[  292497ms] [LOG] [Fast Refresh] done in 22ms @ http://localhost:3000/_next/static/chunks/node_modules_next_dist_1e8vcs8._.js:776
[  292560ms] [LOG] [Fast Refresh] done in 22ms @ http://localhost:3000/_next/static/chunks/node_modules_next_dist_1e8vcs8._.js:776
[  292623ms] [LOG] [Fast Refresh] done in 22ms @ http://localhost:3000/_next/static/chunks/node_modules_next_dist_1e8vcs8._.js:776
[  292706ms] [LOG] [Fast Refresh] done in 22ms @ http://localhost:3000/_next/static/chunks/node_modules_next_dist_1e8vcs8._.js:776
[  292750ms] [LOG] [Fast Refresh] done in 22ms @ http://localhost:3000/_next/static/chunks/node_modules_next_dist_1e8vcs8._.js:776
[  292811ms] [LOG] [Fast Refresh] done in 22ms @ http://localhost:3000/_next/static/chunks/node_modules_next_dist_1e8vcs8._.js:776
[  292877ms] [LOG] [Fast Refresh] done in 22ms @ http://localhost:3000/_next/static/chunks/node_modules_next_dist_1e8vcs8._.js:776
[  292922ms] [LOG] [Fast Refresh] done in 22ms @ http://localhost:3000/_next/static/chunks/node_modules_next_dist_1e8vcs8._.js:776
[  292974ms] [LOG] [Fast Refresh] done in 22ms @ http://localhost:3000/_next/static/chunks/node_modules_next_dist_1e8vcs8._.js:776
[  293037ms] [LOG] [Fast Refresh] done in 22ms @ http://localhost:3000/_next/static/chunks/node_modules_next_dist_1e8vcs8._.js:776
[  293100ms] [LOG] [Fast Refresh] done in 22ms @ http://localhost:3000/_next/static/chunks/node_modules_next_dist_1e8vcs8._.js:776
[  293162ms] [LOG] [Fast Refresh] done in 22ms @ http://localhost:3000/_next/static/chunks/node_modules_next_dist_1e8vcs8._.js:776
[  293208ms] [LOG] [Fast Refresh] done in 22ms @ http://localhost:3000/_next/static/chunks/node_modules_next_dist_1e8vcs8._.js:776
[  293255ms] [LOG] [Fast Refresh] done in 22ms @ http://localhost:3000/_next/static/chunks/node_modules_next_dist_1e8vcs8._.js:776
[  293313ms] [LOG] [Fast Refresh] done in 22ms @ http://localhost:3000/_next/static/chunks/node_modules_next_dist_1e8vcs8._.js:776
[  293383ms] [LOG] [Fast Refresh] done in 22ms @ http://localhost:3000/_next/static/chunks/node_modules_next_dist_1e8vcs8._.js:776
[  293453ms] [LOG] [Fast Refresh] done in 22ms @ http://localhost:3000/_next/static/chunks/node_modules_next_dist_1e8vcs8._.js:776
[  293507ms] [LOG] [Fast Refresh] done in 22ms @ http://localhost:3000/_next/static/chunks/node_modules_next_dist_1e8vcs8._.js:776
[  293573ms] [LOG] [Fast Refresh] done in 22ms @ http://localhost:3000/_next/static/chunks/node_modules_next_dist_1e8vcs8._.js:776
[  293631ms] [LOG] [Fast Refresh] done in 22ms @ http://localhost:3000/_next/static/chunks/node_modules_next_dist_1e8vcs8._.js:776
[  293695ms] [LOG] [Fast Refresh] done in 22ms @ http://localhost:3000/_next/static/chunks/node_modules_next_dist_1e8vcs8._.js:776
[  293743ms] [LOG] [Fast Refresh] done in 22ms @ http://localhost:3000/_next/static/chunks/node_modules_next_dist_1e8vcs8._.js:776
[  293809ms] [LOG] [Fast Refresh] done in 22ms @ http://localhost:3000/_next/static/chunks/node_modules_next_dist_1e8vcs8._.js:776
[  293882ms] [LOG] [Fast Refresh] done in 22ms @ http://localhost:3000/_next/static/chunks/node_modules_next_dist_1e8vcs8._.js:776
[  293934ms] [LOG] [Fast Refresh] done in 22ms @ http://localhost:3000/_next/static/chunks/node_modules_next_dist_1e8vcs8._.js:776
[  294019ms] [LOG] [Fast Refresh] done in 22ms @ http://localhost:3000/_next/static/chunks/node_modules_next_dist_1e8vcs8._.js:776
[  294078ms] [LOG] [Fast Refresh] done in 22ms @ http://localhost:3000/_next/static/chunks/node_modules_next_dist_1e8vcs8._.js:776
[  294137ms] [LOG] [Fast Refresh] done in 22ms @ http://localhost:3000/_next/static/chunks/node_modules_next_dist_1e8vcs8._.js:776
[  294200ms] [LOG] [Fast Refresh] done in 22ms @ http://localhost:3000/_next/static/chunks/node_modules_next_dist_1e8vcs8._.js:776
[  294264ms] [LOG] [Fast Refresh] done in 22ms @ http://localhost:3000/_next/static/chunks/node_modules_next_dist_1e8vcs8._.js:776
[  294325ms] [LOG] [Fast Refresh] done in 22ms @ http://localhost:3000/_next/static/chunks/node_modules_next_dist_1e8vcs8._.js:776
[  294388ms] [LOG] [Fast Refresh] done in 22ms @ http://localhost:3000/_next/static/chunks/node_modules_next_dist_1e8vcs8._.js:776
[  294453ms] [LOG] [Fast Refresh] done in 22ms @ http://localhost:3000/_next/static/chunks/node_modules_next_dist_1e8vcs8._.js:776
[  294512ms] [LOG] [Fast Refresh] done in 22ms @ http://localhost:3000/_next/static/chunks/node_modules_next_dist_1e8vcs8._.js:776
[  294577ms] [LOG] [Fast Refresh] done in 22ms @ http://localhost:3000/_next/static/chunks/node_modules_next_dist_1e8vcs8._.js:776
[  294662ms] [LOG] [Fast Refresh] done in 22ms @ http://localhost:3000/_next/static/chunks/node_modules_next_dist_1e8vcs8._.js:776
[  294718ms] [LOG] [Fast Refresh] done in 22ms @ http://localhost:3000/_next/static/chunks/node_modules_next_dist_1e8vcs8._.js:776
[  294773ms] [LOG] [Fast Refresh] done in 22ms @ http://localhost:3000/_next/static/chunks/node_modules_next_dist_1e8vcs8._.js:776
[  294820ms] [LOG] [Fast Refresh] done in 22ms @ http://localhost:3000/_next/static/chunks/node_modules_next_dist_1e8vcs8._.js:776
[  294880ms] [LOG] [Fast Refresh] done in 22ms @ http://localhost:3000/_next/static/chunks/node_modules_next_dist_1e8vcs8._.js:776
[  294940ms] [LOG] [Fast Refresh] done in 22ms @ http://localhost:3000/_next/static/chunks/node_modules_next_dist_1e8vcs8._.js:776
[  295012ms] [LOG] [Fast Refresh] done in 22ms @ http://localhost:3000/_next/static/chunks/node_modules_next_dist_1e8vcs8._.js:776
[  295081ms] [LOG] [Fast Refresh] done in 22ms @ http://localhost:3000/_next/static/chunks/node_modules_next_dist_1e8vcs8._.js:776
[  295129ms] [LOG] [Fast Refresh] done in 22ms @ http://localhost:3000/_next/static/chunks/node_modules_next_dist_1e8vcs8._.js:776
[  295192ms] [LOG] [Fast Refresh] done in 22ms @ http://localhost:3000/_next/static/chunks/node_modules_next_dist_1e8vcs8._.js:776
[  295255ms] [LOG] [Fast Refresh] done in 22ms @ http://localhost:3000/_next/static/chunks/node_modules_next_dist_1e8vcs8._.js:776
[  295319ms] [LOG] [Fast Refresh] done in 22ms @ http://localhost:3000/_next/static/chunks/node_modules_next_dist_1e8vcs8._.js:776
[  295382ms] [LOG] [Fast Refresh] done in 22ms @ http://localhost:3000/_next/static/chunks/node_modules_next_dist_1e8vcs8._.js:776
[  295446ms] [LOG] [Fast Refresh] done in 22ms @ http://localhost:3000/_next/static/chunks/node_modules_next_dist_1e8vcs8._.js:776
[  295512ms] [LOG] [Fast Refresh] done in 22ms @ http://localhost:3000/_next/static/chunks/node_modules_next_dist_1e8vcs8._.js:776
[  295579ms] [LOG] [Fast Refresh] done in 22ms @ http://localhost:3000/_next/static/chunks/node_modules_next_dist_1e8vcs8._.js:776
[  295634ms] [LOG] [Fast Refresh] done in 22ms @ http://localhost:3000/_next/static/chunks/node_modules_next_dist_1e8vcs8._.js:776
[  295697ms] [LOG] [Fast Refresh] done in 22ms @ http://localhost:3000/_next/static/chunks/node_modules_next_dist_1e8vcs8._.js:776
[  295759ms] [LOG] [Fast Refresh] done in 22ms @ http://localhost:3000/_next/static/chunks/node_modules_next_dist_1e8vcs8._.js:776
[  295826ms] [LOG] [Fast Refresh] done in 22ms @ http://localhost:3000/_next/static/chunks/node_modules_next_dist_1e8vcs8._.js:776
[  295897ms] [LOG] [Fast Refresh] done in 22ms @ http://localhost:3000/_next/static/chunks/node_modules_next_dist_1e8vcs8._.js:776
[  295965ms] [LOG] [Fast Refresh] done in 22ms @ http://localhost:3000/_next/static/chunks/node_modules_next_dist_1e8vcs8._.js:776
[  296028ms] [LOG] [Fast Refresh] done in 22ms @ http://localhost:3000/_next/static/chunks/node_modules_next_dist_1e8vcs8._.js:776
[  296090ms] [LOG] [Fast Refresh] done in 22ms @ http://localhost:3000/_next/static/chunks/node_modules_next_dist_1e8vcs8._.js:776
[  296152ms] [LOG] [Fast Refresh] done in 22ms @ http://localhost:3000/_next/static/chunks/node_modules_next_dist_1e8vcs8._.js:776
[  296215ms] [LOG] [Fast Refresh] done in 22ms @ http://localhost:3000/_next/static/chunks/node_modules_next_dist_1e8vcs8._.js:776
[  296309ms] [LOG] [Fast Refresh] done in 22ms @ http://localhost:3000/_next/static/chunks/node_modules_next_dist_1e8vcs8._.js:776
[  296373ms] [LOG] [Fast Refresh] done in 22ms @ http://localhost:3000/_next/static/chunks/node_modules_next_dist_1e8vcs8._.js:776
[  296450ms] [LOG] [Fast Refresh] done in 22ms @ http://localhost:3000/_next/static/chunks/node_modules_next_dist_1e8vcs8._.js:776
[  296513ms] [LOG] [Fast Refresh] done in 22ms @ http://localhost:3000/_next/static/chunks/node_modules_next_dist_1e8vcs8._.js:776
[  296579ms] [LOG] [Fast Refresh] done in 22ms @ http://localhost:3000/_next/static/chunks/node_modules_next_dist_1e8vcs8._.js:776
[  296641ms] [LOG] [Fast Refresh] done in 22ms @ http://localhost:3000/_next/static/chunks/node_modules_next_dist_1e8vcs8._.js:776
[  296712ms] [LOG] [Fast Refresh] done in 22ms @ http://localhost:3000/_next/static/chunks/node_modules_next_dist_1e8vcs8._.js:776
[  296784ms] [LOG] [Fast Refresh] done in 22ms @ http://localhost:3000/_next/static/chunks/node_modules_next_dist_1e8vcs8._.js:776
[  296835ms] [LOG] [Fast Refresh] done in 22ms @ http://localhost:3000/_next/static/chunks/node_modules_next_dist_1e8vcs8._.js:776
[  296893ms] [LOG] [Fast Refresh] done in 22ms @ http://localhost:3000/_next/static/chunks/node_modules_next_dist_1e8vcs8._.js:776
[  296976ms] [LOG] [Fast Refresh] done in 22ms @ http://localhost:3000/_next/static/chunks/node_modules_next_dist_1e8vcs8._.js:776
[  297036ms] [LOG] [Fast Refresh] done in 22ms @ http://localhost:3000/_next/static/chunks/node_modules_next_dist_1e8vcs8._.js:776
[  297115ms] [LOG] [Fast Refresh] done in 22ms @ http://localhost:3000/_next/static/chunks/node_modules_next_dist_1e8vcs8._.js:776
[  297180ms] [LOG] [Fast Refresh] done in 22ms @ http://localhost:3000/_next/static/chunks/node_modules_next_dist_1e8vcs8._.js:776
[  297241ms] [LOG] [Fast Refresh] done in 22ms @ http://localhost:3000/_next/static/chunks/node_modules_next_dist_1e8vcs8._.js:776
[  297304ms] [LOG] [Fast Refresh] done in 22ms @ http://localhost:3000/_next/static/chunks/node_modules_next_dist_1e8vcs8._.js:776
[  297368ms] [LOG] [Fast Refresh] done in 22ms @ http://localhost:3000/_next/static/chunks/node_modules_next_dist_1e8vcs8._.js:776
[  297449ms] [LOG] [Fast Refresh] done in 22ms @ http://localhost:3000/_next/static/chunks/node_modules_next_dist_1e8vcs8._.js:776
[  297525ms] [LOG] [Fast Refresh] done in 22ms @ http://localhost:3000/_next/static/chunks/node_modules_next_dist_1e8vcs8._.js:776
[  297590ms] [LOG] [Fast Refresh] done in 22ms @ http://localhost:3000/_next/static/chunks/node_modules_next_dist_1e8vcs8._.js:776
[  297652ms] [LOG] [Fast Refresh] done in 22ms @ http://localhost:3000/_next/static/chunks/node_modules_next_dist_1e8vcs8._.js:776
[  297714ms] [LOG] [Fast Refresh] done in 22ms @ http://localhost:3000/_next/static/chunks/node_modules_next_dist_1e8vcs8._.js:776
[  297795ms] [LOG] [Fast Refresh] done in 22ms @ http://localhost:3000/_next/static/chunks/node_modules_next_dist_1e8vcs8._.js:776
[  297856ms] [LOG] [Fast Refresh] done in 22ms @ http://localhost:3000/_next/static/chunks/node_modules_next_dist_1e8vcs8._.js:776
[  297926ms] [LOG] [Fast Refresh] done in 22ms @ http://localhost:3000/_next/static/chunks/node_modules_next_dist_1e8vcs8._.js:776
[  298018ms] [LOG] [Fast Refresh] done in 22ms @ http://localhost:3000/_next/static/chunks/node_modules_next_dist_1e8vcs8._.js:776
[  298078ms] [LOG] [Fast Refresh] done in 22ms @ http://localhost:3000/_next/static/chunks/node_modules_next_dist_1e8vcs8._.js:776
[  298140ms] [LOG] [Fast Refresh] done in 22ms @ http://localhost:3000/_next/static/chunks/node_modules_next_dist_1e8vcs8._.js:776
[  298203ms] [LOG] [Fast Refresh] done in 22ms @ http://localhost:3000/_next/static/chunks/node_modules_next_dist_1e8vcs8._.js:776
[  298270ms] [LOG] [Fast Refresh] done in 22ms @ http://localhost:3000/_next/static/chunks/node_modules_next_dist_1e8vcs8._.js:776
[  298330ms] [LOG] [Fast Refresh] done in 22ms @ http://localhost:3000/_next/static/chunks/node_modules_next_dist_1e8vcs8._.js:776
[  298393ms] [LOG] [Fast Refresh] done in 22ms @ http://localhost:3000/_next/static/chunks/node_modules_next_dist_1e8vcs8._.js:776
[  298462ms] [LOG] [Fast Refresh] done in 22ms @ http://localhost:3000/_next/static/chunks/node_modules_next_dist_1e8vcs8._.js:776
[  298521ms] [LOG] [Fast Refresh] done in 22ms @ http://localhost:3000/_next/static/chunks/node_modules_next_dist_1e8vcs8._.js:776
[  298567ms] [LOG] [Fast Refresh] done in 22ms @ http://localhost:3000/_next/static/chunks/node_modules_next_dist_1e8vcs8._.js:776
[  298632ms] [LOG] [Fast Refresh] done in 22ms @ http://localhost:3000/_next/static/chunks/node_modules_next_dist_1e8vcs8._.js:776
[  298695ms] [LOG] [Fast Refresh] done in 22ms @ http://localhost:3000/_next/static/chunks/node_modules_next_dist_1e8vcs8._.js:776
[  298761ms] [LOG] [Fast Refresh] done in 22ms @ http://localhost:3000/_next/static/chunks/node_modules_next_dist_1e8vcs8._.js:776
[  298820ms] [LOG] [Fast Refresh] done in 22ms @ http://localhost:3000/_next/static/chunks/node_modules_next_dist_1e8vcs8._.js:776
[  298886ms] [LOG] [Fast Refresh] done in 22ms @ http://localhost:3000/_next/static/chunks/node_modules_next_dist_1e8vcs8._.js:776
[  298945ms] [LOG] [Fast Refresh] done in 22ms @ http://localhost:3000/_next/static/chunks/node_modules_next_dist_1e8vcs8._.js:776
[  299008ms] [LOG] [Fast Refresh] done in 22ms @ http://localhost:3000/_next/static/chunks/node_modules_next_dist_1e8vcs8._.js:776
[  299074ms] [LOG] [Fast Refresh] done in 22ms @ http://localhost:3000/_next/static/chunks/node_modules_next_dist_1e8vcs8._.js:776
[  299120ms] [LOG] [Fast Refresh] done in 22ms @ http://localhost:3000/_next/static/chunks/node_modules_next_dist_1e8vcs8._.js:776
[  299187ms] [LOG] [Fast Refresh] done in 22ms @ http://localhost:3000/_next/static/chunks/node_modules_next_dist_1e8vcs8._.js:776
[  299243ms] [LOG] [Fast Refresh] done in 22ms @ http://localhost:3000/_next/static/chunks/node_modules_next_dist_1e8vcs8._.js:776
[  299307ms] [LOG] [Fast Refresh] done in 22ms @ http://localhost:3000/_next/static/chunks/node_modules_next_dist_1e8vcs8._.js:776
[  299375ms] [LOG] [Fast Refresh] done in 22ms @ http://localhost:3000/_next/static/chunks/node_modules_next_dist_1e8vcs8._.js:776
[  299436ms] [LOG] [Fast Refresh] done in 22ms @ http://localhost:3000/_next/static/chunks/node_modules_next_dist_1e8vcs8._.js:776
[  299497ms] [LOG] [Fast Refresh] done in 22ms @ http://localhost:3000/_next/static/chunks/node_modules_next_dist_1e8vcs8._.js:776
[  299558ms] [LOG] [Fast Refresh] done in 22ms @ http://localhost:3000/_next/static/chunks/node_modules_next_dist_1e8vcs8._.js:776
[  299621ms] [LOG] [Fast Refresh] done in 22ms @ http://localhost:3000/_next/static/chunks/node_modules_next_dist_1e8vcs8._.js:776
[  299683ms] [LOG] [Fast Refresh] done in 22ms @ http://localhost:3000/_next/static/chunks/node_modules_next_dist_1e8vcs8._.js:776
[  299746ms] [LOG] [Fast Refresh] done in 22ms @ http://localhost:3000/_next/static/chunks/node_modules_next_dist_1e8vcs8._.js:776
[  299815ms] [LOG] [Fast Refresh] done in 22ms @ http://localhost:3000/_next/static/chunks/node_modules_next_dist_1e8vcs8._.js:776
[  299875ms] [LOG] [Fast Refresh] done in 22ms @ http://localhost:3000/_next/static/chunks/node_modules_next_dist_1e8vcs8._.js:776
[  299936ms] [LOG] [Fast Refresh] done in 22ms @ http://localhost:3000/_next/static/chunks/node_modules_next_dist_1e8vcs8._.js:776
[  299998ms] [LOG] [Fast Refresh] done in 22ms @ http://localhost:3000/_next/static/chunks/node_modules_next_dist_1e8vcs8._.js:776
[  300060ms] [LOG] [Fast Refresh] done in 22ms @ http://localhost:3000/_next/static/chunks/node_modules_next_dist_1e8vcs8._.js:776
[  300127ms] [LOG] [Fast Refresh] done in 22ms @ http://localhost:3000/_next/static/chunks/node_modules_next_dist_1e8vcs8._.js:776
[  300185ms] [LOG] [Fast Refresh] done in 22ms @ http://localhost:3000/_next/static/chunks/node_modules_next_dist_1e8vcs8._.js:776
[  300250ms] [LOG] [Fast Refresh] done in 22ms @ http://localhost:3000/_next/static/chunks/node_modules_next_dist_1e8vcs8._.js:776
[  300311ms] [LOG] [Fast Refresh] done in 22ms @ http://localhost:3000/_next/static/chunks/node_modules_next_dist_1e8vcs8._.js:776
[  300373ms] [LOG] [Fast Refresh] done in 22ms @ http://localhost:3000/_next/static/chunks/node_modules_next_dist_1e8vcs8._.js:776
[  300438ms] [LOG] [Fast Refresh] done in 22ms @ http://localhost:3000/_next/static/chunks/node_modules_next_dist_1e8vcs8._.js:776
[  300502ms] [LOG] [Fast Refresh] done in 22ms @ http://localhost:3000/_next/static/chunks/node_modules_next_dist_1e8vcs8._.js:776
[  300564ms] [LOG] [Fast Refresh] done in 22ms @ http://localhost:3000/_next/static/chunks/node_modules_next_dist_1e8vcs8._.js:776
[  300627ms] [LOG] [Fast Refresh] done in 22ms @ http://localhost:3000/_next/static/chunks/node_modules_next_dist_1e8vcs8._.js:776
[  300690ms] [LOG] [Fast Refresh] done in 22ms @ http://localhost:3000/_next/static/chunks/node_modules_next_dist_1e8vcs8._.js:776
[  300753ms] [LOG] [Fast Refresh] done in 22ms @ http://localhost:3000/_next/static/chunks/node_modules_next_dist_1e8vcs8._.js:776
[  300820ms] [LOG] [Fast Refresh] done in 22ms @ http://localhost:3000/_next/static/chunks/node_modules_next_dist_1e8vcs8._.js:776
[  300881ms] [LOG] [Fast Refresh] done in 22ms @ http://localhost:3000/_next/static/chunks/node_modules_next_dist_1e8vcs8._.js:776
[  300948ms] [LOG] [Fast Refresh] done in 22ms @ http://localhost:3000/_next/static/chunks/node_modules_next_dist_1e8vcs8._.js:776
[  301005ms] [LOG] [Fast Refresh] done in 22ms @ http://localhost:3000/_next/static/chunks/node_modules_next_dist_1e8vcs8._.js:776
[  301066ms] [LOG] [Fast Refresh] done in 22ms @ http://localhost:3000/_next/static/chunks/node_modules_next_dist_1e8vcs8._.js:776
[  301115ms] [LOG] [Fast Refresh] done in 22ms @ http://localhost:3000/_next/static/chunks/node_modules_next_dist_1e8vcs8._.js:776
[  301178ms] [LOG] [Fast Refresh] done in 22ms @ http://localhost:3000/_next/static/chunks/node_modules_next_dist_1e8vcs8._.js:776
[  301225ms] [LOG] [Fast Refresh] done in 22ms @ http://localhost:3000/_next/static/chunks/node_modules_next_dist_1e8vcs8._.js:776
[  301305ms] [LOG] [Fast Refresh] done in 22ms @ http://localhost:3000/_next/static/chunks/node_modules_next_dist_1e8vcs8._.js:776
[  301387ms] [LOG] [Fast Refresh] done in 22ms @ http://localhost:3000/_next/static/chunks/node_modules_next_dist_1e8vcs8._.js:776
[  301480ms] [LOG] [Fast Refresh] done in 22ms @ http://localhost:3000/_next/static/chunks/node_modules_next_dist_1e8vcs8._.js:776
[  301545ms] [LOG] [Fast Refresh] done in 22ms @ http://localhost:3000/_next/static/chunks/node_modules_next_dist_1e8vcs8._.js:776
[  301604ms] [LOG] [Fast Refresh] done in 22ms @ http://localhost:3000/_next/static/chunks/node_modules_next_dist_1e8vcs8._.js:776
[  301667ms] [LOG] [Fast Refresh] done in 22ms @ http://localhost:3000/_next/static/chunks/node_modules_next_dist_1e8vcs8._.js:776
[  301715ms] [LOG] [Fast Refresh] done in 22ms @ http://localhost:3000/_next/static/chunks/node_modules_next_dist_1e8vcs8._.js:776
[  301794ms] [LOG] [Fast Refresh] done in 22ms @ http://localhost:3000/_next/static/chunks/node_modules_next_dist_1e8vcs8._.js:776
[  301858ms] [LOG] [Fast Refresh] done in 22ms @ http://localhost:3000/_next/static/chunks/node_modules_next_dist_1e8vcs8._.js:776
[  301918ms] [LOG] [Fast Refresh] done in 22ms @ http://localhost:3000/_next/static/chunks/node_modules_next_dist_1e8vcs8._.js:776
[  301982ms] [LOG] [Fast Refresh] done in 22ms @ http://localhost:3000/_next/static/chunks/node_modules_next_dist_1e8vcs8._.js:776
[  302046ms] [LOG] [Fast Refresh] done in 22ms @ http://localhost:3000/_next/static/chunks/node_modules_next_dist_1e8vcs8._.js:776
[  302110ms] [LOG] [Fast Refresh] done in 22ms @ http://localhost:3000/_next/static/chunks/node_modules_next_dist_1e8vcs8._.js:776
[  302174ms] [LOG] [Fast Refresh] done in 22ms @ http://localhost:3000/_next/static/chunks/node_modules_next_dist_1e8vcs8._.js:776
[  302238ms] [LOG] [Fast Refresh] done in 22ms @ http://localhost:3000/_next/static/chunks/node_modules_next_dist_1e8vcs8._.js:776
[  302299ms] [LOG] [Fast Refresh] done in 22ms @ http://localhost:3000/_next/static/chunks/node_modules_next_dist_1e8vcs8._.js:776
[  302362ms] [LOG] [Fast Refresh] done in 22ms @ http://localhost:3000/_next/static/chunks/node_modules_next_dist_1e8vcs8._.js:776
[  302435ms] [LOG] [Fast Refresh] done in 22ms @ http://localhost:3000/_next/static/chunks/node_modules_next_dist_1e8vcs8._.js:776
[  302490ms] [LOG] [Fast Refresh] done in 22ms @ http://localhost:3000/_next/static/chunks/node_modules_next_dist_1e8vcs8._.js:776
[  302584ms] [LOG] [Fast Refresh] done in 22ms @ http://localhost:3000/_next/static/chunks/node_modules_next_dist_1e8vcs8._.js:776
[  302638ms] [LOG] [Fast Refresh] done in 22ms @ http://localhost:3000/_next/static/chunks/node_modules_next_dist_1e8vcs8._.js:776
[  302695ms] [LOG] [Fast Refresh] done in 22ms @ http://localhost:3000/_next/static/chunks/node_modules_next_dist_1e8vcs8._.js:776
[  302757ms] [LOG] [Fast Refresh] done in 22ms @ http://localhost:3000/_next/static/chunks/node_modules_next_dist_1e8vcs8._.js:776
[  302825ms] [LOG] [Fast Refresh] done in 22ms @ http://localhost:3000/_next/static/chunks/node_modules_next_dist_1e8vcs8._.js:776
[  302885ms] [LOG] [Fast Refresh] done in 22ms @ http://localhost:3000/_next/static/chunks/node_modules_next_dist_1e8vcs8._.js:776
[  302950ms] [LOG] [Fast Refresh] done in 22ms @ http://localhost:3000/_next/static/chunks/node_modules_next_dist_1e8vcs8._.js:776
[  303009ms] [LOG] [Fast Refresh] done in 22ms @ http://localhost:3000/_next/static/chunks/node_modules_next_dist_1e8vcs8._.js:776
[  303089ms] [LOG] [Fast Refresh] done in 22ms @ http://localhost:3000/_next/static/chunks/node_modules_next_dist_1e8vcs8._.js:776
[  303150ms] [LOG] [Fast Refresh] done in 22ms @ http://localhost:3000/_next/static/chunks/node_modules_next_dist_1e8vcs8._.js:776
[  303218ms] [LOG] [Fast Refresh] done in 22ms @ http://localhost:3000/_next/static/chunks/node_modules_next_dist_1e8vcs8._.js:776
[  303274ms] [LOG] [Fast Refresh] done in 22ms @ http://localhost:3000/_next/static/chunks/node_modules_next_dist_1e8vcs8._.js:776
[  303322ms] [LOG] [Fast Refresh] done in 22ms @ http://localhost:3000/_next/static/chunks/node_modules_next_dist_1e8vcs8._.js:776
[  303369ms] [LOG] [Fast Refresh] done in 22ms @ http://localhost:3000/_next/static/chunks/node_modules_next_dist_1e8vcs8._.js:776
[  303437ms] [LOG] [Fast Refresh] done in 22ms @ http://localhost:3000/_next/static/chunks/node_modules_next_dist_1e8vcs8._.js:776
[  303513ms] [LOG] [Fast Refresh] done in 22ms @ http://localhost:3000/_next/static/chunks/node_modules_next_dist_1e8vcs8._.js:776
[  303574ms] [LOG] [Fast Refresh] done in 22ms @ http://localhost:3000/_next/static/chunks/node_modules_next_dist_1e8vcs8._.js:776
[  303644ms] [LOG] [Fast Refresh] done in 22ms @ http://localhost:3000/_next/static/chunks/node_modules_next_dist_1e8vcs8._.js:776
[  303701ms] [LOG] [Fast Refresh] done in 22ms @ http://localhost:3000/_next/static/chunks/node_modules_next_dist_1e8vcs8._.js:776
[  303764ms] [LOG] [Fast Refresh] done in 22ms @ http://localhost:3000/_next/static/chunks/node_modules_next_dist_1e8vcs8._.js:776
[  303830ms] [LOG] [Fast Refresh] done in 22ms @ http://localhost:3000/_next/static/chunks/node_modules_next_dist_1e8vcs8._.js:776
[  303913ms] [LOG] [Fast Refresh] done in 22ms @ http://localhost:3000/_next/static/chunks/node_modules_next_dist_1e8vcs8._.js:776
[  303975ms] [LOG] [Fast Refresh] done in 22ms @ http://localhost:3000/_next/static/chunks/node_modules_next_dist_1e8vcs8._.js:776
[  304069ms] [LOG] [Fast Refresh] done in 22ms @ http://localhost:3000/_next/static/chunks/node_modules_next_dist_1e8vcs8._.js:776
[  304131ms] [LOG] [Fast Refresh] done in 22ms @ http://localhost:3000/_next/static/chunks/node_modules_next_dist_1e8vcs8._.js:776
[  304193ms] [LOG] [Fast Refresh] done in 22ms @ http://localhost:3000/_next/static/chunks/node_modules_next_dist_1e8vcs8._.js:776
[  304271ms] [LOG] [Fast Refresh] done in 22ms @ http://localhost:3000/_next/static/chunks/node_modules_next_dist_1e8vcs8._.js:776
[  304338ms] [LOG] [Fast Refresh] done in 22ms @ http://localhost:3000/_next/static/chunks/node_modules_next_dist_1e8vcs8._.js:776
[  304398ms] [LOG] [Fast Refresh] done in 22ms @ http://localhost:3000/_next/static/chunks/node_modules_next_dist_1e8vcs8._.js:776
[  304496ms] [LOG] [Fast Refresh] done in 22ms @ http://localhost:3000/_next/static/chunks/node_modules_next_dist_1e8vcs8._.js:776
[  304540ms] [LOG] [Fast Refresh] done in 22ms @ http://localhost:3000/_next/static/chunks/node_modules_next_dist_1e8vcs8._.js:776
[  304589ms] [LOG] [Fast Refresh] done in 22ms @ http://localhost:3000/_next/static/chunks/node_modules_next_dist_1e8vcs8._.js:776
[  304662ms] [LOG] [Fast Refresh] done in 22ms @ http://localhost:3000/_next/static/chunks/node_modules_next_dist_1e8vcs8._.js:776
[  304702ms] [LOG] [Fast Refresh] done in 22ms @ http://localhost:3000/_next/static/chunks/node_modules_next_dist_1e8vcs8._.js:776
[  304751ms] [LOG] [Fast Refresh] done in 22ms @ http://localhost:3000/_next/static/chunks/node_modules_next_dist_1e8vcs8._.js:776
[  304812ms] [LOG] [Fast Refresh] done in 22ms @ http://localhost:3000/_next/static/chunks/node_modules_next_dist_1e8vcs8._.js:776
[  304875ms] [LOG] [Fast Refresh] done in 22ms @ http://localhost:3000/_next/static/chunks/node_modules_next_dist_1e8vcs8._.js:776
[  304938ms] [LOG] [Fast Refresh] done in 22ms @ http://localhost:3000/_next/static/chunks/node_modules_next_dist_1e8vcs8._.js:776
[  305001ms] [LOG] [Fast Refresh] done in 22ms @ http://localhost:3000/_next/static/chunks/node_modules_next_dist_1e8vcs8._.js:776
[  305070ms] [LOG] [Fast Refresh] done in 22ms @ http://localhost:3000/_next/static/chunks/node_modules_next_dist_1e8vcs8._.js:776
[  305130ms] [LOG] [Fast Refresh] done in 22ms @ http://localhost:3000/_next/static/chunks/node_modules_next_dist_1e8vcs8._.js:776
[  305190ms] [LOG] [Fast Refresh] done in 22ms @ http://localhost:3000/_next/static/chunks/node_modules_next_dist_1e8vcs8._.js:776
[  305239ms] [LOG] [Fast Refresh] done in 22ms @ http://localhost:3000/_next/static/chunks/node_modules_next_dist_1e8vcs8._.js:776
[  305332ms] [LOG] [Fast Refresh] done in 22ms @ http://localhost:3000/_next/static/chunks/node_modules_next_dist_1e8vcs8._.js:776
[  305397ms] [LOG] [Fast Refresh] done in 22ms @ http://localhost:3000/_next/static/chunks/node_modules_next_dist_1e8vcs8._.js:776
[  305462ms] [LOG] [Fast Refresh] done in 22ms @ http://localhost:3000/_next/static/chunks/node_modules_next_dist_1e8vcs8._.js:776
[  305523ms] [LOG] [Fast Refresh] done in 22ms @ http://localhost:3000/_next/static/chunks/node_modules_next_dist_1e8vcs8._.js:776
[  305636ms] [LOG] [Fast Refresh] done in 22ms @ http://localhost:3000/_next/static/chunks/node_modules_next_dist_1e8vcs8._.js:776
[  305698ms] [LOG] [Fast Refresh] done in 22ms @ http://localhost:3000/_next/static/chunks/node_modules_next_dist_1e8vcs8._.js:776
[  305746ms] [LOG] [Fast Refresh] done in 22ms @ http://localhost:3000/_next/static/chunks/node_modules_next_dist_1e8vcs8._.js:776
[  305811ms] [LOG] [Fast Refresh] done in 22ms @ http://localhost:3000/_next/static/chunks/node_modules_next_dist_1e8vcs8._.js:776
[  305870ms] [LOG] [Fast Refresh] done in 22ms @ http://localhost:3000/_next/static/chunks/node_modules_next_dist_1e8vcs8._.js:776
[  305934ms] [LOG] [Fast Refresh] done in 22ms @ http://localhost:3000/_next/static/chunks/node_modules_next_dist_1e8vcs8._.js:776
[  306014ms] [LOG] [Fast Refresh] done in 22ms @ http://localhost:3000/_next/static/chunks/node_modules_next_dist_1e8vcs8._.js:776
[  306076ms] [LOG] [Fast Refresh] done in 22ms @ http://localhost:3000/_next/static/chunks/node_modules_next_dist_1e8vcs8._.js:776
[  306139ms] [LOG] [Fast Refresh] done in 22ms @ http://localhost:3000/_next/static/chunks/node_modules_next_dist_1e8vcs8._.js:776
[  306202ms] [LOG] [Fast Refresh] done in 22ms @ http://localhost:3000/_next/static/chunks/node_modules_next_dist_1e8vcs8._.js:776
[  306263ms] [LOG] [Fast Refresh] done in 22ms @ http://localhost:3000/_next/static/chunks/node_modules_next_dist_1e8vcs8._.js:776
[  306326ms] [LOG] [Fast Refresh] done in 22ms @ http://localhost:3000/_next/static/chunks/node_modules_next_dist_1e8vcs8._.js:776
[  306390ms] [LOG] [Fast Refresh] done in 22ms @ http://localhost:3000/_next/static/chunks/node_modules_next_dist_1e8vcs8._.js:776
[  306453ms] [LOG] [Fast Refresh] done in 22ms @ http://localhost:3000/_next/static/chunks/node_modules_next_dist_1e8vcs8._.js:776
[  306580ms] [LOG] [Fast Refresh] done in 22ms @ http://localhost:3000/_next/static/chunks/node_modules_next_dist_1e8vcs8._.js:776
[  306644ms] [LOG] [Fast Refresh] done in 22ms @ http://localhost:3000/_next/static/chunks/node_modules_next_dist_1e8vcs8._.js:776
[  306711ms] [LOG] [Fast Refresh] done in 22ms @ http://localhost:3000/_next/static/chunks/node_modules_next_dist_1e8vcs8._.js:776
[  306768ms] [LOG] [Fast Refresh] done in 22ms @ http://localhost:3000/_next/static/chunks/node_modules_next_dist_1e8vcs8._.js:776
[  306831ms] [LOG] [Fast Refresh] done in 22ms @ http://localhost:3000/_next/static/chunks/node_modules_next_dist_1e8vcs8._.js:776
[  306896ms] [LOG] [Fast Refresh] done in 22ms @ http://localhost:3000/_next/static/chunks/node_modules_next_dist_1e8vcs8._.js:776
[  306959ms] [LOG] [Fast Refresh] done in 22ms @ http://localhost:3000/_next/static/chunks/node_modules_next_dist_1e8vcs8._.js:776
[  307024ms] [LOG] [Fast Refresh] done in 22ms @ http://localhost:3000/_next/static/chunks/node_modules_next_dist_1e8vcs8._.js:776
[  307085ms] [LOG] [Fast Refresh] done in 22ms @ http://localhost:3000/_next/static/chunks/node_modules_next_dist_1e8vcs8._.js:776
[  307151ms] [LOG] [Fast Refresh] done in 22ms @ http://localhost:3000/_next/static/chunks/node_modules_next_dist_1e8vcs8._.js:776
[  307265ms] [LOG] [Fast Refresh] done in 22ms @ http://localhost:3000/_next/static/chunks/node_modules_next_dist_1e8vcs8._.js:776
[  307325ms] [LOG] [Fast Refresh] done in 22ms @ http://localhost:3000/_next/static/chunks/node_modules_next_dist_1e8vcs8._.js:776
[  307372ms] [LOG] [Fast Refresh] done in 22ms @ http://localhost:3000/_next/static/chunks/node_modules_next_dist_1e8vcs8._.js:776
[  307453ms] [LOG] [Fast Refresh] done in 22ms @ http://localhost:3000/_next/static/chunks/node_modules_next_dist_1e8vcs8._.js:776
[  307518ms] [LOG] [Fast Refresh] done in 22ms @ http://localhost:3000/_next/static/chunks/node_modules_next_dist_1e8vcs8._.js:776
[  307578ms] [LOG] [Fast Refresh] done in 22ms @ http://localhost:3000/_next/static/chunks/node_modules_next_dist_1e8vcs8._.js:776
[  307642ms] [LOG] [Fast Refresh] done in 22ms @ http://localhost:3000/_next/static/chunks/node_modules_next_dist_1e8vcs8._.js:776
[  307703ms] [LOG] [Fast Refresh] done in 22ms @ http://localhost:3000/_next/static/chunks/node_modules_next_dist_1e8vcs8._.js:776
[  307766ms] [LOG] [Fast Refresh] done in 22ms @ http://localhost:3000/_next/static/chunks/node_modules_next_dist_1e8vcs8._.js:776
[  307831ms] [LOG] [Fast Refresh] done in 22ms @ http://localhost:3000/_next/static/chunks/node_modules_next_dist_1e8vcs8._.js:776
[  307895ms] [LOG] [Fast Refresh] done in 22ms @ http://localhost:3000/_next/static/chunks/node_modules_next_dist_1e8vcs8._.js:776
[  307968ms] [LOG] [Fast Refresh] done in 22ms @ http://localhost:3000/_next/static/chunks/node_modules_next_dist_1e8vcs8._.js:776
[  308032ms] [LOG] [Fast Refresh] done in 22ms @ http://localhost:3000/_next/static/chunks/node_modules_next_dist_1e8vcs8._.js:776
[  308119ms] [LOG] [Fast Refresh] done in 22ms @ http://localhost:3000/_next/static/chunks/node_modules_next_dist_1e8vcs8._.js:776
[  308173ms] [LOG] [Fast Refresh] done in 22ms @ http://localhost:3000/_next/static/chunks/node_modules_next_dist_1e8vcs8._.js:776
[  308253ms] [LOG] [Fast Refresh] done in 22ms @ http://localhost:3000/_next/static/chunks/node_modules_next_dist_1e8vcs8._.js:776
[  308317ms] [LOG] [Fast Refresh] done in 22ms @ http://localhost:3000/_next/static/chunks/node_modules_next_dist_1e8vcs8._.js:776
[  308413ms] [LOG] [Fast Refresh] done in 22ms @ http://localhost:3000/_next/static/chunks/node_modules_next_dist_1e8vcs8._.js:776
[  308474ms] [LOG] [Fast Refresh] done in 22ms @ http://localhost:3000/_next/static/chunks/node_modules_next_dist_1e8vcs8._.js:776
[  308524ms] [LOG] [Fast Refresh] done in 22ms @ http://localhost:3000/_next/static/chunks/node_modules_next_dist_1e8vcs8._.js:776
[  308588ms] [LOG] [Fast Refresh] done in 22ms @ http://localhost:3000/_next/static/chunks/node_modules_next_dist_1e8vcs8._.js:776
[  308651ms] [LOG] [Fast Refresh] done in 22ms @ http://localhost:3000/_next/static/chunks/node_modules_next_dist_1e8vcs8._.js:776
[  308713ms] [LOG] [Fast Refresh] done in 22ms @ http://localhost:3000/_next/static/chunks/node_modules_next_dist_1e8vcs8._.js:776
[  308761ms] [LOG] [Fast Refresh] done in 22ms @ http://localhost:3000/_next/static/chunks/node_modules_next_dist_1e8vcs8._.js:776
[  308844ms] [LOG] [Fast Refresh] done in 22ms @ http://localhost:3000/_next/static/chunks/node_modules_next_dist_1e8vcs8._.js:776
[  308902ms] [LOG] [Fast Refresh] done in 22ms @ http://localhost:3000/_next/static/chunks/node_modules_next_dist_1e8vcs8._.js:776
[  308966ms] [LOG] [Fast Refresh] done in 22ms @ http://localhost:3000/_next/static/chunks/node_modules_next_dist_1e8vcs8._.js:776
[  309035ms] [LOG] [Fast Refresh] done in 22ms @ http://localhost:3000/_next/static/chunks/node_modules_next_dist_1e8vcs8._.js:776
[  309092ms] [LOG] [Fast Refresh] done in 22ms @ http://localhost:3000/_next/static/chunks/node_modules_next_dist_1e8vcs8._.js:776
[  309154ms] [LOG] [Fast Refresh] done in 22ms @ http://localhost:3000/_next/static/chunks/node_modules_next_dist_1e8vcs8._.js:776
[  309237ms] [LOG] [Fast Refresh] done in 22ms @ http://localhost:3000/_next/static/chunks/node_modules_next_dist_1e8vcs8._.js:776
[  309301ms] [LOG] [Fast Refresh] done in 22ms @ http://localhost:3000/_next/static/chunks/node_modules_next_dist_1e8vcs8._.js:776
[  309360ms] [LOG] [Fast Refresh] done in 22ms @ http://localhost:3000/_next/static/chunks/node_modules_next_dist_1e8vcs8._.js:776
[  309423ms] [LOG] [Fast Refresh] done in 22ms @ http://localhost:3000/_next/static/chunks/node_modules_next_dist_1e8vcs8._.js:776
[  309486ms] [LOG] [Fast Refresh] done in 22ms @ http://localhost:3000/_next/static/chunks/node_modules_next_dist_1e8vcs8._.js:776
[  309548ms] [LOG] [Fast Refresh] done in 22ms @ http://localhost:3000/_next/static/chunks/node_modules_next_dist_1e8vcs8._.js:776
[  309637ms] [LOG] [Fast Refresh] done in 22ms @ http://localhost:3000/_next/static/chunks/node_modules_next_dist_1e8vcs8._.js:776
[  309708ms] [LOG] [Fast Refresh] done in 22ms @ http://localhost:3000/_next/static/chunks/node_modules_next_dist_1e8vcs8._.js:776
[  309767ms] [LOG] [Fast Refresh] done in 22ms @ http://localhost:3000/_next/static/chunks/node_modules_next_dist_1e8vcs8._.js:776
[  309841ms] [LOG] [Fast Refresh] done in 22ms @ http://localhost:3000/_next/static/chunks/node_modules_next_dist_1e8vcs8._.js:776
[  309898ms] [LOG] [Fast Refresh] done in 22ms @ http://localhost:3000/_next/static/chunks/node_modules_next_dist_1e8vcs8._.js:776
[  310038ms] [LOG] [Fast Refresh] done in 22ms @ http://localhost:3000/_next/static/chunks/node_modules_next_dist_1e8vcs8._.js:776
[  310098ms] [LOG] [Fast Refresh] done in 22ms @ http://localhost:3000/_next/static/chunks/node_modules_next_dist_1e8vcs8._.js:776
[  310162ms] [LOG] [Fast Refresh] done in 22ms @ http://localhost:3000/_next/static/chunks/node_modules_next_dist_1e8vcs8._.js:776
[  310226ms] [LOG] [Fast Refresh] done in 22ms @ http://localhost:3000/_next/static/chunks/node_modules_next_dist_1e8vcs8._.js:776
[  310291ms] [LOG] [Fast Refresh] done in 22ms @ http://localhost:3000/_next/static/chunks/node_modules_next_dist_1e8vcs8._.js:776
[  310352ms] [LOG] [Fast Refresh] done in 22ms @ http://localhost:3000/_next/static/chunks/node_modules_next_dist_1e8vcs8._.js:776
[  310446ms] [LOG] [Fast Refresh] done in 22ms @ http://localhost:3000/_next/static/chunks/node_modules_next_dist_1e8vcs8._.js:776
[  310510ms] [LOG] [Fast Refresh] done in 22ms @ http://localhost:3000/_next/static/chunks/node_modules_next_dist_1e8vcs8._.js:776
[  310576ms] [LOG] [Fast Refresh] done in 22ms @ http://localhost:3000/_next/static/chunks/node_modules_next_dist_1e8vcs8._.js:776
[  310636ms] [LOG] [Fast Refresh] done in 22ms @ http://localhost:3000/_next/static/chunks/node_modules_next_dist_1e8vcs8._.js:776
[  310699ms] [LOG] [Fast Refresh] done in 22ms @ http://localhost:3000/_next/static/chunks/node_modules_next_dist_1e8vcs8._.js:776
[  310765ms] [LOG] [Fast Refresh] done in 22ms @ http://localhost:3000/_next/static/chunks/node_modules_next_dist_1e8vcs8._.js:776
[  310809ms] [LOG] [Fast Refresh] done in 22ms @ http://localhost:3000/_next/static/chunks/node_modules_next_dist_1e8vcs8._.js:776
[  310858ms] [LOG] [Fast Refresh] done in 22ms @ http://localhost:3000/_next/static/chunks/node_modules_next_dist_1e8vcs8._.js:776
[  310939ms] [LOG] [Fast Refresh] done in 22ms @ http://localhost:3000/_next/static/chunks/node_modules_next_dist_1e8vcs8._.js:776
[  310986ms] [LOG] [Fast Refresh] done in 22ms @ http://localhost:3000/_next/static/chunks/node_modules_next_dist_1e8vcs8._.js:776
[  311034ms] [LOG] [Fast Refresh] done in 22ms @ http://localhost:3000/_next/static/chunks/node_modules_next_dist_1e8vcs8._.js:776
[  311097ms] [LOG] [Fast Refresh] done in 22ms @ http://localhost:3000/_next/static/chunks/node_modules_next_dist_1e8vcs8._.js:776
[  311176ms] [LOG] [Fast Refresh] done in 22ms @ http://localhost:3000/_next/static/chunks/node_modules_next_dist_1e8vcs8._.js:776
[  311247ms] [LOG] [Fast Refresh] done in 22ms @ http://localhost:3000/_next/static/chunks/node_modules_next_dist_1e8vcs8._.js:776
[  311288ms] [LOG] [Fast Refresh] done in 22ms @ http://localhost:3000/_next/static/chunks/node_modules_next_dist_1e8vcs8._.js:776
[  311351ms] [LOG] [Fast Refresh] done in 22ms @ http://localhost:3000/_next/static/chunks/node_modules_next_dist_1e8vcs8._.js:776
[  311414ms] [LOG] [Fast Refresh] done in 22ms @ http://localhost:3000/_next/static/chunks/node_modules_next_dist_1e8vcs8._.js:776
[  311478ms] [LOG] [Fast Refresh] done in 22ms @ http://localhost:3000/_next/static/chunks/node_modules_next_dist_1e8vcs8._.js:776
[  311538ms] [LOG] [Fast Refresh] done in 22ms @ http://localhost:3000/_next/static/chunks/node_modules_next_dist_1e8vcs8._.js:776
[  311602ms] [LOG] [Fast Refresh] done in 22ms @ http://localhost:3000/_next/static/chunks/node_modules_next_dist_1e8vcs8._.js:776
[  311647ms] [LOG] [Fast Refresh] done in 22ms @ http://localhost:3000/_next/static/chunks/node_modules_next_dist_1e8vcs8._.js:776
[  311731ms] [LOG] [Fast Refresh] done in 22ms @ http://localhost:3000/_next/static/chunks/node_modules_next_dist_1e8vcs8._.js:776
[  311792ms] [LOG] [Fast Refresh] done in 22ms @ http://localhost:3000/_next/static/chunks/node_modules_next_dist_1e8vcs8._.js:776
[  311839ms] [LOG] [Fast Refresh] done in 22ms @ http://localhost:3000/_next/static/chunks/node_modules_next_dist_1e8vcs8._.js:776
[  311914ms] [LOG] [Fast Refresh] done in 22ms @ http://localhost:3000/_next/static/chunks/node_modules_next_dist_1e8vcs8._.js:776
[  311978ms] [LOG] [Fast Refresh] done in 22ms @ http://localhost:3000/_next/static/chunks/node_modules_next_dist_1e8vcs8._.js:776
[  312041ms] [LOG] [Fast Refresh] done in 22ms @ http://localhost:3000/_next/static/chunks/node_modules_next_dist_1e8vcs8._.js:776
[  312101ms] [LOG] [Fast Refresh] done in 22ms @ http://localhost:3000/_next/static/chunks/node_modules_next_dist_1e8vcs8._.js:776
[  312165ms] [LOG] [Fast Refresh] done in 22ms @ http://localhost:3000/_next/static/chunks/node_modules_next_dist_1e8vcs8._.js:776
[  312226ms] [LOG] [Fast Refresh] done in 22ms @ http://localhost:3000/_next/static/chunks/node_modules_next_dist_1e8vcs8._.js:776
[  312293ms] [LOG] [Fast Refresh] done in 22ms @ http://localhost:3000/_next/static/chunks/node_modules_next_dist_1e8vcs8._.js:776
[  312352ms] [LOG] [Fast Refresh] done in 22ms @ http://localhost:3000/_next/static/chunks/node_modules_next_dist_1e8vcs8._.js:776
[  312419ms] [LOG] [Fast Refresh] done in 22ms @ http://localhost:3000/_next/static/chunks/node_modules_next_dist_1e8vcs8._.js:776
[  312486ms] [LOG] [Fast Refresh] done in 22ms @ http://localhost:3000/_next/static/chunks/node_modules_next_dist_1e8vcs8._.js:776
[  312526ms] [LOG] [Fast Refresh] done in 22ms @ http://localhost:3000/_next/static/chunks/node_modules_next_dist_1e8vcs8._.js:776
[  312593ms] [LOG] [Fast Refresh] done in 22ms @ http://localhost:3000/_next/static/chunks/node_modules_next_dist_1e8vcs8._.js:776
[  312652ms] [LOG] [Fast Refresh] done in 22ms @ http://localhost:3000/_next/static/chunks/node_modules_next_dist_1e8vcs8._.js:776
[  312717ms] [LOG] [Fast Refresh] done in 22ms @ http://localhost:3000/_next/static/chunks/node_modules_next_dist_1e8vcs8._.js:776
[  312795ms] [LOG] [Fast Refresh] done in 22ms @ http://localhost:3000/_next/static/chunks/node_modules_next_dist_1e8vcs8._.js:776
[  312855ms] [LOG] [Fast Refresh] done in 22ms @ http://localhost:3000/_next/static/chunks/node_modules_next_dist_1e8vcs8._.js:776
[  312919ms] [LOG] [Fast Refresh] done in 22ms @ http://localhost:3000/_next/static/chunks/node_modules_next_dist_1e8vcs8._.js:776
[  312984ms] [LOG] [Fast Refresh] done in 22ms @ http://localhost:3000/_next/static/chunks/node_modules_next_dist_1e8vcs8._.js:776
[  313064ms] [LOG] [Fast Refresh] done in 22ms @ http://localhost:3000/_next/static/chunks/node_modules_next_dist_1e8vcs8._.js:776
[  313126ms] [LOG] [Fast Refresh] done in 22ms @ http://localhost:3000/_next/static/chunks/node_modules_next_dist_1e8vcs8._.js:776
[  313184ms] [LOG] [Fast Refresh] done in 22ms @ http://localhost:3000/_next/static/chunks/node_modules_next_dist_1e8vcs8._.js:776
[  313249ms] [LOG] [Fast Refresh] done in 22ms @ http://localhost:3000/_next/static/chunks/node_modules_next_dist_1e8vcs8._.js:776
[  313308ms] [LOG] [Fast Refresh] done in 22ms @ http://localhost:3000/_next/static/chunks/node_modules_next_dist_1e8vcs8._.js:776
[  313371ms] [LOG] [Fast Refresh] done in 22ms @ http://localhost:3000/_next/static/chunks/node_modules_next_dist_1e8vcs8._.js:776
[  313494ms] [LOG] [Fast Refresh] done in 22ms @ http://localhost:3000/_next/static/chunks/node_modules_next_dist_1e8vcs8._.js:776
[  313548ms] [LOG] [Fast Refresh] done in 22ms @ http://localhost:3000/_next/static/chunks/node_modules_next_dist_1e8vcs8._.js:776
[  313609ms] [LOG] [Fast Refresh] done in 22ms @ http://localhost:3000/_next/static/chunks/node_modules_next_dist_1e8vcs8._.js:776
[  313672ms] [LOG] [Fast Refresh] done in 22ms @ http://localhost:3000/_next/static/chunks/node_modules_next_dist_1e8vcs8._.js:776
[  313752ms] [LOG] [Fast Refresh] done in 22ms @ http://localhost:3000/_next/static/chunks/node_modules_next_dist_1e8vcs8._.js:776
[  313804ms] [LOG] [Fast Refresh] done in 22ms @ http://localhost:3000/_next/static/chunks/node_modules_next_dist_1e8vcs8._.js:776
[  313861ms] [LOG] [Fast Refresh] done in 22ms @ http://localhost:3000/_next/static/chunks/node_modules_next_dist_1e8vcs8._.js:776
[  313924ms] [LOG] [Fast Refresh] done in 22ms @ http://localhost:3000/_next/static/chunks/node_modules_next_dist_1e8vcs8._.js:776
[  313986ms] [LOG] [Fast Refresh] done in 22ms @ http://localhost:3000/_next/static/chunks/node_modules_next_dist_1e8vcs8._.js:776
[  314070ms] [LOG] [Fast Refresh] done in 22ms @ http://localhost:3000/_next/static/chunks/node_modules_next_dist_1e8vcs8._.js:776
[  314130ms] [LOG] [Fast Refresh] done in 22ms @ http://localhost:3000/_next/static/chunks/node_modules_next_dist_1e8vcs8._.js:776
[  314191ms] [LOG] [Fast Refresh] done in 22ms @ http://localhost:3000/_next/static/chunks/node_modules_next_dist_1e8vcs8._.js:776
[  314301ms] [LOG] [Fast Refresh] done in 22ms @ http://localhost:3000/_next/static/chunks/node_modules_next_dist_1e8vcs8._.js:776
[  314368ms] [LOG] [Fast Refresh] done in 22ms @ http://localhost:3000/_next/static/chunks/node_modules_next_dist_1e8vcs8._.js:776
[  314444ms] [LOG] [Fast Refresh] done in 22ms @ http://localhost:3000/_next/static/chunks/node_modules_next_dist_1e8vcs8._.js:776
[  314506ms] [LOG] [Fast Refresh] done in 22ms @ http://localhost:3000/_next/static/chunks/node_modules_next_dist_1e8vcs8._.js:776
[  314566ms] [LOG] [Fast Refresh] done in 22ms @ http://localhost:3000/_next/static/chunks/node_modules_next_dist_1e8vcs8._.js:776
[  314629ms] [LOG] [Fast Refresh] done in 22ms @ http://localhost:3000/_next/static/chunks/node_modules_next_dist_1e8vcs8._.js:776
[  314693ms] [LOG] [Fast Refresh] done in 22ms @ http://localhost:3000/_next/static/chunks/node_modules_next_dist_1e8vcs8._.js:776
[  314754ms] [LOG] [Fast Refresh] done in 22ms @ http://localhost:3000/_next/static/chunks/node_modules_next_dist_1e8vcs8._.js:776
[  314817ms] [LOG] [Fast Refresh] done in 22ms @ http://localhost:3000/_next/static/chunks/node_modules_next_dist_1e8vcs8._.js:776
[  314880ms] [LOG] [Fast Refresh] done in 22ms @ http://localhost:3000/_next/static/chunks/node_modules_next_dist_1e8vcs8._.js:776
[  314935ms] [LOG] [Fast Refresh] done in 22ms @ http://localhost:3000/_next/static/chunks/node_modules_next_dist_1e8vcs8._.js:776
[  314990ms] [LOG] [Fast Refresh] done in 22ms @ http://localhost:3000/_next/static/chunks/node_modules_next_dist_1e8vcs8._.js:776
[  315057ms] [LOG] [Fast Refresh] done in 22ms @ http://localhost:3000/_next/static/chunks/node_modules_next_dist_1e8vcs8._.js:776
[  315114ms] [LOG] [Fast Refresh] done in 22ms @ http://localhost:3000/_next/static/chunks/node_modules_next_dist_1e8vcs8._.js:776
[  315178ms] [LOG] [Fast Refresh] done in 22ms @ http://localhost:3000/_next/static/chunks/node_modules_next_dist_1e8vcs8._.js:776
[  315240ms] [LOG] [Fast Refresh] done in 22ms @ http://localhost:3000/_next/static/chunks/node_modules_next_dist_1e8vcs8._.js:776
[  315319ms] [LOG] [Fast Refresh] done in 22ms @ http://localhost:3000/_next/static/chunks/node_modules_next_dist_1e8vcs8._.js:776
[  315383ms] [LOG] [Fast Refresh] done in 22ms @ http://localhost:3000/_next/static/chunks/node_modules_next_dist_1e8vcs8._.js:776
[  315446ms] [LOG] [Fast Refresh] done in 22ms @ http://localhost:3000/_next/static/chunks/node_modules_next_dist_1e8vcs8._.js:776
[  315527ms] [LOG] [Fast Refresh] done in 22ms @ http://localhost:3000/_next/static/chunks/node_modules_next_dist_1e8vcs8._.js:776
[  315587ms] [LOG] [Fast Refresh] done in 22ms @ http://localhost:3000/_next/static/chunks/node_modules_next_dist_1e8vcs8._.js:776
[  315649ms] [LOG] [Fast Refresh] done in 22ms @ http://localhost:3000/_next/static/chunks/node_modules_next_dist_1e8vcs8._.js:776
[  315714ms] [LOG] [Fast Refresh] done in 22ms @ http://localhost:3000/_next/static/chunks/node_modules_next_dist_1e8vcs8._.js:776
[  315774ms] [LOG] [Fast Refresh] done in 22ms @ http://localhost:3000/_next/static/chunks/node_modules_next_dist_1e8vcs8._.js:776
[  315822ms] [LOG] [Fast Refresh] done in 22ms @ http://localhost:3000/_next/static/chunks/node_modules_next_dist_1e8vcs8._.js:776
[  315886ms] [LOG] [Fast Refresh] done in 22ms @ http://localhost:3000/_next/static/chunks/node_modules_next_dist_1e8vcs8._.js:776
[  315953ms] [LOG] [Fast Refresh] done in 22ms @ http://localhost:3000/_next/static/chunks/node_modules_next_dist_1e8vcs8._.js:776
[  316026ms] [LOG] [Fast Refresh] done in 22ms @ http://localhost:3000/_next/static/chunks/node_modules_next_dist_1e8vcs8._.js:776
[  316090ms] [LOG] [Fast Refresh] done in 22ms @ http://localhost:3000/_next/static/chunks/node_modules_next_dist_1e8vcs8._.js:776
[  316170ms] [LOG] [Fast Refresh] done in 22ms @ http://localhost:3000/_next/static/chunks/node_modules_next_dist_1e8vcs8._.js:776
[  316243ms] [LOG] [Fast Refresh] done in 22ms @ http://localhost:3000/_next/static/chunks/node_modules_next_dist_1e8vcs8._.js:776
[  316311ms] [LOG] [Fast Refresh] done in 22ms @ http://localhost:3000/_next/static/chunks/node_modules_next_dist_1e8vcs8._.js:776
[  316405ms] [LOG] [Fast Refresh] done in 22ms @ http://localhost:3000/_next/static/chunks/node_modules_next_dist_1e8vcs8._.js:776
[  316467ms] [LOG] [Fast Refresh] done in 22ms @ http://localhost:3000/_next/static/chunks/node_modules_next_dist_1e8vcs8._.js:776
[  316558ms] [LOG] [Fast Refresh] done in 22ms @ http://localhost:3000/_next/static/chunks/node_modules_next_dist_1e8vcs8._.js:776
[  316615ms] [LOG] [Fast Refresh] done in 22ms @ http://localhost:3000/_next/static/chunks/node_modules_next_dist_1e8vcs8._.js:776
[  316669ms] [LOG] [Fast Refresh] done in 22ms @ http://localhost:3000/_next/static/chunks/node_modules_next_dist_1e8vcs8._.js:776
[  316730ms] [LOG] [Fast Refresh] done in 22ms @ http://localhost:3000/_next/static/chunks/node_modules_next_dist_1e8vcs8._.js:776
[  316793ms] [LOG] [Fast Refresh] done in 22ms @ http://localhost:3000/_next/static/chunks/node_modules_next_dist_1e8vcs8._.js:776
[  316857ms] [LOG] [Fast Refresh] done in 22ms @ http://localhost:3000/_next/static/chunks/node_modules_next_dist_1e8vcs8._.js:776
[  316920ms] [LOG] [Fast Refresh] done in 22ms @ http://localhost:3000/_next/static/chunks/node_modules_next_dist_1e8vcs8._.js:776
[  316982ms] [LOG] [Fast Refresh] done in 22ms @ http://localhost:3000/_next/static/chunks/node_modules_next_dist_1e8vcs8._.js:776
[  317080ms] [LOG] [Fast Refresh] done in 22ms @ http://localhost:3000/_next/static/chunks/node_modules_next_dist_1e8vcs8._.js:776
[  317138ms] [LOG] [Fast Refresh] done in 22ms @ http://localhost:3000/_next/static/chunks/node_modules_next_dist_1e8vcs8._.js:776
[  317203ms] [LOG] [Fast Refresh] done in 22ms @ http://localhost:3000/_next/static/chunks/node_modules_next_dist_1e8vcs8._.js:776
[  317268ms] [LOG] [Fast Refresh] done in 22ms @ http://localhost:3000/_next/static/chunks/node_modules_next_dist_1e8vcs8._.js:776
[  317329ms] [LOG] [Fast Refresh] done in 22ms @ http://localhost:3000/_next/static/chunks/node_modules_next_dist_1e8vcs8._.js:776
[  317392ms] [LOG] [Fast Refresh] done in 22ms @ http://localhost:3000/_next/static/chunks/node_modules_next_dist_1e8vcs8._.js:776
[  317457ms] [LOG] [Fast Refresh] done in 22ms @ http://localhost:3000/_next/static/chunks/node_modules_next_dist_1e8vcs8._.js:776
[  317517ms] [LOG] [Fast Refresh] done in 22ms @ http://localhost:3000/_next/static/chunks/node_modules_next_dist_1e8vcs8._.js:776
[  317582ms] [LOG] [Fast Refresh] done in 22ms @ http://localhost:3000/_next/static/chunks/node_modules_next_dist_1e8vcs8._.js:776
[  317646ms] [LOG] [Fast Refresh] done in 22ms @ http://localhost:3000/_next/static/chunks/node_modules_next_dist_1e8vcs8._.js:776
[  317717ms] [LOG] [Fast Refresh] done in 22ms @ http://localhost:3000/_next/static/chunks/node_modules_next_dist_1e8vcs8._.js:776
[  317794ms] [LOG] [Fast Refresh] done in 22ms @ http://localhost:3000/_next/static/chunks/node_modules_next_dist_1e8vcs8._.js:776
[  317847ms] [LOG] [Fast Refresh] done in 22ms @ http://localhost:3000/_next/static/chunks/node_modules_next_dist_1e8vcs8._.js:776
[  317910ms] [LOG] [Fast Refresh] done in 22ms @ http://localhost:3000/_next/static/chunks/node_modules_next_dist_1e8vcs8._.js:776
[  317990ms] [LOG] [Fast Refresh] done in 22ms @ http://localhost:3000/_next/static/chunks/node_modules_next_dist_1e8vcs8._.js:776
[  318037ms] [LOG] [Fast Refresh] done in 22ms @ http://localhost:3000/_next/static/chunks/node_modules_next_dist_1e8vcs8._.js:776
[  318118ms] [LOG] [Fast Refresh] done in 22ms @ http://localhost:3000/_next/static/chunks/node_modules_next_dist_1e8vcs8._.js:776
[  318177ms] [LOG] [Fast Refresh] done in 22ms @ http://localhost:3000/_next/static/chunks/node_modules_next_dist_1e8vcs8._.js:776
[  318227ms] [LOG] [Fast Refresh] done in 22ms @ http://localhost:3000/_next/static/chunks/node_modules_next_dist_1e8vcs8._.js:776
[  318275ms] [LOG] [Fast Refresh] done in 22ms @ http://localhost:3000/_next/static/chunks/node_modules_next_dist_1e8vcs8._.js:776
[  318321ms] [LOG] [Fast Refresh] done in 22ms @ http://localhost:3000/_next/static/chunks/node_modules_next_dist_1e8vcs8._.js:776
[  318369ms] [LOG] [Fast Refresh] done in 22ms @ http://localhost:3000/_next/static/chunks/node_modules_next_dist_1e8vcs8._.js:776
[  318433ms] [LOG] [Fast Refresh] done in 22ms @ http://localhost:3000/_next/static/chunks/node_modules_next_dist_1e8vcs8._.js:776
[  318496ms] [LOG] [Fast Refresh] done in 22ms @ http://localhost:3000/_next/static/chunks/node_modules_next_dist_1e8vcs8._.js:776
[  318558ms] [LOG] [Fast Refresh] done in 22ms @ http://localhost:3000/_next/static/chunks/node_modules_next_dist_1e8vcs8._.js:776
[  318605ms] [LOG] [Fast Refresh] done in 22ms @ http://localhost:3000/_next/static/chunks/node_modules_next_dist_1e8vcs8._.js:776
[  318702ms] [LOG] [Fast Refresh] done in 22ms @ http://localhost:3000/_next/static/chunks/node_modules_next_dist_1e8vcs8._.js:776
[  318764ms] [LOG] [Fast Refresh] done in 22ms @ http://localhost:3000/_next/static/chunks/node_modules_next_dist_1e8vcs8._.js:776
[  318824ms] [LOG] [Fast Refresh] done in 22ms @ http://localhost:3000/_next/static/chunks/node_modules_next_dist_1e8vcs8._.js:776
[  318887ms] [LOG] [Fast Refresh] done in 22ms @ http://localhost:3000/_next/static/chunks/node_modules_next_dist_1e8vcs8._.js:776
[  318949ms] [LOG] [Fast Refresh] done in 22ms @ http://localhost:3000/_next/static/chunks/node_modules_next_dist_1e8vcs8._.js:776
[  319018ms] [LOG] [Fast Refresh] done in 22ms @ http://localhost:3000/_next/static/chunks/node_modules_next_dist_1e8vcs8._.js:776
[  319077ms] [LOG] [Fast Refresh] done in 22ms @ http://localhost:3000/_next/static/chunks/node_modules_next_dist_1e8vcs8._.js:776
[  319141ms] [LOG] [Fast Refresh] done in 22ms @ http://localhost:3000/_next/static/chunks/node_modules_next_dist_1e8vcs8._.js:776
[  319269ms] [LOG] [Fast Refresh] done in 22ms @ http://localhost:3000/_next/static/chunks/node_modules_next_dist_1e8vcs8._.js:776
[  319338ms] [LOG] [Fast Refresh] done in 22ms @ http://localhost:3000/_next/static/chunks/node_modules_next_dist_1e8vcs8._.js:776
[  319415ms] [LOG] [Fast Refresh] done in 22ms @ http://localhost:3000/_next/static/chunks/node_modules_next_dist_1e8vcs8._.js:776
[  319480ms] [LOG] [Fast Refresh] done in 22ms @ http://localhost:3000/_next/static/chunks/node_modules_next_dist_1e8vcs8._.js:776
[  319569ms] [LOG] [Fast Refresh] done in 22ms @ http://localhost:3000/_next/static/chunks/node_modules_next_dist_1e8vcs8._.js:776
[  319635ms] [LOG] [Fast Refresh] done in 22ms @ http://localhost:3000/_next/static/chunks/node_modules_next_dist_1e8vcs8._.js:776
[  319698ms] [LOG] [Fast Refresh] done in 22ms @ http://localhost:3000/_next/static/chunks/node_modules_next_dist_1e8vcs8._.js:776
[  319761ms] [LOG] [Fast Refresh] done in 22ms @ http://localhost:3000/_next/static/chunks/node_modules_next_dist_1e8vcs8._.js:776
[  319869ms] [LOG] [Fast Refresh] done in 22ms @ http://localhost:3000/_next/static/chunks/node_modules_next_dist_1e8vcs8._.js:776
[  319932ms] [LOG] [Fast Refresh] done in 22ms @ http://localhost:3000/_next/static/chunks/node_modules_next_dist_1e8vcs8._.js:776
[  319995ms] [LOG] [Fast Refresh] done in 22ms @ http://localhost:3000/_next/static/chunks/node_modules_next_dist_1e8vcs8._.js:776
[  320095ms] [LOG] [Fast Refresh] done in 22ms @ http://localhost:3000/_next/static/chunks/node_modules_next_dist_1e8vcs8._.js:776
[  320150ms] [LOG] [Fast Refresh] done in 22ms @ http://localhost:3000/_next/static/chunks/node_modules_next_dist_1e8vcs8._.js:776
[  320214ms] [LOG] [Fast Refresh] done in 22ms @ http://localhost:3000/_next/static/chunks/node_modules_next_dist_1e8vcs8._.js:776
[  320276ms] [LOG] [Fast Refresh] done in 22ms @ http://localhost:3000/_next/static/chunks/node_modules_next_dist_1e8vcs8._.js:776
[  320338ms] [LOG] [Fast Refresh] done in 22ms @ http://localhost:3000/_next/static/chunks/node_modules_next_dist_1e8vcs8._.js:776
[  320400ms] [LOG] [Fast Refresh] done in 22ms @ http://localhost:3000/_next/static/chunks/node_modules_next_dist_1e8vcs8._.js:776
[  320464ms] [LOG] [Fast Refresh] done in 22ms @ http://localhost:3000/_next/static/chunks/node_modules_next_dist_1e8vcs8._.js:776
[  320524ms] [LOG] [Fast Refresh] done in 22ms @ http://localhost:3000/_next/static/chunks/node_modules_next_dist_1e8vcs8._.js:776
[  320588ms] [LOG] [Fast Refresh] done in 22ms @ http://localhost:3000/_next/static/chunks/node_modules_next_dist_1e8vcs8._.js:776
[  320665ms] [LOG] [Fast Refresh] done in 22ms @ http://localhost:3000/_next/static/chunks/node_modules_next_dist_1e8vcs8._.js:776
[  320746ms] [LOG] [Fast Refresh] done in 22ms @ http://localhost:3000/_next/static/chunks/node_modules_next_dist_1e8vcs8._.js:776
[  320807ms] [LOG] [Fast Refresh] done in 22ms @ http://localhost:3000/_next/static/chunks/node_modules_next_dist_1e8vcs8._.js:776
[  320871ms] [LOG] [Fast Refresh] done in 22ms @ http://localhost:3000/_next/static/chunks/node_modules_next_dist_1e8vcs8._.js:776
[  320936ms] [LOG] [Fast Refresh] done in 22ms @ http://localhost:3000/_next/static/chunks/node_modules_next_dist_1e8vcs8._.js:776
[  320996ms] [LOG] [Fast Refresh] done in 22ms @ http://localhost:3000/_next/static/chunks/node_modules_next_dist_1e8vcs8._.js:776
[  321058ms] [LOG] [Fast Refresh] done in 22ms @ http://localhost:3000/_next/static/chunks/node_modules_next_dist_1e8vcs8._.js:776
[  321119ms] [LOG] [Fast Refresh] done in 22ms @ http://localhost:3000/_next/static/chunks/node_modules_next_dist_1e8vcs8._.js:776
[  321184ms] [LOG] [Fast Refresh] done in 22ms @ http://localhost:3000/_next/static/chunks/node_modules_next_dist_1e8vcs8._.js:776
[  321245ms] [LOG] [Fast Refresh] done in 22ms @ http://localhost:3000/_next/static/chunks/node_modules_next_dist_1e8vcs8._.js:776
[  321306ms] [LOG] [Fast Refresh] done in 22ms @ http://localhost:3000/_next/static/chunks/node_modules_next_dist_1e8vcs8._.js:776
[  321369ms] [LOG] [Fast Refresh] done in 22ms @ http://localhost:3000/_next/static/chunks/node_modules_next_dist_1e8vcs8._.js:776
[  321429ms] [LOG] [Fast Refresh] done in 22ms @ http://localhost:3000/_next/static/chunks/node_modules_next_dist_1e8vcs8._.js:776
[  321493ms] [LOG] [Fast Refresh] done in 22ms @ http://localhost:3000/_next/static/chunks/node_modules_next_dist_1e8vcs8._.js:776
[  321555ms] [LOG] [Fast Refresh] done in 22ms @ http://localhost:3000/_next/static/chunks/node_modules_next_dist_1e8vcs8._.js:776
[  321635ms] [LOG] [Fast Refresh] done in 22ms @ http://localhost:3000/_next/static/chunks/node_modules_next_dist_1e8vcs8._.js:776
[  321718ms] [LOG] [Fast Refresh] done in 22ms @ http://localhost:3000/_next/static/chunks/node_modules_next_dist_1e8vcs8._.js:776
[  322001ms] [LOG] [Fast Refresh] done in 22ms @ http://localhost:3000/_next/static/chunks/node_modules_next_dist_1e8vcs8._.js:776
[  322069ms] [LOG] [Fast Refresh] done in 22ms @ http://localhost:3000/_next/static/chunks/node_modules_next_dist_1e8vcs8._.js:776
[  322131ms] [LOG] [Fast Refresh] done in 22ms @ http://localhost:3000/_next/static/chunks/node_modules_next_dist_1e8vcs8._.js:776
[  322193ms] [LOG] [Fast Refresh] done in 22ms @ http://localhost:3000/_next/static/chunks/node_modules_next_dist_1e8vcs8._.js:776
[  322259ms] [LOG] [Fast Refresh] done in 22ms @ http://localhost:3000/_next/static/chunks/node_modules_next_dist_1e8vcs8._.js:776
[  322322ms] [LOG] [Fast Refresh] done in 22ms @ http://localhost:3000/_next/static/chunks/node_modules_next_dist_1e8vcs8._.js:776
[  322384ms] [LOG] [Fast Refresh] done in 22ms @ http://localhost:3000/_next/static/chunks/node_modules_next_dist_1e8vcs8._.js:776
[  322446ms] [LOG] [Fast Refresh] done in 22ms @ http://localhost:3000/_next/static/chunks/node_modules_next_dist_1e8vcs8._.js:776
[  322508ms] [LOG] [Fast Refresh] done in 22ms @ http://localhost:3000/_next/static/chunks/node_modules_next_dist_1e8vcs8._.js:776
[  322570ms] [LOG] [Fast Refresh] done in 22ms @ http://localhost:3000/_next/static/chunks/node_modules_next_dist_1e8vcs8._.js:776
[  322634ms] [LOG] [Fast Refresh] done in 22ms @ http://localhost:3000/_next/static/chunks/node_modules_next_dist_1e8vcs8._.js:776
[  322698ms] [LOG] [Fast Refresh] done in 22ms @ http://localhost:3000/_next/static/chunks/node_modules_next_dist_1e8vcs8._.js:776
[  322767ms] [LOG] [Fast Refresh] done in 22ms @ http://localhost:3000/_next/static/chunks/node_modules_next_dist_1e8vcs8._.js:776
[  322840ms] [LOG] [Fast Refresh] done in 22ms @ http://localhost:3000/_next/static/chunks/node_modules_next_dist_1e8vcs8._.js:776
[  322936ms] [LOG] [Fast Refresh] done in 22ms @ http://localhost:3000/_next/static/chunks/node_modules_next_dist_1e8vcs8._.js:776
[  322995ms] [LOG] [Fast Refresh] done in 22ms @ http://localhost:3000/_next/static/chunks/node_modules_next_dist_1e8vcs8._.js:776
[  323131ms] [LOG] [Fast Refresh] done in 22ms @ http://localhost:3000/_next/static/chunks/node_modules_next_dist_1e8vcs8._.js:776
[  323198ms] [LOG] [Fast Refresh] done in 22ms @ http://localhost:3000/_next/static/chunks/node_modules_next_dist_1e8vcs8._.js:776
[  323269ms] [LOG] [Fast Refresh] done in 22ms @ http://localhost:3000/_next/static/chunks/node_modules_next_dist_1e8vcs8._.js:776
[  323351ms] [LOG] [Fast Refresh] done in 22ms @ http://localhost:3000/_next/static/chunks/node_modules_next_dist_1e8vcs8._.js:776
[  323426ms] [LOG] [Fast Refresh] done in 22ms @ http://localhost:3000/_next/static/chunks/node_modules_next_dist_1e8vcs8._.js:776
[  323496ms] [LOG] [Fast Refresh] done in 22ms @ http://localhost:3000/_next/static/chunks/node_modules_next_dist_1e8vcs8._.js:776
[  323557ms] [LOG] [Fast Refresh] done in 22ms @ http://localhost:3000/_next/static/chunks/node_modules_next_dist_1e8vcs8._.js:776
[  323621ms] [LOG] [Fast Refresh] done in 22ms @ http://localhost:3000/_next/static/chunks/node_modules_next_dist_1e8vcs8._.js:776
[  323684ms] [LOG] [Fast Refresh] done in 22ms @ http://localhost:3000/_next/static/chunks/node_modules_next_dist_1e8vcs8._.js:776
[  323746ms] [LOG] [Fast Refresh] done in 22ms @ http://localhost:3000/_next/static/chunks/node_modules_next_dist_1e8vcs8._.js:776
[  323810ms] [LOG] [Fast Refresh] done in 22ms @ http://localhost:3000/_next/static/chunks/node_modules_next_dist_1e8vcs8._.js:776
[  323871ms] [LOG] [Fast Refresh] done in 22ms @ http://localhost:3000/_next/static/chunks/node_modules_next_dist_1e8vcs8._.js:776
[  323932ms] [LOG] [Fast Refresh] done in 22ms @ http://localhost:3000/_next/static/chunks/node_modules_next_dist_1e8vcs8._.js:776
[  323995ms] [LOG] [Fast Refresh] done in 22ms @ http://localhost:3000/_next/static/chunks/node_modules_next_dist_1e8vcs8._.js:776
[  324065ms] [LOG] [Fast Refresh] done in 22ms @ http://localhost:3000/_next/static/chunks/node_modules_next_dist_1e8vcs8._.js:776
[  324138ms] [LOG] [Fast Refresh] done in 22ms @ http://localhost:3000/_next/static/chunks/node_modules_next_dist_1e8vcs8._.js:776
[  324197ms] [LOG] [Fast Refresh] done in 22ms @ http://localhost:3000/_next/static/chunks/node_modules_next_dist_1e8vcs8._.js:776
[  324263ms] [LOG] [Fast Refresh] done in 22ms @ http://localhost:3000/_next/static/chunks/node_modules_next_dist_1e8vcs8._.js:776
[  324325ms] [LOG] [Fast Refresh] done in 22ms @ http://localhost:3000/_next/static/chunks/node_modules_next_dist_1e8vcs8._.js:776
[  324386ms] [LOG] [Fast Refresh] done in 22ms @ http://localhost:3000/_next/static/chunks/node_modules_next_dist_1e8vcs8._.js:776
[  324447ms] [LOG] [Fast Refresh] done in 22ms @ http://localhost:3000/_next/static/chunks/node_modules_next_dist_1e8vcs8._.js:776
[  324511ms] [LOG] [Fast Refresh] done in 22ms @ http://localhost:3000/_next/static/chunks/node_modules_next_dist_1e8vcs8._.js:776
[  324574ms] [LOG] [Fast Refresh] done in 22ms @ http://localhost:3000/_next/static/chunks/node_modules_next_dist_1e8vcs8._.js:776
[  324635ms] [LOG] [Fast Refresh] done in 22ms @ http://localhost:3000/_next/static/chunks/node_modules_next_dist_1e8vcs8._.js:776
[  324697ms] [LOG] [Fast Refresh] done in 22ms @ http://localhost:3000/_next/static/chunks/node_modules_next_dist_1e8vcs8._.js:776
[  324759ms] [LOG] [Fast Refresh] done in 22ms @ http://localhost:3000/_next/static/chunks/node_modules_next_dist_1e8vcs8._.js:776
[  324824ms] [LOG] [Fast Refresh] done in 22ms @ http://localhost:3000/_next/static/chunks/node_modules_next_dist_1e8vcs8._.js:776
[  324886ms] [LOG] [Fast Refresh] done in 22ms @ http://localhost:3000/_next/static/chunks/node_modules_next_dist_1e8vcs8._.js:776
[  324950ms] [LOG] [Fast Refresh] done in 22ms @ http://localhost:3000/_next/static/chunks/node_modules_next_dist_1e8vcs8._.js:776
[  325010ms] [LOG] [Fast Refresh] done in 22ms @ http://localhost:3000/_next/static/chunks/node_modules_next_dist_1e8vcs8._.js:776
[  325072ms] [LOG] [Fast Refresh] done in 22ms @ http://localhost:3000/_next/static/chunks/node_modules_next_dist_1e8vcs8._.js:776
[  325143ms] [LOG] [Fast Refresh] done in 22ms @ http://localhost:3000/_next/static/chunks/node_modules_next_dist_1e8vcs8._.js:776
[  325212ms] [LOG] [Fast Refresh] done in 22ms @ http://localhost:3000/_next/static/chunks/node_modules_next_dist_1e8vcs8._.js:776
[  325279ms] [LOG] [Fast Refresh] done in 22ms @ http://localhost:3000/_next/static/chunks/node_modules_next_dist_1e8vcs8._.js:776
[  325338ms] [LOG] [Fast Refresh] done in 22ms @ http://localhost:3000/_next/static/chunks/node_modules_next_dist_1e8vcs8._.js:776
[  325403ms] [LOG] [Fast Refresh] done in 22ms @ http://localhost:3000/_next/static/chunks/node_modules_next_dist_1e8vcs8._.js:776
[  325465ms] [LOG] [Fast Refresh] done in 22ms @ http://localhost:3000/_next/static/chunks/node_modules_next_dist_1e8vcs8._.js:776
[  325524ms] [LOG] [Fast Refresh] done in 22ms @ http://localhost:3000/_next/static/chunks/node_modules_next_dist_1e8vcs8._.js:776
[  325587ms] [LOG] [Fast Refresh] done in 22ms @ http://localhost:3000/_next/static/chunks/node_modules_next_dist_1e8vcs8._.js:776
[  325649ms] [LOG] [Fast Refresh] done in 22ms @ http://localhost:3000/_next/static/chunks/node_modules_next_dist_1e8vcs8._.js:776
[  325716ms] [LOG] [Fast Refresh] done in 22ms @ http://localhost:3000/_next/static/chunks/node_modules_next_dist_1e8vcs8._.js:776
[  325776ms] [LOG] [Fast Refresh] done in 22ms @ http://localhost:3000/_next/static/chunks/node_modules_next_dist_1e8vcs8._.js:776
[  325840ms] [LOG] [Fast Refresh] done in 22ms @ http://localhost:3000/_next/static/chunks/node_modules_next_dist_1e8vcs8._.js:776
[  325910ms] [LOG] [Fast Refresh] done in 22ms @ http://localhost:3000/_next/static/chunks/node_modules_next_dist_1e8vcs8._.js:776
[  325993ms] [LOG] [Fast Refresh] done in 22ms @ http://localhost:3000/_next/static/chunks/node_modules_next_dist_1e8vcs8._.js:776
[  326062ms] [LOG] [Fast Refresh] done in 22ms @ http://localhost:3000/_next/static/chunks/node_modules_next_dist_1e8vcs8._.js:776
[  326122ms] [LOG] [Fast Refresh] done in 22ms @ http://localhost:3000/_next/static/chunks/node_modules_next_dist_1e8vcs8._.js:776
[  326170ms] [LOG] [Fast Refresh] done in 22ms @ http://localhost:3000/_next/static/chunks/node_modules_next_dist_1e8vcs8._.js:776
[  326231ms] [LOG] [Fast Refresh] done in 22ms @ http://localhost:3000/_next/static/chunks/node_modules_next_dist_1e8vcs8._.js:776
[  326294ms] [LOG] [Fast Refresh] done in 22ms @ http://localhost:3000/_next/static/chunks/node_modules_next_dist_1e8vcs8._.js:776
[  326402ms] [LOG] [Fast Refresh] done in 22ms @ http://localhost:3000/_next/static/chunks/node_modules_next_dist_1e8vcs8._.js:776
[  326471ms] [LOG] [Fast Refresh] done in 22ms @ http://localhost:3000/_next/static/chunks/node_modules_next_dist_1e8vcs8._.js:776
[  326530ms] [LOG] [Fast Refresh] done in 22ms @ http://localhost:3000/_next/static/chunks/node_modules_next_dist_1e8vcs8._.js:776
[  326590ms] [LOG] [Fast Refresh] done in 22ms @ http://localhost:3000/_next/static/chunks/node_modules_next_dist_1e8vcs8._.js:776
[  326652ms] [LOG] [Fast Refresh] done in 22ms @ http://localhost:3000/_next/static/chunks/node_modules_next_dist_1e8vcs8._.js:776
[  326716ms] [LOG] [Fast Refresh] done in 22ms @ http://localhost:3000/_next/static/chunks/node_modules_next_dist_1e8vcs8._.js:776
[  326778ms] [LOG] [Fast Refresh] done in 22ms @ http://localhost:3000/_next/static/chunks/node_modules_next_dist_1e8vcs8._.js:776
[  326829ms] [LOG] [Fast Refresh] done in 22ms @ http://localhost:3000/_next/static/chunks/node_modules_next_dist_1e8vcs8._.js:776
[  326987ms] [LOG] [Fast Refresh] done in 22ms @ http://localhost:3000/_next/static/chunks/node_modules_next_dist_1e8vcs8._.js:776
[  327048ms] [LOG] [Fast Refresh] done in 22ms @ http://localhost:3000/_next/static/chunks/node_modules_next_dist_1e8vcs8._.js:776
[  327112ms] [LOG] [Fast Refresh] done in 22ms @ http://localhost:3000/_next/static/chunks/node_modules_next_dist_1e8vcs8._.js:776
[  327176ms] [LOG] [Fast Refresh] done in 22ms @ http://localhost:3000/_next/static/chunks/node_modules_next_dist_1e8vcs8._.js:776
[  327268ms] [LOG] [Fast Refresh] done in 22ms @ http://localhost:3000/_next/static/chunks/node_modules_next_dist_1e8vcs8._.js:776
[  327352ms] [LOG] [Fast Refresh] done in 22ms @ http://localhost:3000/_next/static/chunks/node_modules_next_dist_1e8vcs8._.js:776
[  327416ms] [LOG] [Fast Refresh] done in 22ms @ http://localhost:3000/_next/static/chunks/node_modules_next_dist_1e8vcs8._.js:776
[  327497ms] [LOG] [Fast Refresh] done in 22ms @ http://localhost:3000/_next/static/chunks/node_modules_next_dist_1e8vcs8._.js:776
[  327569ms] [LOG] [Fast Refresh] done in 22ms @ http://localhost:3000/_next/static/chunks/node_modules_next_dist_1e8vcs8._.js:776
[  327645ms] [LOG] [Fast Refresh] done in 22ms @ http://localhost:3000/_next/static/chunks/node_modules_next_dist_1e8vcs8._.js:776
[  327706ms] [LOG] [Fast Refresh] done in 22ms @ http://localhost:3000/_next/static/chunks/node_modules_next_dist_1e8vcs8._.js:776
[  327762ms] [LOG] [Fast Refresh] done in 22ms @ http://localhost:3000/_next/static/chunks/node_modules_next_dist_1e8vcs8._.js:776
[  327808ms] [LOG] [Fast Refresh] done in 22ms @ http://localhost:3000/_next/static/chunks/node_modules_next_dist_1e8vcs8._.js:776
[  327889ms] [LOG] [Fast Refresh] done in 22ms @ http://localhost:3000/_next/static/chunks/node_modules_next_dist_1e8vcs8._.js:776
[  327950ms] [LOG] [Fast Refresh] done in 22ms @ http://localhost:3000/_next/static/chunks/node_modules_next_dist_1e8vcs8._.js:776
[  328013ms] [LOG] [Fast Refresh] done in 22ms @ http://localhost:3000/_next/static/chunks/node_modules_next_dist_1e8vcs8._.js:776
[  328076ms] [LOG] [Fast Refresh] done in 22ms @ http://localhost:3000/_next/static/chunks/node_modules_next_dist_1e8vcs8._.js:776
[  328154ms] [LOG] [Fast Refresh] done in 22ms @ http://localhost:3000/_next/static/chunks/node_modules_next_dist_1e8vcs8._.js:776
[  328217ms] [LOG] [Fast Refresh] done in 22ms @ http://localhost:3000/_next/static/chunks/node_modules_next_dist_1e8vcs8._.js:776
[  328339ms] [LOG] [Fast Refresh] done in 22ms @ http://localhost:3000/_next/static/chunks/node_modules_next_dist_1e8vcs8._.js:776
[  328408ms] [LOG] [Fast Refresh] done in 22ms @ http://localhost:3000/_next/static/chunks/node_modules_next_dist_1e8vcs8._.js:776
[  328470ms] [LOG] [Fast Refresh] done in 22ms @ http://localhost:3000/_next/static/chunks/node_modules_next_dist_1e8vcs8._.js:776
[  328550ms] [LOG] [Fast Refresh] done in 22ms @ http://localhost:3000/_next/static/chunks/node_modules_next_dist_1e8vcs8._.js:776
[  328602ms] [LOG] [Fast Refresh] done in 22ms @ http://localhost:3000/_next/static/chunks/node_modules_next_dist_1e8vcs8._.js:776
[  328646ms] [LOG] [Fast Refresh] done in 22ms @ http://localhost:3000/_next/static/chunks/node_modules_next_dist_1e8vcs8._.js:776
[  328708ms] [LOG] [Fast Refresh] done in 22ms @ http://localhost:3000/_next/static/chunks/node_modules_next_dist_1e8vcs8._.js:776
[  328772ms] [LOG] [Fast Refresh] done in 22ms @ http://localhost:3000/_next/static/chunks/node_modules_next_dist_1e8vcs8._.js:776
[  328835ms] [LOG] [Fast Refresh] done in 22ms @ http://localhost:3000/_next/static/chunks/node_modules_next_dist_1e8vcs8._.js:776
[  328923ms] [LOG] [Fast Refresh] done in 22ms @ http://localhost:3000/_next/static/chunks/node_modules_next_dist_1e8vcs8._.js:776
[  328978ms] [LOG] [Fast Refresh] done in 22ms @ http://localhost:3000/_next/static/chunks/node_modules_next_dist_1e8vcs8._.js:776
[  329041ms] [LOG] [Fast Refresh] done in 22ms @ http://localhost:3000/_next/static/chunks/node_modules_next_dist_1e8vcs8._.js:776
[  329105ms] [LOG] [Fast Refresh] done in 22ms @ http://localhost:3000/_next/static/chunks/node_modules_next_dist_1e8vcs8._.js:776
[  329169ms] [LOG] [Fast Refresh] done in 22ms @ http://localhost:3000/_next/static/chunks/node_modules_next_dist_1e8vcs8._.js:776
[  329239ms] [LOG] [Fast Refresh] done in 22ms @ http://localhost:3000/_next/static/chunks/node_modules_next_dist_1e8vcs8._.js:776
[  329295ms] [LOG] [Fast Refresh] done in 22ms @ http://localhost:3000/_next/static/chunks/node_modules_next_dist_1e8vcs8._.js:776
[  329359ms] [LOG] [Fast Refresh] done in 22ms @ http://localhost:3000/_next/static/chunks/node_modules_next_dist_1e8vcs8._.js:776
[  329422ms] [LOG] [Fast Refresh] done in 22ms @ http://localhost:3000/_next/static/chunks/node_modules_next_dist_1e8vcs8._.js:776
[  329613ms] [LOG] [Fast Refresh] done in 22ms @ http://localhost:3000/_next/static/chunks/node_modules_next_dist_1e8vcs8._.js:776
[  329674ms] [LOG] [Fast Refresh] done in 22ms @ http://localhost:3000/_next/static/chunks/node_modules_next_dist_1e8vcs8._.js:776
[  329738ms] [LOG] [Fast Refresh] done in 22ms @ http://localhost:3000/_next/static/chunks/node_modules_next_dist_1e8vcs8._.js:776
[  329801ms] [LOG] [Fast Refresh] done in 22ms @ http://localhost:3000/_next/static/chunks/node_modules_next_dist_1e8vcs8._.js:776
[  329866ms] [LOG] [Fast Refresh] done in 22ms @ http://localhost:3000/_next/static/chunks/node_modules_next_dist_1e8vcs8._.js:776
[  329929ms] [LOG] [Fast Refresh] done in 22ms @ http://localhost:3000/_next/static/chunks/node_modules_next_dist_1e8vcs8._.js:776
[  329993ms] [LOG] [Fast Refresh] done in 22ms @ http://localhost:3000/_next/static/chunks/node_modules_next_dist_1e8vcs8._.js:776
[  330057ms] [LOG] [Fast Refresh] done in 22ms @ http://localhost:3000/_next/static/chunks/node_modules_next_dist_1e8vcs8._.js:776
[  330127ms] [LOG] [Fast Refresh] done in 22ms @ http://localhost:3000/_next/static/chunks/node_modules_next_dist_1e8vcs8._.js:776
[  330197ms] [LOG] [Fast Refresh] done in 22ms @ http://localhost:3000/_next/static/chunks/node_modules_next_dist_1e8vcs8._.js:776
[  330260ms] [LOG] [Fast Refresh] done in 22ms @ http://localhost:3000/_next/static/chunks/node_modules_next_dist_1e8vcs8._.js:776
[  330325ms] [LOG] [Fast Refresh] done in 22ms @ http://localhost:3000/_next/static/chunks/node_modules_next_dist_1e8vcs8._.js:776
[  330387ms] [LOG] [Fast Refresh] done in 22ms @ http://localhost:3000/_next/static/chunks/node_modules_next_dist_1e8vcs8._.js:776
[  330450ms] [LOG] [Fast Refresh] done in 22ms @ http://localhost:3000/_next/static/chunks/node_modules_next_dist_1e8vcs8._.js:776
[  330512ms] [LOG] [Fast Refresh] done in 22ms @ http://localhost:3000/_next/static/chunks/node_modules_next_dist_1e8vcs8._.js:776
[  330580ms] [LOG] [Fast Refresh] done in 22ms @ http://localhost:3000/_next/static/chunks/node_modules_next_dist_1e8vcs8._.js:776
[  330638ms] [LOG] [Fast Refresh] done in 22ms @ http://localhost:3000/_next/static/chunks/node_modules_next_dist_1e8vcs8._.js:776
[  330700ms] [LOG] [Fast Refresh] done in 22ms @ http://localhost:3000/_next/static/chunks/node_modules_next_dist_1e8vcs8._.js:776
[  330761ms] [LOG] [Fast Refresh] done in 22ms @ http://localhost:3000/_next/static/chunks/node_modules_next_dist_1e8vcs8._.js:776
[  330825ms] [LOG] [Fast Refresh] done in 22ms @ http://localhost:3000/_next/static/chunks/node_modules_next_dist_1e8vcs8._.js:776
[  330901ms] [LOG] [Fast Refresh] done in 22ms @ http://localhost:3000/_next/static/chunks/node_modules_next_dist_1e8vcs8._.js:776
[  330972ms] [LOG] [Fast Refresh] done in 22ms @ http://localhost:3000/_next/static/chunks/node_modules_next_dist_1e8vcs8._.js:776
[  331042ms] [LOG] [Fast Refresh] done in 22ms @ http://localhost:3000/_next/static/chunks/node_modules_next_dist_1e8vcs8._.js:776
[  331105ms] [LOG] [Fast Refresh] done in 22ms @ http://localhost:3000/_next/static/chunks/node_modules_next_dist_1e8vcs8._.js:776
[  331170ms] [LOG] [Fast Refresh] done in 22ms @ http://localhost:3000/_next/static/chunks/node_modules_next_dist_1e8vcs8._.js:776
[  331230ms] [LOG] [Fast Refresh] done in 22ms @ http://localhost:3000/_next/static/chunks/node_modules_next_dist_1e8vcs8._.js:776
[  331294ms] [LOG] [Fast Refresh] done in 22ms @ http://localhost:3000/_next/static/chunks/node_modules_next_dist_1e8vcs8._.js:776
[  331357ms] [LOG] [Fast Refresh] done in 22ms @ http://localhost:3000/_next/static/chunks/node_modules_next_dist_1e8vcs8._.js:776
[  331405ms] [LOG] [Fast Refresh] done in 22ms @ http://localhost:3000/_next/static/chunks/node_modules_next_dist_1e8vcs8._.js:776
[  331473ms] [LOG] [Fast Refresh] done in 22ms @ http://localhost:3000/_next/static/chunks/node_modules_next_dist_1e8vcs8._.js:776
[  331530ms] [LOG] [Fast Refresh] done in 22ms @ http://localhost:3000/_next/static/chunks/node_modules_next_dist_1e8vcs8._.js:776
[  331592ms] [LOG] [Fast Refresh] done in 22ms @ http://localhost:3000/_next/static/chunks/node_modules_next_dist_1e8vcs8._.js:776
[  331656ms] [LOG] [Fast Refresh] done in 22ms @ http://localhost:3000/_next/static/chunks/node_modules_next_dist_1e8vcs8._.js:776
[  331718ms] [LOG] [Fast Refresh] done in 22ms @ http://localhost:3000/_next/static/chunks/node_modules_next_dist_1e8vcs8._.js:776
[  331783ms] [LOG] [Fast Refresh] done in 22ms @ http://localhost:3000/_next/static/chunks/node_modules_next_dist_1e8vcs8._.js:776
[  331844ms] [LOG] [Fast Refresh] done in 22ms @ http://localhost:3000/_next/static/chunks/node_modules_next_dist_1e8vcs8._.js:776
[  331908ms] [LOG] [Fast Refresh] done in 22ms @ http://localhost:3000/_next/static/chunks/node_modules_next_dist_1e8vcs8._.js:776
[  331970ms] [LOG] [Fast Refresh] done in 22ms @ http://localhost:3000/_next/static/chunks/node_modules_next_dist_1e8vcs8._.js:776
[  332018ms] [LOG] [Fast Refresh] done in 22ms @ http://localhost:3000/_next/static/chunks/node_modules_next_dist_1e8vcs8._.js:776
[  332067ms] [LOG] [Fast Refresh] done in 22ms @ http://localhost:3000/_next/static/chunks/node_modules_next_dist_1e8vcs8._.js:776
[  332116ms] [LOG] [Fast Refresh] done in 22ms @ http://localhost:3000/_next/static/chunks/node_modules_next_dist_1e8vcs8._.js:776
[  332176ms] [LOG] [Fast Refresh] done in 22ms @ http://localhost:3000/_next/static/chunks/node_modules_next_dist_1e8vcs8._.js:776
[  332239ms] [LOG] [Fast Refresh] done in 22ms @ http://localhost:3000/_next/static/chunks/node_modules_next_dist_1e8vcs8._.js:776
[  332302ms] [LOG] [Fast Refresh] done in 22ms @ http://localhost:3000/_next/static/chunks/node_modules_next_dist_1e8vcs8._.js:776
[  332364ms] [LOG] [Fast Refresh] done in 22ms @ http://localhost:3000/_next/static/chunks/node_modules_next_dist_1e8vcs8._.js:776
[  332469ms] [LOG] [Fast Refresh] done in 22ms @ http://localhost:3000/_next/static/chunks/node_modules_next_dist_1e8vcs8._.js:776
[  332535ms] [LOG] [Fast Refresh] done in 22ms @ http://localhost:3000/_next/static/chunks/node_modules_next_dist_1e8vcs8._.js:776
[  332603ms] [LOG] [Fast Refresh] done in 22ms @ http://localhost:3000/_next/static/chunks/node_modules_next_dist_1e8vcs8._.js:776
[  332661ms] [LOG] [Fast Refresh] done in 22ms @ http://localhost:3000/_next/static/chunks/node_modules_next_dist_1e8vcs8._.js:776
[  332724ms] [LOG] [Fast Refresh] done in 22ms @ http://localhost:3000/_next/static/chunks/node_modules_next_dist_1e8vcs8._.js:776
[  332788ms] [LOG] [Fast Refresh] done in 22ms @ http://localhost:3000/_next/static/chunks/node_modules_next_dist_1e8vcs8._.js:776
[  332851ms] [LOG] [Fast Refresh] done in 22ms @ http://localhost:3000/_next/static/chunks/node_modules_next_dist_1e8vcs8._.js:776
[  332965ms] [LOG] [Fast Refresh] done in 22ms @ http://localhost:3000/_next/static/chunks/node_modules_next_dist_1e8vcs8._.js:776
[  333019ms] [LOG] [Fast Refresh] done in 22ms @ http://localhost:3000/_next/static/chunks/node_modules_next_dist_1e8vcs8._.js:776
[  333088ms] [LOG] [Fast Refresh] done in 22ms @ http://localhost:3000/_next/static/chunks/node_modules_next_dist_1e8vcs8._.js:776
[  333153ms] [LOG] [Fast Refresh] done in 22ms @ http://localhost:3000/_next/static/chunks/node_modules_next_dist_1e8vcs8._.js:776
[  333214ms] [LOG] [Fast Refresh] done in 22ms @ http://localhost:3000/_next/static/chunks/node_modules_next_dist_1e8vcs8._.js:776
[  333276ms] [LOG] [Fast Refresh] done in 22ms @ http://localhost:3000/_next/static/chunks/node_modules_next_dist_1e8vcs8._.js:776
[  333344ms] [LOG] [Fast Refresh] done in 22ms @ http://localhost:3000/_next/static/chunks/node_modules_next_dist_1e8vcs8._.js:776
[  333402ms] [LOG] [Fast Refresh] done in 22ms @ http://localhost:3000/_next/static/chunks/node_modules_next_dist_1e8vcs8._.js:776
[  333465ms] [LOG] [Fast Refresh] done in 22ms @ http://localhost:3000/_next/static/chunks/node_modules_next_dist_1e8vcs8._.js:776
[  333528ms] [LOG] [Fast Refresh] done in 22ms @ http://localhost:3000/_next/static/chunks/node_modules_next_dist_1e8vcs8._.js:776
[  333591ms] [LOG] [Fast Refresh] done in 22ms @ http://localhost:3000/_next/static/chunks/node_modules_next_dist_1e8vcs8._.js:776
[  333655ms] [LOG] [Fast Refresh] done in 22ms @ http://localhost:3000/_next/static/chunks/node_modules_next_dist_1e8vcs8._.js:776
[  333718ms] [LOG] [Fast Refresh] done in 22ms @ http://localhost:3000/_next/static/chunks/node_modules_next_dist_1e8vcs8._.js:776
[  333765ms] [LOG] [Fast Refresh] done in 22ms @ http://localhost:3000/_next/static/chunks/node_modules_next_dist_1e8vcs8._.js:776
[  333829ms] [LOG] [Fast Refresh] done in 22ms @ http://localhost:3000/_next/static/chunks/node_modules_next_dist_1e8vcs8._.js:776
[  333894ms] [LOG] [Fast Refresh] done in 22ms @ http://localhost:3000/_next/static/chunks/node_modules_next_dist_1e8vcs8._.js:776
[  333955ms] [LOG] [Fast Refresh] done in 22ms @ http://localhost:3000/_next/static/chunks/node_modules_next_dist_1e8vcs8._.js:776
[  334019ms] [LOG] [Fast Refresh] done in 22ms @ http://localhost:3000/_next/static/chunks/node_modules_next_dist_1e8vcs8._.js:776
[  334084ms] [LOG] [Fast Refresh] done in 22ms @ http://localhost:3000/_next/static/chunks/node_modules_next_dist_1e8vcs8._.js:776
[  334144ms] [LOG] [Fast Refresh] done in 22ms @ http://localhost:3000/_next/static/chunks/node_modules_next_dist_1e8vcs8._.js:776
[  334208ms] [LOG] [Fast Refresh] done in 22ms @ http://localhost:3000/_next/static/chunks/node_modules_next_dist_1e8vcs8._.js:776
[  334269ms] [LOG] [Fast Refresh] done in 22ms @ http://localhost:3000/_next/static/chunks/node_modules_next_dist_1e8vcs8._.js:776
[  334332ms] [LOG] [Fast Refresh] done in 22ms @ http://localhost:3000/_next/static/chunks/node_modules_next_dist_1e8vcs8._.js:776
[  334395ms] [LOG] [Fast Refresh] done in 22ms @ http://localhost:3000/_next/static/chunks/node_modules_next_dist_1e8vcs8._.js:776
[  334459ms] [LOG] [Fast Refresh] done in 22ms @ http://localhost:3000/_next/static/chunks/node_modules_next_dist_1e8vcs8._.js:776
[  334528ms] [LOG] [Fast Refresh] done in 22ms @ http://localhost:3000/_next/static/chunks/node_modules_next_dist_1e8vcs8._.js:776
[  334583ms] [LOG] [Fast Refresh] done in 22ms @ http://localhost:3000/_next/static/chunks/node_modules_next_dist_1e8vcs8._.js:776
[  334646ms] [LOG] [Fast Refresh] done in 22ms @ http://localhost:3000/_next/static/chunks/node_modules_next_dist_1e8vcs8._.js:776
[  334709ms] [LOG] [Fast Refresh] done in 22ms @ http://localhost:3000/_next/static/chunks/node_modules_next_dist_1e8vcs8._.js:776
[  334777ms] [LOG] [Fast Refresh] done in 22ms @ http://localhost:3000/_next/static/chunks/node_modules_next_dist_1e8vcs8._.js:776
[  334836ms] [LOG] [Fast Refresh] done in 22ms @ http://localhost:3000/_next/static/chunks/node_modules_next_dist_1e8vcs8._.js:776
[  334902ms] [LOG] [Fast Refresh] done in 22ms @ http://localhost:3000/_next/static/chunks/node_modules_next_dist_1e8vcs8._.js:776
[  334961ms] [LOG] [Fast Refresh] done in 22ms @ http://localhost:3000/_next/static/chunks/node_modules_next_dist_1e8vcs8._.js:776
[  335022ms] [LOG] [Fast Refresh] done in 22ms @ http://localhost:3000/_next/static/chunks/node_modules_next_dist_1e8vcs8._.js:776
[  335086ms] [LOG] [Fast Refresh] done in 22ms @ http://localhost:3000/_next/static/chunks/node_modules_next_dist_1e8vcs8._.js:776
[  335150ms] [LOG] [Fast Refresh] done in 22ms @ http://localhost:3000/_next/static/chunks/node_modules_next_dist_1e8vcs8._.js:776
[  335212ms] [LOG] [Fast Refresh] done in 22ms @ http://localhost:3000/_next/static/chunks/node_modules_next_dist_1e8vcs8._.js:776
[  335278ms] [LOG] [Fast Refresh] done in 22ms @ http://localhost:3000/_next/static/chunks/node_modules_next_dist_1e8vcs8._.js:776
[  335335ms] [LOG] [Fast Refresh] done in 22ms @ http://localhost:3000/_next/static/chunks/node_modules_next_dist_1e8vcs8._.js:776
[  335417ms] [LOG] [Fast Refresh] done in 22ms @ http://localhost:3000/_next/static/chunks/node_modules_next_dist_1e8vcs8._.js:776
[  335477ms] [LOG] [Fast Refresh] done in 22ms @ http://localhost:3000/_next/static/chunks/node_modules_next_dist_1e8vcs8._.js:776
[  335538ms] [LOG] [Fast Refresh] done in 22ms @ http://localhost:3000/_next/static/chunks/node_modules_next_dist_1e8vcs8._.js:776
[  335585ms] [LOG] [Fast Refresh] done in 22ms @ http://localhost:3000/_next/static/chunks/node_modules_next_dist_1e8vcs8._.js:776
[  335648ms] [LOG] [Fast Refresh] done in 22ms @ http://localhost:3000/_next/static/chunks/node_modules_next_dist_1e8vcs8._.js:776
[  335728ms] [LOG] [Fast Refresh] done in 22ms @ http://localhost:3000/_next/static/chunks/node_modules_next_dist_1e8vcs8._.js:776
[  335786ms] [LOG] [Fast Refresh] done in 22ms @ http://localhost:3000/_next/static/chunks/node_modules_next_dist_1e8vcs8._.js:776
[  335876ms] [LOG] [Fast Refresh] done in 22ms @ http://localhost:3000/_next/static/chunks/node_modules_next_dist_1e8vcs8._.js:776
[  335936ms] [LOG] [Fast Refresh] done in 22ms @ http://localhost:3000/_next/static/chunks/node_modules_next_dist_1e8vcs8._.js:776
[  335998ms] [LOG] [Fast Refresh] done in 22ms @ http://localhost:3000/_next/static/chunks/node_modules_next_dist_1e8vcs8._.js:776
[  336062ms] [LOG] [Fast Refresh] done in 22ms @ http://localhost:3000/_next/static/chunks/node_modules_next_dist_1e8vcs8._.js:776
[  336125ms] [LOG] [Fast Refresh] done in 22ms @ http://localhost:3000/_next/static/chunks/node_modules_next_dist_1e8vcs8._.js:776
[  336205ms] [LOG] [Fast Refresh] done in 22ms @ http://localhost:3000/_next/static/chunks/node_modules_next_dist_1e8vcs8._.js:776
[  336268ms] [LOG] [Fast Refresh] done in 22ms @ http://localhost:3000/_next/static/chunks/node_modules_next_dist_1e8vcs8._.js:776
[  336329ms] [LOG] [Fast Refresh] done in 22ms @ http://localhost:3000/_next/static/chunks/node_modules_next_dist_1e8vcs8._.js:776
[  336390ms] [LOG] [Fast Refresh] done in 22ms @ http://localhost:3000/_next/static/chunks/node_modules_next_dist_1e8vcs8._.js:776
[  336454ms] [LOG] [Fast Refresh] done in 22ms @ http://localhost:3000/_next/static/chunks/node_modules_next_dist_1e8vcs8._.js:776
[  336515ms] [LOG] [Fast Refresh] done in 22ms @ http://localhost:3000/_next/static/chunks/node_modules_next_dist_1e8vcs8._.js:776
[  336579ms] [LOG] [Fast Refresh] done in 22ms @ http://localhost:3000/_next/static/chunks/node_modules_next_dist_1e8vcs8._.js:776
[  336643ms] [LOG] [Fast Refresh] done in 22ms @ http://localhost:3000/_next/static/chunks/node_modules_next_dist_1e8vcs8._.js:776
[  336705ms] [LOG] [Fast Refresh] done in 22ms @ http://localhost:3000/_next/static/chunks/node_modules_next_dist_1e8vcs8._.js:776
[  336767ms] [LOG] [Fast Refresh] done in 22ms @ http://localhost:3000/_next/static/chunks/node_modules_next_dist_1e8vcs8._.js:776
[  336831ms] [LOG] [Fast Refresh] done in 22ms @ http://localhost:3000/_next/static/chunks/node_modules_next_dist_1e8vcs8._.js:776
[  336897ms] [LOG] [Fast Refresh] done in 22ms @ http://localhost:3000/_next/static/chunks/node_modules_next_dist_1e8vcs8._.js:776
[  336959ms] [LOG] [Fast Refresh] done in 22ms @ http://localhost:3000/_next/static/chunks/node_modules_next_dist_1e8vcs8._.js:776
[  337021ms] [LOG] [Fast Refresh] done in 22ms @ http://localhost:3000/_next/static/chunks/node_modules_next_dist_1e8vcs8._.js:776
[  337084ms] [LOG] [Fast Refresh] done in 22ms @ http://localhost:3000/_next/static/chunks/node_modules_next_dist_1e8vcs8._.js:776
[  337149ms] [LOG] [Fast Refresh] done in 22ms @ http://localhost:3000/_next/static/chunks/node_modules_next_dist_1e8vcs8._.js:776
[  337217ms] [LOG] [Fast Refresh] done in 22ms @ http://localhost:3000/_next/static/chunks/node_modules_next_dist_1e8vcs8._.js:776
[  337274ms] [LOG] [Fast Refresh] done in 22ms @ http://localhost:3000/_next/static/chunks/node_modules_next_dist_1e8vcs8._.js:776
[  337356ms] [LOG] [Fast Refresh] done in 22ms @ http://localhost:3000/_next/static/chunks/node_modules_next_dist_1e8vcs8._.js:776
[  337414ms] [LOG] [Fast Refresh] done in 22ms @ http://localhost:3000/_next/static/chunks/node_modules_next_dist_1e8vcs8._.js:776
[  337479ms] [LOG] [Fast Refresh] done in 22ms @ http://localhost:3000/_next/static/chunks/node_modules_next_dist_1e8vcs8._.js:776
[  337540ms] [LOG] [Fast Refresh] done in 22ms @ http://localhost:3000/_next/static/chunks/node_modules_next_dist_1e8vcs8._.js:776
[  337605ms] [LOG] [Fast Refresh] done in 22ms @ http://localhost:3000/_next/static/chunks/node_modules_next_dist_1e8vcs8._.js:776
[  337666ms] [LOG] [Fast Refresh] done in 22ms @ http://localhost:3000/_next/static/chunks/node_modules_next_dist_1e8vcs8._.js:776
[  337728ms] [LOG] [Fast Refresh] done in 22ms @ http://localhost:3000/_next/static/chunks/node_modules_next_dist_1e8vcs8._.js:776
[  337828ms] [LOG] [Fast Refresh] done in 22ms @ http://localhost:3000/_next/static/chunks/node_modules_next_dist_1e8vcs8._.js:776
[  337888ms] [LOG] [Fast Refresh] done in 22ms @ http://localhost:3000/_next/static/chunks/node_modules_next_dist_1e8vcs8._.js:776
[  337960ms] [LOG] [Fast Refresh] done in 22ms @ http://localhost:3000/_next/static/chunks/node_modules_next_dist_1e8vcs8._.js:776
[  338011ms] [LOG] [Fast Refresh] done in 22ms @ http://localhost:3000/_next/static/chunks/node_modules_next_dist_1e8vcs8._.js:776
[  338074ms] [LOG] [Fast Refresh] done in 22ms @ http://localhost:3000/_next/static/chunks/node_modules_next_dist_1e8vcs8._.js:776
[  338148ms] [LOG] [Fast Refresh] done in 22ms @ http://localhost:3000/_next/static/chunks/node_modules_next_dist_1e8vcs8._.js:776
[  338216ms] [LOG] [Fast Refresh] done in 22ms @ http://localhost:3000/_next/static/chunks/node_modules_next_dist_1e8vcs8._.js:776
[  338278ms] [LOG] [Fast Refresh] done in 22ms @ http://localhost:3000/_next/static/chunks/node_modules_next_dist_1e8vcs8._.js:776
[  338340ms] [LOG] [Fast Refresh] done in 22ms @ http://localhost:3000/_next/static/chunks/node_modules_next_dist_1e8vcs8._.js:776
[  338419ms] [LOG] [Fast Refresh] done in 22ms @ http://localhost:3000/_next/static/chunks/node_modules_next_dist_1e8vcs8._.js:776
[  338483ms] [LOG] [Fast Refresh] done in 22ms @ http://localhost:3000/_next/static/chunks/node_modules_next_dist_1e8vcs8._.js:776
[  338546ms] [LOG] [Fast Refresh] done in 22ms @ http://localhost:3000/_next/static/chunks/node_modules_next_dist_1e8vcs8._.js:776
[  338634ms] [LOG] [Fast Refresh] done in 22ms @ http://localhost:3000/_next/static/chunks/node_modules_next_dist_1e8vcs8._.js:776
[  338705ms] [LOG] [Fast Refresh] done in 22ms @ http://localhost:3000/_next/static/chunks/node_modules_next_dist_1e8vcs8._.js:776
[  338772ms] [LOG] [Fast Refresh] done in 22ms @ http://localhost:3000/_next/static/chunks/node_modules_next_dist_1e8vcs8._.js:776
[  338826ms] [LOG] [Fast Refresh] done in 22ms @ http://localhost:3000/_next/static/chunks/node_modules_next_dist_1e8vcs8._.js:776
[  338944ms] [LOG] [Fast Refresh] done in 22ms @ http://localhost:3000/_next/static/chunks/node_modules_next_dist_1e8vcs8._.js:776
[  338999ms] [LOG] [Fast Refresh] done in 22ms @ http://localhost:3000/_next/static/chunks/node_modules_next_dist_1e8vcs8._.js:776
[  339060ms] [LOG] [Fast Refresh] done in 22ms @ http://localhost:3000/_next/static/chunks/node_modules_next_dist_1e8vcs8._.js:776
[  339128ms] [LOG] [Fast Refresh] done in 22ms @ http://localhost:3000/_next/static/chunks/node_modules_next_dist_1e8vcs8._.js:776
[  339191ms] [LOG] [Fast Refresh] done in 22ms @ http://localhost:3000/_next/static/chunks/node_modules_next_dist_1e8vcs8._.js:776
[  339252ms] [LOG] [Fast Refresh] done in 22ms @ http://localhost:3000/_next/static/chunks/node_modules_next_dist_1e8vcs8._.js:776
[  339332ms] [LOG] [Fast Refresh] done in 22ms @ http://localhost:3000/_next/static/chunks/node_modules_next_dist_1e8vcs8._.js:776
[  339377ms] [LOG] [Fast Refresh] done in 22ms @ http://localhost:3000/_next/static/chunks/node_modules_next_dist_1e8vcs8._.js:776
[  339440ms] [LOG] [Fast Refresh] done in 22ms @ http://localhost:3000/_next/static/chunks/node_modules_next_dist_1e8vcs8._.js:776
[  339503ms] [LOG] [Fast Refresh] done in 22ms @ http://localhost:3000/_next/static/chunks/node_modules_next_dist_1e8vcs8._.js:776
[  339568ms] [LOG] [Fast Refresh] done in 22ms @ http://localhost:3000/_next/static/chunks/node_modules_next_dist_1e8vcs8._.js:776
[  339630ms] [LOG] [Fast Refresh] done in 22ms @ http://localhost:3000/_next/static/chunks/node_modules_next_dist_1e8vcs8._.js:776
[  339679ms] [LOG] [Fast Refresh] done in 22ms @ http://localhost:3000/_next/static/chunks/node_modules_next_dist_1e8vcs8._.js:776
[  339744ms] [LOG] [Fast Refresh] done in 22ms @ http://localhost:3000/_next/static/chunks/node_modules_next_dist_1e8vcs8._.js:776
[  339806ms] [LOG] [Fast Refresh] done in 22ms @ http://localhost:3000/_next/static/chunks/node_modules_next_dist_1e8vcs8._.js:776
[  339878ms] [LOG] [Fast Refresh] done in 22ms @ http://localhost:3000/_next/static/chunks/node_modules_next_dist_1e8vcs8._.js:776
[  339946ms] [LOG] [Fast Refresh] done in 22ms @ http://localhost:3000/_next/static/chunks/node_modules_next_dist_1e8vcs8._.js:776
[  340013ms] [LOG] [Fast Refresh] done in 22ms @ http://localhost:3000/_next/static/chunks/node_modules_next_dist_1e8vcs8._.js:776
[  340099ms] [LOG] [Fast Refresh] done in 22ms @ http://localhost:3000/_next/static/chunks/node_modules_next_dist_1e8vcs8._.js:776
[  340153ms] [LOG] [Fast Refresh] done in 22ms @ http://localhost:3000/_next/static/chunks/node_modules_next_dist_1e8vcs8._.js:776
[  340219ms] [LOG] [Fast Refresh] done in 22ms @ http://localhost:3000/_next/static/chunks/node_modules_next_dist_1e8vcs8._.js:776
[  340263ms] [LOG] [Fast Refresh] done in 22ms @ http://localhost:3000/_next/static/chunks/node_modules_next_dist_1e8vcs8._.js:776
[  340359ms] [LOG] [Fast Refresh] done in 22ms @ http://localhost:3000/_next/static/chunks/node_modules_next_dist_1e8vcs8._.js:776
[  340421ms] [LOG] [Fast Refresh] done in 22ms @ http://localhost:3000/_next/static/chunks/node_modules_next_dist_1e8vcs8._.js:776
[  340502ms] [LOG] [Fast Refresh] done in 22ms @ http://localhost:3000/_next/static/chunks/node_modules_next_dist_1e8vcs8._.js:776
[  340575ms] [LOG] [Fast Refresh] done in 22ms @ http://localhost:3000/_next/static/chunks/node_modules_next_dist_1e8vcs8._.js:776
[  340637ms] [LOG] [Fast Refresh] done in 22ms @ http://localhost:3000/_next/static/chunks/node_modules_next_dist_1e8vcs8._.js:776
[  340700ms] [LOG] [Fast Refresh] done in 22ms @ http://localhost:3000/_next/static/chunks/node_modules_next_dist_1e8vcs8._.js:776
[  340768ms] [LOG] [Fast Refresh] done in 22ms @ http://localhost:3000/_next/static/chunks/node_modules_next_dist_1e8vcs8._.js:776
[  340827ms] [LOG] [Fast Refresh] done in 22ms @ http://localhost:3000/_next/static/chunks/node_modules_next_dist_1e8vcs8._.js:776
[  340888ms] [LOG] [Fast Refresh] done in 22ms @ http://localhost:3000/_next/static/chunks/node_modules_next_dist_1e8vcs8._.js:776
[  340988ms] [LOG] [Fast Refresh] done in 22ms @ http://localhost:3000/_next/static/chunks/node_modules_next_dist_1e8vcs8._.js:776
[  341048ms] [LOG] [Fast Refresh] done in 22ms @ http://localhost:3000/_next/static/chunks/node_modules_next_dist_1e8vcs8._.js:776
[  341110ms] [LOG] [Fast Refresh] done in 22ms @ http://localhost:3000/_next/static/chunks/node_modules_next_dist_1e8vcs8._.js:776
[  341174ms] [LOG] [Fast Refresh] done in 22ms @ http://localhost:3000/_next/static/chunks/node_modules_next_dist_1e8vcs8._.js:776
[  341239ms] [LOG] [Fast Refresh] done in 22ms @ http://localhost:3000/_next/static/chunks/node_modules_next_dist_1e8vcs8._.js:776
[  341301ms] [LOG] [Fast Refresh] done in 22ms @ http://localhost:3000/_next/static/chunks/node_modules_next_dist_1e8vcs8._.js:776
[  341363ms] [LOG] [Fast Refresh] done in 22ms @ http://localhost:3000/_next/static/chunks/node_modules_next_dist_1e8vcs8._.js:776
[  341427ms] [LOG] [Fast Refresh] done in 22ms @ http://localhost:3000/_next/static/chunks/node_modules_next_dist_1e8vcs8._.js:776
[  341489ms] [LOG] [Fast Refresh] done in 22ms @ http://localhost:3000/_next/static/chunks/node_modules_next_dist_1e8vcs8._.js:776
[  341553ms] [LOG] [Fast Refresh] done in 22ms @ http://localhost:3000/_next/static/chunks/node_modules_next_dist_1e8vcs8._.js:776
[  341616ms] [LOG] [Fast Refresh] done in 22ms @ http://localhost:3000/_next/static/chunks/node_modules_next_dist_1e8vcs8._.js:776
[  341681ms] [LOG] [Fast Refresh] done in 22ms @ http://localhost:3000/_next/static/chunks/node_modules_next_dist_1e8vcs8._.js:776
[  341740ms] [LOG] [Fast Refresh] done in 22ms @ http://localhost:3000/_next/static/chunks/node_modules_next_dist_1e8vcs8._.js:776
[  341803ms] [LOG] [Fast Refresh] done in 22ms @ http://localhost:3000/_next/static/chunks/node_modules_next_dist_1e8vcs8._.js:776
[  341918ms] [LOG] [Fast Refresh] done in 22ms @ http://localhost:3000/_next/static/chunks/node_modules_next_dist_1e8vcs8._.js:776
[  341984ms] [LOG] [Fast Refresh] done in 22ms @ http://localhost:3000/_next/static/chunks/node_modules_next_dist_1e8vcs8._.js:776
[  342043ms] [LOG] [Fast Refresh] done in 22ms @ http://localhost:3000/_next/static/chunks/node_modules_next_dist_1e8vcs8._.js:776
[  342109ms] [LOG] [Fast Refresh] done in 22ms @ http://localhost:3000/_next/static/chunks/node_modules_next_dist_1e8vcs8._.js:776
[  342166ms] [LOG] [Fast Refresh] done in 22ms @ http://localhost:3000/_next/static/chunks/node_modules_next_dist_1e8vcs8._.js:776
[  342250ms] [LOG] [Fast Refresh] done in 22ms @ http://localhost:3000/_next/static/chunks/node_modules_next_dist_1e8vcs8._.js:776
[  342307ms] [LOG] [Fast Refresh] done in 22ms @ http://localhost:3000/_next/static/chunks/node_modules_next_dist_1e8vcs8._.js:776
[  342370ms] [LOG] [Fast Refresh] done in 22ms @ http://localhost:3000/_next/static/chunks/node_modules_next_dist_1e8vcs8._.js:776
[  342434ms] [LOG] [Fast Refresh] done in 22ms @ http://localhost:3000/_next/static/chunks/node_modules_next_dist_1e8vcs8._.js:776
[  342495ms] [LOG] [Fast Refresh] done in 22ms @ http://localhost:3000/_next/static/chunks/node_modules_next_dist_1e8vcs8._.js:776
[  342558ms] [LOG] [Fast Refresh] done in 22ms @ http://localhost:3000/_next/static/chunks/node_modules_next_dist_1e8vcs8._.js:776
[  342641ms] [LOG] [Fast Refresh] done in 22ms @ http://localhost:3000/_next/static/chunks/node_modules_next_dist_1e8vcs8._.js:776
[  342715ms] [LOG] [Fast Refresh] done in 22ms @ http://localhost:3000/_next/static/chunks/node_modules_next_dist_1e8vcs8._.js:776
[  342764ms] [LOG] [Fast Refresh] done in 22ms @ http://localhost:3000/_next/static/chunks/node_modules_next_dist_1e8vcs8._.js:776
[  342827ms] [LOG] [Fast Refresh] done in 22ms @ http://localhost:3000/_next/static/chunks/node_modules_next_dist_1e8vcs8._.js:776
[  342890ms] [LOG] [Fast Refresh] done in 22ms @ http://localhost:3000/_next/static/chunks/node_modules_next_dist_1e8vcs8._.js:776
[  342953ms] [LOG] [Fast Refresh] done in 22ms @ http://localhost:3000/_next/static/chunks/node_modules_next_dist_1e8vcs8._.js:776
[  343014ms] [LOG] [Fast Refresh] done in 22ms @ http://localhost:3000/_next/static/chunks/node_modules_next_dist_1e8vcs8._.js:776
[  343098ms] [LOG] [Fast Refresh] done in 22ms @ http://localhost:3000/_next/static/chunks/node_modules_next_dist_1e8vcs8._.js:776
[  343159ms] [LOG] [Fast Refresh] done in 22ms @ http://localhost:3000/_next/static/chunks/node_modules_next_dist_1e8vcs8._.js:776
[  343223ms] [LOG] [Fast Refresh] done in 22ms @ http://localhost:3000/_next/static/chunks/node_modules_next_dist_1e8vcs8._.js:776
[  343331ms] [LOG] [Fast Refresh] done in 22ms @ http://localhost:3000/_next/static/chunks/node_modules_next_dist_1e8vcs8._.js:776
[  343380ms] [LOG] [Fast Refresh] done in 22ms @ http://localhost:3000/_next/static/chunks/node_modules_next_dist_1e8vcs8._.js:776
[  343443ms] [LOG] [Fast Refresh] done in 22ms @ http://localhost:3000/_next/static/chunks/node_modules_next_dist_1e8vcs8._.js:776
[  343541ms] [LOG] [Fast Refresh] done in 22ms @ http://localhost:3000/_next/static/chunks/node_modules_next_dist_1e8vcs8._.js:776
[  343598ms] [LOG] [Fast Refresh] done in 22ms @ http://localhost:3000/_next/static/chunks/node_modules_next_dist_1e8vcs8._.js:776
[  343679ms] [LOG] [Fast Refresh] done in 22ms @ http://localhost:3000/_next/static/chunks/node_modules_next_dist_1e8vcs8._.js:776
[  343726ms] [LOG] [Fast Refresh] done in 22ms @ http://localhost:3000/_next/static/chunks/node_modules_next_dist_1e8vcs8._.js:776
[  343791ms] [LOG] [Fast Refresh] done in 22ms @ http://localhost:3000/_next/static/chunks/node_modules_next_dist_1e8vcs8._.js:776
[  343854ms] [LOG] [Fast Refresh] done in 22ms @ http://localhost:3000/_next/static/chunks/node_modules_next_dist_1e8vcs8._.js:776
[  343913ms] [LOG] [Fast Refresh] done in 22ms @ http://localhost:3000/_next/static/chunks/node_modules_next_dist_1e8vcs8._.js:776
[  343978ms] [LOG] [Fast Refresh] done in 22ms @ http://localhost:3000/_next/static/chunks/node_modules_next_dist_1e8vcs8._.js:776
[  344039ms] [LOG] [Fast Refresh] done in 22ms @ http://localhost:3000/_next/static/chunks/node_modules_next_dist_1e8vcs8._.js:776
[  344119ms] [LOG] [Fast Refresh] done in 22ms @ http://localhost:3000/_next/static/chunks/node_modules_next_dist_1e8vcs8._.js:776
[  344182ms] [LOG] [Fast Refresh] done in 22ms @ http://localhost:3000/_next/static/chunks/node_modules_next_dist_1e8vcs8._.js:776
[  344246ms] [LOG] [Fast Refresh] done in 22ms @ http://localhost:3000/_next/static/chunks/node_modules_next_dist_1e8vcs8._.js:776
[  344308ms] [LOG] [Fast Refresh] done in 22ms @ http://localhost:3000/_next/static/chunks/node_modules_next_dist_1e8vcs8._.js:776
[  344370ms] [LOG] [Fast Refresh] done in 22ms @ http://localhost:3000/_next/static/chunks/node_modules_next_dist_1e8vcs8._.js:776
[  344435ms] [LOG] [Fast Refresh] done in 22ms @ http://localhost:3000/_next/static/chunks/node_modules_next_dist_1e8vcs8._.js:776
[  344515ms] [LOG] [Fast Refresh] done in 22ms @ http://localhost:3000/_next/static/chunks/node_modules_next_dist_1e8vcs8._.js:776
[  344575ms] [LOG] [Fast Refresh] done in 22ms @ http://localhost:3000/_next/static/chunks/node_modules_next_dist_1e8vcs8._.js:776
[  344624ms] [LOG] [Fast Refresh] done in 22ms @ http://localhost:3000/_next/static/chunks/node_modules_next_dist_1e8vcs8._.js:776
[  344674ms] [LOG] [Fast Refresh] done in 22ms @ http://localhost:3000/_next/static/chunks/node_modules_next_dist_1e8vcs8._.js:776
[  344735ms] [LOG] [Fast Refresh] done in 22ms @ http://localhost:3000/_next/static/chunks/node_modules_next_dist_1e8vcs8._.js:776
[  344798ms] [LOG] [Fast Refresh] done in 22ms @ http://localhost:3000/_next/static/chunks/node_modules_next_dist_1e8vcs8._.js:776
[  344862ms] [LOG] [Fast Refresh] done in 22ms @ http://localhost:3000/_next/static/chunks/node_modules_next_dist_1e8vcs8._.js:776
[  344926ms] [LOG] [Fast Refresh] done in 22ms @ http://localhost:3000/_next/static/chunks/node_modules_next_dist_1e8vcs8._.js:776
[  344989ms] [LOG] [Fast Refresh] done in 22ms @ http://localhost:3000/_next/static/chunks/node_modules_next_dist_1e8vcs8._.js:776
[  345053ms] [LOG] [Fast Refresh] done in 22ms @ http://localhost:3000/_next/static/chunks/node_modules_next_dist_1e8vcs8._.js:776
[  345115ms] [LOG] [Fast Refresh] done in 22ms @ http://localhost:3000/_next/static/chunks/node_modules_next_dist_1e8vcs8._.js:776
[  345163ms] [LOG] [Fast Refresh] done in 22ms @ http://localhost:3000/_next/static/chunks/node_modules_next_dist_1e8vcs8._.js:776
[  345226ms] [LOG] [Fast Refresh] done in 22ms @ http://localhost:3000/_next/static/chunks/node_modules_next_dist_1e8vcs8._.js:776
[  345288ms] [LOG] [Fast Refresh] done in 22ms @ http://localhost:3000/_next/static/chunks/node_modules_next_dist_1e8vcs8._.js:776
[  345351ms] [LOG] [Fast Refresh] done in 22ms @ http://localhost:3000/_next/static/chunks/node_modules_next_dist_1e8vcs8._.js:776
[  345463ms] [LOG] [Fast Refresh] done in 22ms @ http://localhost:3000/_next/static/chunks/node_modules_next_dist_1e8vcs8._.js:776
[  345523ms] [LOG] [Fast Refresh] done in 22ms @ http://localhost:3000/_next/static/chunks/node_modules_next_dist_1e8vcs8._.js:776
[  345585ms] [LOG] [Fast Refresh] done in 22ms @ http://localhost:3000/_next/static/chunks/node_modules_next_dist_1e8vcs8._.js:776
[  345647ms] [LOG] [Fast Refresh] done in 22ms @ http://localhost:3000/_next/static/chunks/node_modules_next_dist_1e8vcs8._.js:776
[  345714ms] [LOG] [Fast Refresh] done in 22ms @ http://localhost:3000/_next/static/chunks/node_modules_next_dist_1e8vcs8._.js:776
[  345792ms] [LOG] [Fast Refresh] done in 22ms @ http://localhost:3000/_next/static/chunks/node_modules_next_dist_1e8vcs8._.js:776
[  345858ms] [LOG] [Fast Refresh] done in 22ms @ http://localhost:3000/_next/static/chunks/node_modules_next_dist_1e8vcs8._.js:776
[  345916ms] [LOG] [Fast Refresh] done in 22ms @ http://localhost:3000/_next/static/chunks/node_modules_next_dist_1e8vcs8._.js:776
[  345985ms] [LOG] [Fast Refresh] done in 22ms @ http://localhost:3000/_next/static/chunks/node_modules_next_dist_1e8vcs8._.js:776
[  346042ms] [LOG] [Fast Refresh] done in 22ms @ http://localhost:3000/_next/static/chunks/node_modules_next_dist_1e8vcs8._.js:776
[  346128ms] [LOG] [Fast Refresh] done in 22ms @ http://localhost:3000/_next/static/chunks/node_modules_next_dist_1e8vcs8._.js:776
[  346263ms] [LOG] [Fast Refresh] done in 22ms @ http://localhost:3000/_next/static/chunks/node_modules_next_dist_1e8vcs8._.js:776
[  346336ms] [LOG] [Fast Refresh] done in 22ms @ http://localhost:3000/_next/static/chunks/node_modules_next_dist_1e8vcs8._.js:776
[  346400ms] [LOG] [Fast Refresh] done in 22ms @ http://localhost:3000/_next/static/chunks/node_modules_next_dist_1e8vcs8._.js:776
[  346462ms] [LOG] [Fast Refresh] done in 22ms @ http://localhost:3000/_next/static/chunks/node_modules_next_dist_1e8vcs8._.js:776
[  346526ms] [LOG] [Fast Refresh] done in 22ms @ http://localhost:3000/_next/static/chunks/node_modules_next_dist_1e8vcs8._.js:776
[  346604ms] [LOG] [Fast Refresh] done in 22ms @ http://localhost:3000/_next/static/chunks/node_modules_next_dist_1e8vcs8._.js:776
[  346669ms] [LOG] [Fast Refresh] done in 22ms @ http://localhost:3000/_next/static/chunks/node_modules_next_dist_1e8vcs8._.js:776
[  346734ms] [LOG] [Fast Refresh] done in 22ms @ http://localhost:3000/_next/static/chunks/node_modules_next_dist_1e8vcs8._.js:776
[  346795ms] [LOG] [Fast Refresh] done in 22ms @ http://localhost:3000/_next/static/chunks/node_modules_next_dist_1e8vcs8._.js:776
[  346860ms] [LOG] [Fast Refresh] done in 22ms @ http://localhost:3000/_next/static/chunks/node_modules_next_dist_1e8vcs8._.js:776
[  346921ms] [LOG] [Fast Refresh] done in 22ms @ http://localhost:3000/_next/static/chunks/node_modules_next_dist_1e8vcs8._.js:776
[  346988ms] [LOG] [Fast Refresh] done in 22ms @ http://localhost:3000/_next/static/chunks/node_modules_next_dist_1e8vcs8._.js:776
[  347048ms] [LOG] [Fast Refresh] done in 22ms @ http://localhost:3000/_next/static/chunks/node_modules_next_dist_1e8vcs8._.js:776
[  347112ms] [LOG] [Fast Refresh] done in 22ms @ http://localhost:3000/_next/static/chunks/node_modules_next_dist_1e8vcs8._.js:776
[  347174ms] [LOG] [Fast Refresh] done in 22ms @ http://localhost:3000/_next/static/chunks/node_modules_next_dist_1e8vcs8._.js:776
[  347237ms] [LOG] [Fast Refresh] done in 22ms @ http://localhost:3000/_next/static/chunks/node_modules_next_dist_1e8vcs8._.js:776
[  347302ms] [LOG] [Fast Refresh] done in 22ms @ http://localhost:3000/_next/static/chunks/node_modules_next_dist_1e8vcs8._.js:776
[  347363ms] [LOG] [Fast Refresh] done in 22ms @ http://localhost:3000/_next/static/chunks/node_modules_next_dist_1e8vcs8._.js:776
[  347426ms] [LOG] [Fast Refresh] done in 22ms @ http://localhost:3000/_next/static/chunks/node_modules_next_dist_1e8vcs8._.js:776
[  347490ms] [LOG] [Fast Refresh] done in 22ms @ http://localhost:3000/_next/static/chunks/node_modules_next_dist_1e8vcs8._.js:776
[  347551ms] [LOG] [Fast Refresh] done in 22ms @ http://localhost:3000/_next/static/chunks/node_modules_next_dist_1e8vcs8._.js:776
[  347613ms] [LOG] [Fast Refresh] done in 22ms @ http://localhost:3000/_next/static/chunks/node_modules_next_dist_1e8vcs8._.js:776
[  347675ms] [LOG] [Fast Refresh] done in 22ms @ http://localhost:3000/_next/static/chunks/node_modules_next_dist_1e8vcs8._.js:776
[  347739ms] [LOG] [Fast Refresh] done in 22ms @ http://localhost:3000/_next/static/chunks/node_modules_next_dist_1e8vcs8._.js:776
[  347801ms] [LOG] [Fast Refresh] done in 22ms @ http://localhost:3000/_next/static/chunks/node_modules_next_dist_1e8vcs8._.js:776
[  347864ms] [LOG] [Fast Refresh] done in 22ms @ http://localhost:3000/_next/static/chunks/node_modules_next_dist_1e8vcs8._.js:776
[  347927ms] [LOG] [Fast Refresh] done in 22ms @ http://localhost:3000/_next/static/chunks/node_modules_next_dist_1e8vcs8._.js:776
[  347989ms] [LOG] [Fast Refresh] done in 22ms @ http://localhost:3000/_next/static/chunks/node_modules_next_dist_1e8vcs8._.js:776
[  348054ms] [LOG] [Fast Refresh] done in 22ms @ http://localhost:3000/_next/static/chunks/node_modules_next_dist_1e8vcs8._.js:776
[  348117ms] [LOG] [Fast Refresh] done in 22ms @ http://localhost:3000/_next/static/chunks/node_modules_next_dist_1e8vcs8._.js:776
[  348184ms] [LOG] [Fast Refresh] done in 22ms @ http://localhost:3000/_next/static/chunks/node_modules_next_dist_1e8vcs8._.js:776
[  348243ms] [LOG] [Fast Refresh] done in 22ms @ http://localhost:3000/_next/static/chunks/node_modules_next_dist_1e8vcs8._.js:776
[  348305ms] [LOG] [Fast Refresh] done in 22ms @ http://localhost:3000/_next/static/chunks/node_modules_next_dist_1e8vcs8._.js:776
[  348383ms] [LOG] [Fast Refresh] done in 22ms @ http://localhost:3000/_next/static/chunks/node_modules_next_dist_1e8vcs8._.js:776
[  348432ms] [LOG] [Fast Refresh] done in 22ms @ http://localhost:3000/_next/static/chunks/node_modules_next_dist_1e8vcs8._.js:776
[  348492ms] [LOG] [Fast Refresh] done in 22ms @ http://localhost:3000/_next/static/chunks/node_modules_next_dist_1e8vcs8._.js:776
[  348553ms] [LOG] [Fast Refresh] done in 22ms @ http://localhost:3000/_next/static/chunks/node_modules_next_dist_1e8vcs8._.js:776
[  348617ms] [LOG] [Fast Refresh] done in 22ms @ http://localhost:3000/_next/static/chunks/node_modules_next_dist_1e8vcs8._.js:776
[  348680ms] [LOG] [Fast Refresh] done in 22ms @ http://localhost:3000/_next/static/chunks/node_modules_next_dist_1e8vcs8._.js:776
[  348744ms] [LOG] [Fast Refresh] done in 22ms @ http://localhost:3000/_next/static/chunks/node_modules_next_dist_1e8vcs8._.js:776
[  348809ms] [LOG] [Fast Refresh] done in 22ms @ http://localhost:3000/_next/static/chunks/node_modules_next_dist_1e8vcs8._.js:776
[  348872ms] [LOG] [Fast Refresh] done in 22ms @ http://localhost:3000/_next/static/chunks/node_modules_next_dist_1e8vcs8._.js:776
[  348935ms] [LOG] [Fast Refresh] done in 22ms @ http://localhost:3000/_next/static/chunks/node_modules_next_dist_1e8vcs8._.js:776
[  349002ms] [LOG] [Fast Refresh] done in 22ms @ http://localhost:3000/_next/static/chunks/node_modules_next_dist_1e8vcs8._.js:776
[  349066ms] [LOG] [Fast Refresh] done in 22ms @ http://localhost:3000/_next/static/chunks/node_modules_next_dist_1e8vcs8._.js:776
[  349123ms] [LOG] [Fast Refresh] done in 22ms @ http://localhost:3000/_next/static/chunks/node_modules_next_dist_1e8vcs8._.js:776
[  349186ms] [LOG] [Fast Refresh] done in 22ms @ http://localhost:3000/_next/static/chunks/node_modules_next_dist_1e8vcs8._.js:776
[  349249ms] [LOG] [Fast Refresh] done in 22ms @ http://localhost:3000/_next/static/chunks/node_modules_next_dist_1e8vcs8._.js:776
[  349311ms] [LOG] [Fast Refresh] done in 22ms @ http://localhost:3000/_next/static/chunks/node_modules_next_dist_1e8vcs8._.js:776
[  349376ms] [LOG] [Fast Refresh] done in 22ms @ http://localhost:3000/_next/static/chunks/node_modules_next_dist_1e8vcs8._.js:776
[  349437ms] [LOG] [Fast Refresh] done in 22ms @ http://localhost:3000/_next/static/chunks/node_modules_next_dist_1e8vcs8._.js:776
[  349501ms] [LOG] [Fast Refresh] done in 22ms @ http://localhost:3000/_next/static/chunks/node_modules_next_dist_1e8vcs8._.js:776
[  349567ms] [LOG] [Fast Refresh] done in 22ms @ http://localhost:3000/_next/static/chunks/node_modules_next_dist_1e8vcs8._.js:776
[  349628ms] [LOG] [Fast Refresh] done in 22ms @ http://localhost:3000/_next/static/chunks/node_modules_next_dist_1e8vcs8._.js:776
[  349690ms] [LOG] [Fast Refresh] done in 22ms @ http://localhost:3000/_next/static/chunks/node_modules_next_dist_1e8vcs8._.js:776
[  349751ms] [LOG] [Fast Refresh] done in 22ms @ http://localhost:3000/_next/static/chunks/node_modules_next_dist_1e8vcs8._.js:776
[  349815ms] [LOG] [Fast Refresh] done in 22ms @ http://localhost:3000/_next/static/chunks/node_modules_next_dist_1e8vcs8._.js:776
[  349878ms] [LOG] [Fast Refresh] done in 22ms @ http://localhost:3000/_next/static/chunks/node_modules_next_dist_1e8vcs8._.js:776
[  349939ms] [LOG] [Fast Refresh] done in 22ms @ http://localhost:3000/_next/static/chunks/node_modules_next_dist_1e8vcs8._.js:776
[  350005ms] [LOG] [Fast Refresh] done in 22ms @ http://localhost:3000/_next/static/chunks/node_modules_next_dist_1e8vcs8._.js:776
[  350066ms] [LOG] [Fast Refresh] done in 22ms @ http://localhost:3000/_next/static/chunks/node_modules_next_dist_1e8vcs8._.js:776
[  350131ms] [LOG] [Fast Refresh] done in 22ms @ http://localhost:3000/_next/static/chunks/node_modules_next_dist_1e8vcs8._.js:776
[  350197ms] [LOG] [Fast Refresh] done in 22ms @ http://localhost:3000/_next/static/chunks/node_modules_next_dist_1e8vcs8._.js:776
[  350272ms] [LOG] [Fast Refresh] done in 22ms @ http://localhost:3000/_next/static/chunks/node_modules_next_dist_1e8vcs8._.js:776
[  350333ms] [LOG] [Fast Refresh] done in 22ms @ http://localhost:3000/_next/static/chunks/node_modules_next_dist_1e8vcs8._.js:776
[  350395ms] [LOG] [Fast Refresh] done in 22ms @ http://localhost:3000/_next/static/chunks/node_modules_next_dist_1e8vcs8._.js:776
[  350459ms] [LOG] [Fast Refresh] done in 22ms @ http://localhost:3000/_next/static/chunks/node_modules_next_dist_1e8vcs8._.js:776
[  350521ms] [LOG] [Fast Refresh] done in 22ms @ http://localhost:3000/_next/static/chunks/node_modules_next_dist_1e8vcs8._.js:776
[  350585ms] [LOG] [Fast Refresh] done in 22ms @ http://localhost:3000/_next/static/chunks/node_modules_next_dist_1e8vcs8._.js:776
[  350647ms] [LOG] [Fast Refresh] done in 22ms @ http://localhost:3000/_next/static/chunks/node_modules_next_dist_1e8vcs8._.js:776
[  350712ms] [LOG] [Fast Refresh] done in 22ms @ http://localhost:3000/_next/static/chunks/node_modules_next_dist_1e8vcs8._.js:776
[  350776ms] [LOG] [Fast Refresh] done in 22ms @ http://localhost:3000/_next/static/chunks/node_modules_next_dist_1e8vcs8._.js:776
[  350837ms] [LOG] [Fast Refresh] done in 22ms @ http://localhost:3000/_next/static/chunks/node_modules_next_dist_1e8vcs8._.js:776
[  350900ms] [LOG] [Fast Refresh] done in 22ms @ http://localhost:3000/_next/static/chunks/node_modules_next_dist_1e8vcs8._.js:776
[  350964ms] [LOG] [Fast Refresh] done in 22ms @ http://localhost:3000/_next/static/chunks/node_modules_next_dist_1e8vcs8._.js:776
[  351026ms] [LOG] [Fast Refresh] done in 22ms @ http://localhost:3000/_next/static/chunks/node_modules_next_dist_1e8vcs8._.js:776
[  351090ms] [LOG] [Fast Refresh] done in 22ms @ http://localhost:3000/_next/static/chunks/node_modules_next_dist_1e8vcs8._.js:776
[  351154ms] [LOG] [Fast Refresh] done in 22ms @ http://localhost:3000/_next/static/chunks/node_modules_next_dist_1e8vcs8._.js:776
[  351219ms] [LOG] [Fast Refresh] done in 22ms @ http://localhost:3000/_next/static/chunks/node_modules_next_dist_1e8vcs8._.js:776
[  351282ms] [LOG] [Fast Refresh] done in 22ms @ http://localhost:3000/_next/static/chunks/node_modules_next_dist_1e8vcs8._.js:776
[  351342ms] [LOG] [Fast Refresh] done in 22ms @ http://localhost:3000/_next/static/chunks/node_modules_next_dist_1e8vcs8._.js:776
[  351403ms] [LOG] [Fast Refresh] done in 22ms @ http://localhost:3000/_next/static/chunks/node_modules_next_dist_1e8vcs8._.js:776
[  351467ms] [LOG] [Fast Refresh] done in 22ms @ http://localhost:3000/_next/static/chunks/node_modules_next_dist_1e8vcs8._.js:776
[  351532ms] [LOG] [Fast Refresh] done in 22ms @ http://localhost:3000/_next/static/chunks/node_modules_next_dist_1e8vcs8._.js:776
[  351594ms] [LOG] [Fast Refresh] done in 22ms @ http://localhost:3000/_next/static/chunks/node_modules_next_dist_1e8vcs8._.js:776
[  351657ms] [LOG] [Fast Refresh] done in 22ms @ http://localhost:3000/_next/static/chunks/node_modules_next_dist_1e8vcs8._.js:776
[  351721ms] [LOG] [Fast Refresh] done in 22ms @ http://localhost:3000/_next/static/chunks/node_modules_next_dist_1e8vcs8._.js:776
[  351782ms] [LOG] [Fast Refresh] done in 22ms @ http://localhost:3000/_next/static/chunks/node_modules_next_dist_1e8vcs8._.js:776
[  351844ms] [LOG] [Fast Refresh] done in 22ms @ http://localhost:3000/_next/static/chunks/node_modules_next_dist_1e8vcs8._.js:776
[  351905ms] [LOG] [Fast Refresh] done in 22ms @ http://localhost:3000/_next/static/chunks/node_modules_next_dist_1e8vcs8._.js:776
[  351977ms] [LOG] [Fast Refresh] done in 22ms @ http://localhost:3000/_next/static/chunks/node_modules_next_dist_1e8vcs8._.js:776
[  352034ms] [LOG] [Fast Refresh] done in 22ms @ http://localhost:3000/_next/static/chunks/node_modules_next_dist_1e8vcs8._.js:776
[  352100ms] [LOG] [Fast Refresh] done in 22ms @ http://localhost:3000/_next/static/chunks/node_modules_next_dist_1e8vcs8._.js:776
[  352160ms] [LOG] [Fast Refresh] done in 22ms @ http://localhost:3000/_next/static/chunks/node_modules_next_dist_1e8vcs8._.js:776
[  352208ms] [LOG] [Fast Refresh] done in 22ms @ http://localhost:3000/_next/static/chunks/node_modules_next_dist_1e8vcs8._.js:776
[  352270ms] [LOG] [Fast Refresh] done in 22ms @ http://localhost:3000/_next/static/chunks/node_modules_next_dist_1e8vcs8._.js:776
[  352336ms] [LOG] [Fast Refresh] done in 22ms @ http://localhost:3000/_next/static/chunks/node_modules_next_dist_1e8vcs8._.js:776
[  352396ms] [LOG] [Fast Refresh] done in 22ms @ http://localhost:3000/_next/static/chunks/node_modules_next_dist_1e8vcs8._.js:776
[  352457ms] [LOG] [Fast Refresh] done in 22ms @ http://localhost:3000/_next/static/chunks/node_modules_next_dist_1e8vcs8._.js:776
[  352519ms] [LOG] [Fast Refresh] done in 22ms @ http://localhost:3000/_next/static/chunks/node_modules_next_dist_1e8vcs8._.js:776
[  352583ms] [LOG] [Fast Refresh] done in 22ms @ http://localhost:3000/_next/static/chunks/node_modules_next_dist_1e8vcs8._.js:776
[  352645ms] [LOG] [Fast Refresh] done in 22ms @ http://localhost:3000/_next/static/chunks/node_modules_next_dist_1e8vcs8._.js:776
[  352709ms] [LOG] [Fast Refresh] done in 22ms @ http://localhost:3000/_next/static/chunks/node_modules_next_dist_1e8vcs8._.js:776
[  352769ms] [LOG] [Fast Refresh] done in 22ms @ http://localhost:3000/_next/static/chunks/node_modules_next_dist_1e8vcs8._.js:776
[  352832ms] [LOG] [Fast Refresh] done in 22ms @ http://localhost:3000/_next/static/chunks/node_modules_next_dist_1e8vcs8._.js:776
[  352895ms] [LOG] [Fast Refresh] done in 22ms @ http://localhost:3000/_next/static/chunks/node_modules_next_dist_1e8vcs8._.js:776
[  352957ms] [LOG] [Fast Refresh] done in 22ms @ http://localhost:3000/_next/static/chunks/node_modules_next_dist_1e8vcs8._.js:776
[  353020ms] [LOG] [Fast Refresh] done in 22ms @ http://localhost:3000/_next/static/chunks/node_modules_next_dist_1e8vcs8._.js:776
[  353085ms] [LOG] [Fast Refresh] done in 22ms @ http://localhost:3000/_next/static/chunks/node_modules_next_dist_1e8vcs8._.js:776
[  353145ms] [LOG] [Fast Refresh] done in 22ms @ http://localhost:3000/_next/static/chunks/node_modules_next_dist_1e8vcs8._.js:776
[  353209ms] [LOG] [Fast Refresh] done in 22ms @ http://localhost:3000/_next/static/chunks/node_modules_next_dist_1e8vcs8._.js:776
[  353256ms] [LOG] [Fast Refresh] done in 22ms @ http://localhost:3000/_next/static/chunks/node_modules_next_dist_1e8vcs8._.js:776
[  353304ms] [LOG] [Fast Refresh] done in 22ms @ http://localhost:3000/_next/static/chunks/node_modules_next_dist_1e8vcs8._.js:776
[  353371ms] [LOG] [Fast Refresh] done in 22ms @ http://localhost:3000/_next/static/chunks/node_modules_next_dist_1e8vcs8._.js:776
[  353428ms] [LOG] [Fast Refresh] done in 22ms @ http://localhost:3000/_next/static/chunks/node_modules_next_dist_1e8vcs8._.js:776
[  353491ms] [LOG] [Fast Refresh] done in 22ms @ http://localhost:3000/_next/static/chunks/node_modules_next_dist_1e8vcs8._.js:776
[  353555ms] [LOG] [Fast Refresh] done in 22ms @ http://localhost:3000/_next/static/chunks/node_modules_next_dist_1e8vcs8._.js:776
[  353616ms] [LOG] [Fast Refresh] done in 22ms @ http://localhost:3000/_next/static/chunks/node_modules_next_dist_1e8vcs8._.js:776
[  353678ms] [LOG] [Fast Refresh] done in 22ms @ http://localhost:3000/_next/static/chunks/node_modules_next_dist_1e8vcs8._.js:776
[  353745ms] [LOG] [Fast Refresh] done in 22ms @ http://localhost:3000/_next/static/chunks/node_modules_next_dist_1e8vcs8._.js:776
[  353804ms] [LOG] [Fast Refresh] done in 22ms @ http://localhost:3000/_next/static/chunks/node_modules_next_dist_1e8vcs8._.js:776
[  353866ms] [LOG] [Fast Refresh] done in 22ms @ http://localhost:3000/_next/static/chunks/node_modules_next_dist_1e8vcs8._.js:776
[  353930ms] [LOG] [Fast Refresh] done in 22ms @ http://localhost:3000/_next/static/chunks/node_modules_next_dist_1e8vcs8._.js:776
[  353994ms] [LOG] [Fast Refresh] done in 22ms @ http://localhost:3000/_next/static/chunks/node_modules_next_dist_1e8vcs8._.js:776
[  354057ms] [LOG] [Fast Refresh] done in 22ms @ http://localhost:3000/_next/static/chunks/node_modules_next_dist_1e8vcs8._.js:776
[  354121ms] [LOG] [Fast Refresh] done in 22ms @ http://localhost:3000/_next/static/chunks/node_modules_next_dist_1e8vcs8._.js:776
[  354186ms] [LOG] [Fast Refresh] done in 22ms @ http://localhost:3000/_next/static/chunks/node_modules_next_dist_1e8vcs8._.js:776
[  354248ms] [LOG] [Fast Refresh] done in 22ms @ http://localhost:3000/_next/static/chunks/node_modules_next_dist_1e8vcs8._.js:776
[  354311ms] [LOG] [Fast Refresh] done in 22ms @ http://localhost:3000/_next/static/chunks/node_modules_next_dist_1e8vcs8._.js:776
[  354359ms] [LOG] [Fast Refresh] done in 22ms @ http://localhost:3000/_next/static/chunks/node_modules_next_dist_1e8vcs8._.js:776
[  354422ms] [LOG] [Fast Refresh] done in 22ms @ http://localhost:3000/_next/static/chunks/node_modules_next_dist_1e8vcs8._.js:776
[  354486ms] [LOG] [Fast Refresh] done in 22ms @ http://localhost:3000/_next/static/chunks/node_modules_next_dist_1e8vcs8._.js:776
[  354548ms] [LOG] [Fast Refresh] done in 22ms @ http://localhost:3000/_next/static/chunks/node_modules_next_dist_1e8vcs8._.js:776
[  354610ms] [LOG] [Fast Refresh] done in 22ms @ http://localhost:3000/_next/static/chunks/node_modules_next_dist_1e8vcs8._.js:776
[  354658ms] [LOG] [Fast Refresh] done in 22ms @ http://localhost:3000/_next/static/chunks/node_modules_next_dist_1e8vcs8._.js:776
[  354707ms] [LOG] [Fast Refresh] done in 22ms @ http://localhost:3000/_next/static/chunks/node_modules_next_dist_1e8vcs8._.js:776
[  354770ms] [LOG] [Fast Refresh] done in 22ms @ http://localhost:3000/_next/static/chunks/node_modules_next_dist_1e8vcs8._.js:776
[  354819ms] [LOG] [Fast Refresh] done in 22ms @ http://localhost:3000/_next/static/chunks/node_modules_next_dist_1e8vcs8._.js:776
[  354886ms] [LOG] [Fast Refresh] done in 22ms @ http://localhost:3000/_next/static/chunks/node_modules_next_dist_1e8vcs8._.js:776
[  354931ms] [LOG] [Fast Refresh] done in 22ms @ http://localhost:3000/_next/static/chunks/node_modules_next_dist_1e8vcs8._.js:776
[  354993ms] [LOG] [Fast Refresh] done in 22ms @ http://localhost:3000/_next/static/chunks/node_modules_next_dist_1e8vcs8._.js:776
[  355056ms] [LOG] [Fast Refresh] done in 22ms @ http://localhost:3000/_next/static/chunks/node_modules_next_dist_1e8vcs8._.js:776
[  355103ms] [LOG] [Fast Refresh] done in 22ms @ http://localhost:3000/_next/static/chunks/node_modules_next_dist_1e8vcs8._.js:776
[  355167ms] [LOG] [Fast Refresh] done in 22ms @ http://localhost:3000/_next/static/chunks/node_modules_next_dist_1e8vcs8._.js:776
[  355229ms] [LOG] [Fast Refresh] done in 22ms @ http://localhost:3000/_next/static/chunks/node_modules_next_dist_1e8vcs8._.js:776
[  355291ms] [LOG] [Fast Refresh] done in 22ms @ http://localhost:3000/_next/static/chunks/node_modules_next_dist_1e8vcs8._.js:776
[  355354ms] [LOG] [Fast Refresh] done in 22ms @ http://localhost:3000/_next/static/chunks/node_modules_next_dist_1e8vcs8._.js:776
[  355416ms] [LOG] [Fast Refresh] done in 22ms @ http://localhost:3000/_next/static/chunks/node_modules_next_dist_1e8vcs8._.js:776
[  355478ms] [LOG] [Fast Refresh] done in 22ms @ http://localhost:3000/_next/static/chunks/node_modules_next_dist_1e8vcs8._.js:776
[  355541ms] [LOG] [Fast Refresh] done in 22ms @ http://localhost:3000/_next/static/chunks/node_modules_next_dist_1e8vcs8._.js:776
[  355603ms] [LOG] [Fast Refresh] done in 22ms @ http://localhost:3000/_next/static/chunks/node_modules_next_dist_1e8vcs8._.js:776
[  355670ms] [LOG] [Fast Refresh] done in 22ms @ http://localhost:3000/_next/static/chunks/node_modules_next_dist_1e8vcs8._.js:776
[  355734ms] [LOG] [Fast Refresh] done in 22ms @ http://localhost:3000/_next/static/chunks/node_modules_next_dist_1e8vcs8._.js:776
[  355794ms] [LOG] [Fast Refresh] done in 22ms @ http://localhost:3000/_next/static/chunks/node_modules_next_dist_1e8vcs8._.js:776
[  355852ms] [LOG] [Fast Refresh] done in 22ms @ http://localhost:3000/_next/static/chunks/node_modules_next_dist_1e8vcs8._.js:776
[  355918ms] [LOG] [Fast Refresh] done in 22ms @ http://localhost:3000/_next/static/chunks/node_modules_next_dist_1e8vcs8._.js:776
[  355982ms] [LOG] [Fast Refresh] done in 22ms @ http://localhost:3000/_next/static/chunks/node_modules_next_dist_1e8vcs8._.js:776
[  356038ms] [LOG] [Fast Refresh] done in 22ms @ http://localhost:3000/_next/static/chunks/node_modules_next_dist_1e8vcs8._.js:776
[  356106ms] [LOG] [Fast Refresh] done in 22ms @ http://localhost:3000/_next/static/chunks/node_modules_next_dist_1e8vcs8._.js:776
[  356164ms] [LOG] [Fast Refresh] done in 22ms @ http://localhost:3000/_next/static/chunks/node_modules_next_dist_1e8vcs8._.js:776
[  356226ms] [LOG] [Fast Refresh] done in 22ms @ http://localhost:3000/_next/static/chunks/node_modules_next_dist_1e8vcs8._.js:776
[  356291ms] [LOG] [Fast Refresh] done in 22ms @ http://localhost:3000/_next/static/chunks/node_modules_next_dist_1e8vcs8._.js:776
[  356351ms] [LOG] [Fast Refresh] done in 22ms @ http://localhost:3000/_next/static/chunks/node_modules_next_dist_1e8vcs8._.js:776
[  356411ms] [LOG] [Fast Refresh] done in 22ms @ http://localhost:3000/_next/static/chunks/node_modules_next_dist_1e8vcs8._.js:776
[  356474ms] [LOG] [Fast Refresh] done in 22ms @ http://localhost:3000/_next/static/chunks/node_modules_next_dist_1e8vcs8._.js:776
[  356540ms] [LOG] [Fast Refresh] done in 22ms @ http://localhost:3000/_next/static/chunks/node_modules_next_dist_1e8vcs8._.js:776
[  356603ms] [LOG] [Fast Refresh] done in 22ms @ http://localhost:3000/_next/static/chunks/node_modules_next_dist_1e8vcs8._.js:776
[  356663ms] [LOG] [Fast Refresh] done in 22ms @ http://localhost:3000/_next/static/chunks/node_modules_next_dist_1e8vcs8._.js:776
[  356728ms] [LOG] [Fast Refresh] done in 22ms @ http://localhost:3000/_next/static/chunks/node_modules_next_dist_1e8vcs8._.js:776
[  356789ms] [LOG] [Fast Refresh] done in 22ms @ http://localhost:3000/_next/static/chunks/node_modules_next_dist_1e8vcs8._.js:776
[  356853ms] [LOG] [Fast Refresh] done in 22ms @ http://localhost:3000/_next/static/chunks/node_modules_next_dist_1e8vcs8._.js:776
[  356940ms] [LOG] [Fast Refresh] done in 22ms @ http://localhost:3000/_next/static/chunks/node_modules_next_dist_1e8vcs8._.js:776
[  356995ms] [LOG] [Fast Refresh] done in 22ms @ http://localhost:3000/_next/static/chunks/node_modules_next_dist_1e8vcs8._.js:776
[  357043ms] [LOG] [Fast Refresh] done in 22ms @ http://localhost:3000/_next/static/chunks/node_modules_next_dist_1e8vcs8._.js:776
[  357106ms] [LOG] [Fast Refresh] done in 22ms @ http://localhost:3000/_next/static/chunks/node_modules_next_dist_1e8vcs8._.js:776
[  357170ms] [LOG] [Fast Refresh] done in 22ms @ http://localhost:3000/_next/static/chunks/node_modules_next_dist_1e8vcs8._.js:776
[  357233ms] [LOG] [Fast Refresh] done in 22ms @ http://localhost:3000/_next/static/chunks/node_modules_next_dist_1e8vcs8._.js:776
[  357296ms] [LOG] [Fast Refresh] done in 22ms @ http://localhost:3000/_next/static/chunks/node_modules_next_dist_1e8vcs8._.js:776
[  357344ms] [LOG] [Fast Refresh] done in 22ms @ http://localhost:3000/_next/static/chunks/node_modules_next_dist_1e8vcs8._.js:776
[  357390ms] [LOG] [Fast Refresh] done in 22ms @ http://localhost:3000/_next/static/chunks/node_modules_next_dist_1e8vcs8._.js:776
[  357457ms] [LOG] [Fast Refresh] done in 22ms @ http://localhost:3000/_next/static/chunks/node_modules_next_dist_1e8vcs8._.js:776
[  357514ms] [LOG] [Fast Refresh] done in 22ms @ http://localhost:3000/_next/static/chunks/node_modules_next_dist_1e8vcs8._.js:776
[  357580ms] [LOG] [Fast Refresh] done in 22ms @ http://localhost:3000/_next/static/chunks/node_modules_next_dist_1e8vcs8._.js:776
[  357639ms] [LOG] [Fast Refresh] done in 22ms @ http://localhost:3000/_next/static/chunks/node_modules_next_dist_1e8vcs8._.js:776
[  357700ms] [LOG] [Fast Refresh] done in 22ms @ http://localhost:3000/_next/static/chunks/node_modules_next_dist_1e8vcs8._.js:776
[  357763ms] [LOG] [Fast Refresh] done in 22ms @ http://localhost:3000/_next/static/chunks/node_modules_next_dist_1e8vcs8._.js:776
[  357811ms] [LOG] [Fast Refresh] done in 22ms @ http://localhost:3000/_next/static/chunks/node_modules_next_dist_1e8vcs8._.js:776
[  357878ms] [LOG] [Fast Refresh] done in 22ms @ http://localhost:3000/_next/static/chunks/node_modules_next_dist_1e8vcs8._.js:776
[  357939ms] [LOG] [Fast Refresh] done in 22ms @ http://localhost:3000/_next/static/chunks/node_modules_next_dist_1e8vcs8._.js:776
[  357999ms] [LOG] [Fast Refresh] done in 22ms @ http://localhost:3000/_next/static/chunks/node_modules_next_dist_1e8vcs8._.js:776
[  358065ms] [LOG] [Fast Refresh] done in 22ms @ http://localhost:3000/_next/static/chunks/node_modules_next_dist_1e8vcs8._.js:776
[  358125ms] [LOG] [Fast Refresh] done in 22ms @ http://localhost:3000/_next/static/chunks/node_modules_next_dist_1e8vcs8._.js:776
[  358194ms] [LOG] [Fast Refresh] done in 22ms @ http://localhost:3000/_next/static/chunks/node_modules_next_dist_1e8vcs8._.js:776
[  358253ms] [LOG] [Fast Refresh] done in 22ms @ http://localhost:3000/_next/static/chunks/node_modules_next_dist_1e8vcs8._.js:776
[  358315ms] [LOG] [Fast Refresh] done in 22ms @ http://localhost:3000/_next/static/chunks/node_modules_next_dist_1e8vcs8._.js:776
[  358378ms] [LOG] [Fast Refresh] done in 22ms @ http://localhost:3000/_next/static/chunks/node_modules_next_dist_1e8vcs8._.js:776
[  358443ms] [LOG] [Fast Refresh] done in 22ms @ http://localhost:3000/_next/static/chunks/node_modules_next_dist_1e8vcs8._.js:776
[  358505ms] [LOG] [Fast Refresh] done in 22ms @ http://localhost:3000/_next/static/chunks/node_modules_next_dist_1e8vcs8._.js:776
[  358567ms] [LOG] [Fast Refresh] done in 22ms @ http://localhost:3000/_next/static/chunks/node_modules_next_dist_1e8vcs8._.js:776
[  358630ms] [LOG] [Fast Refresh] done in 22ms @ http://localhost:3000/_next/static/chunks/node_modules_next_dist_1e8vcs8._.js:776
[  358701ms] [LOG] [Fast Refresh] done in 22ms @ http://localhost:3000/_next/static/chunks/node_modules_next_dist_1e8vcs8._.js:776
[  358757ms] [LOG] [Fast Refresh] done in 22ms @ http://localhost:3000/_next/static/chunks/node_modules_next_dist_1e8vcs8._.js:776
[  358820ms] [LOG] [Fast Refresh] done in 22ms @ http://localhost:3000/_next/static/chunks/node_modules_next_dist_1e8vcs8._.js:776
[  358887ms] [LOG] [Fast Refresh] done in 22ms @ http://localhost:3000/_next/static/chunks/node_modules_next_dist_1e8vcs8._.js:776
[  358948ms] [LOG] [Fast Refresh] done in 22ms @ http://localhost:3000/_next/static/chunks/node_modules_next_dist_1e8vcs8._.js:776
[  359009ms] [LOG] [Fast Refresh] done in 22ms @ http://localhost:3000/_next/static/chunks/node_modules_next_dist_1e8vcs8._.js:776
[  359073ms] [LOG] [Fast Refresh] done in 22ms @ http://localhost:3000/_next/static/chunks/node_modules_next_dist_1e8vcs8._.js:776
[  359134ms] [LOG] [Fast Refresh] done in 22ms @ http://localhost:3000/_next/static/chunks/node_modules_next_dist_1e8vcs8._.js:776
[  359202ms] [LOG] [Fast Refresh] done in 22ms @ http://localhost:3000/_next/static/chunks/node_modules_next_dist_1e8vcs8._.js:776
[  359275ms] [LOG] [Fast Refresh] done in 22ms @ http://localhost:3000/_next/static/chunks/node_modules_next_dist_1e8vcs8._.js:776
[  359339ms] [LOG] [Fast Refresh] done in 22ms @ http://localhost:3000/_next/static/chunks/node_modules_next_dist_1e8vcs8._.js:776
[  359401ms] [LOG] [Fast Refresh] done in 22ms @ http://localhost:3000/_next/static/chunks/node_modules_next_dist_1e8vcs8._.js:776
[  359464ms] [LOG] [Fast Refresh] done in 22ms @ http://localhost:3000/_next/static/chunks/node_modules_next_dist_1e8vcs8._.js:776
[  359527ms] [LOG] [Fast Refresh] done in 22ms @ http://localhost:3000/_next/static/chunks/node_modules_next_dist_1e8vcs8._.js:776
[  359589ms] [LOG] [Fast Refresh] done in 22ms @ http://localhost:3000/_next/static/chunks/node_modules_next_dist_1e8vcs8._.js:776
[  359650ms] [LOG] [Fast Refresh] done in 22ms @ http://localhost:3000/_next/static/chunks/node_modules_next_dist_1e8vcs8._.js:776
[  359712ms] [LOG] [Fast Refresh] done in 22ms @ http://localhost:3000/_next/static/chunks/node_modules_next_dist_1e8vcs8._.js:776
[  359776ms] [LOG] [Fast Refresh] done in 22ms @ http://localhost:3000/_next/static/chunks/node_modules_next_dist_1e8vcs8._.js:776
[  359839ms] [LOG] [Fast Refresh] done in 22ms @ http://localhost:3000/_next/static/chunks/node_modules_next_dist_1e8vcs8._.js:776
[  359903ms] [LOG] [Fast Refresh] done in 22ms @ http://localhost:3000/_next/static/chunks/node_modules_next_dist_1e8vcs8._.js:776
[  359965ms] [LOG] [Fast Refresh] done in 22ms @ http://localhost:3000/_next/static/chunks/node_modules_next_dist_1e8vcs8._.js:776
[  360012ms] [LOG] [Fast Refresh] done in 22ms @ http://localhost:3000/_next/static/chunks/node_modules_next_dist_1e8vcs8._.js:776
[  360075ms] [LOG] [Fast Refresh] done in 22ms @ http://localhost:3000/_next/static/chunks/node_modules_next_dist_1e8vcs8._.js:776
[  360142ms] [LOG] [Fast Refresh] done in 22ms @ http://localhost:3000/_next/static/chunks/node_modules_next_dist_1e8vcs8._.js:776
[  360200ms] [LOG] [Fast Refresh] done in 22ms @ http://localhost:3000/_next/static/chunks/node_modules_next_dist_1e8vcs8._.js:776
[  360263ms] [LOG] [Fast Refresh] done in 22ms @ http://localhost:3000/_next/static/chunks/node_modules_next_dist_1e8vcs8._.js:776
[  360324ms] [LOG] [Fast Refresh] done in 22ms @ http://localhost:3000/_next/static/chunks/node_modules_next_dist_1e8vcs8._.js:776
[  360385ms] [LOG] [Fast Refresh] done in 22ms @ http://localhost:3000/_next/static/chunks/node_modules_next_dist_1e8vcs8._.js:776
[  360448ms] [LOG] [Fast Refresh] done in 22ms @ http://localhost:3000/_next/static/chunks/node_modules_next_dist_1e8vcs8._.js:776
[  360514ms] [LOG] [Fast Refresh] done in 22ms @ http://localhost:3000/_next/static/chunks/node_modules_next_dist_1e8vcs8._.js:776
[  360574ms] [LOG] [Fast Refresh] done in 22ms @ http://localhost:3000/_next/static/chunks/node_modules_next_dist_1e8vcs8._.js:776
[  360637ms] [LOG] [Fast Refresh] done in 22ms @ http://localhost:3000/_next/static/chunks/node_modules_next_dist_1e8vcs8._.js:776
[  360699ms] [LOG] [Fast Refresh] done in 22ms @ http://localhost:3000/_next/static/chunks/node_modules_next_dist_1e8vcs8._.js:776
[  360748ms] [LOG] [Fast Refresh] done in 22ms @ http://localhost:3000/_next/static/chunks/node_modules_next_dist_1e8vcs8._.js:776
[  360845ms] [LOG] [Fast Refresh] done in 22ms @ http://localhost:3000/_next/static/chunks/node_modules_next_dist_1e8vcs8._.js:776
[  360907ms] [LOG] [Fast Refresh] done in 22ms @ http://localhost:3000/_next/static/chunks/node_modules_next_dist_1e8vcs8._.js:776
[  360970ms] [LOG] [Fast Refresh] done in 22ms @ http://localhost:3000/_next/static/chunks/node_modules_next_dist_1e8vcs8._.js:776
[  361036ms] [LOG] [Fast Refresh] done in 22ms @ http://localhost:3000/_next/static/chunks/node_modules_next_dist_1e8vcs8._.js:776
[  361085ms] [LOG] [Fast Refresh] done in 22ms @ http://localhost:3000/_next/static/chunks/node_modules_next_dist_1e8vcs8._.js:776
[  361149ms] [LOG] [Fast Refresh] done in 22ms @ http://localhost:3000/_next/static/chunks/node_modules_next_dist_1e8vcs8._.js:776
[  361221ms] [LOG] [Fast Refresh] done in 22ms @ http://localhost:3000/_next/static/chunks/node_modules_next_dist_1e8vcs8._.js:776
[  361273ms] [LOG] [Fast Refresh] done in 22ms @ http://localhost:3000/_next/static/chunks/node_modules_next_dist_1e8vcs8._.js:776
[  361321ms] [LOG] [Fast Refresh] done in 22ms @ http://localhost:3000/_next/static/chunks/node_modules_next_dist_1e8vcs8._.js:776
[  361382ms] [LOG] [Fast Refresh] done in 22ms @ http://localhost:3000/_next/static/chunks/node_modules_next_dist_1e8vcs8._.js:776
[  361462ms] [LOG] [Fast Refresh] done in 22ms @ http://localhost:3000/_next/static/chunks/node_modules_next_dist_1e8vcs8._.js:776
[  361509ms] [LOG] [Fast Refresh] done in 22ms @ http://localhost:3000/_next/static/chunks/node_modules_next_dist_1e8vcs8._.js:776
[  361563ms] [LOG] [Fast Refresh] done in 22ms @ http://localhost:3000/_next/static/chunks/node_modules_next_dist_1e8vcs8._.js:776
[  361627ms] [LOG] [Fast Refresh] done in 22ms @ http://localhost:3000/_next/static/chunks/node_modules_next_dist_1e8vcs8._.js:776
[  361668ms] [LOG] [Fast Refresh] done in 22ms @ http://localhost:3000/_next/static/chunks/node_modules_next_dist_1e8vcs8._.js:776
[  361716ms] [LOG] [Fast Refresh] done in 22ms @ http://localhost:3000/_next/static/chunks/node_modules_next_dist_1e8vcs8._.js:776
[  361779ms] [LOG] [Fast Refresh] done in 22ms @ http://localhost:3000/_next/static/chunks/node_modules_next_dist_1e8vcs8._.js:776
[  361827ms] [LOG] [Fast Refresh] done in 22ms @ http://localhost:3000/_next/static/chunks/node_modules_next_dist_1e8vcs8._.js:776
[  361874ms] [LOG] [Fast Refresh] done in 22ms @ http://localhost:3000/_next/static/chunks/node_modules_next_dist_1e8vcs8._.js:776
[  361922ms] [LOG] [Fast Refresh] done in 22ms @ http://localhost:3000/_next/static/chunks/node_modules_next_dist_1e8vcs8._.js:776
[  361971ms] [LOG] [Fast Refresh] done in 22ms @ http://localhost:3000/_next/static/chunks/node_modules_next_dist_1e8vcs8._.js:776
[  362034ms] [LOG] [Fast Refresh] done in 22ms @ http://localhost:3000/_next/static/chunks/node_modules_next_dist_1e8vcs8._.js:776
[  362083ms] [LOG] [Fast Refresh] done in 22ms @ http://localhost:3000/_next/static/chunks/node_modules_next_dist_1e8vcs8._.js:776
[  362145ms] [LOG] [Fast Refresh] done in 22ms @ http://localhost:3000/_next/static/chunks/node_modules_next_dist_1e8vcs8._.js:776
[  362209ms] [LOG] [Fast Refresh] done in 22ms @ http://localhost:3000/_next/static/chunks/node_modules_next_dist_1e8vcs8._.js:776
[  362271ms] [LOG] [Fast Refresh] done in 22ms @ http://localhost:3000/_next/static/chunks/node_modules_next_dist_1e8vcs8._.js:776
[  362333ms] [LOG] [Fast Refresh] done in 22ms @ http://localhost:3000/_next/static/chunks/node_modules_next_dist_1e8vcs8._.js:776
[  362399ms] [LOG] [Fast Refresh] done in 22ms @ http://localhost:3000/_next/static/chunks/node_modules_next_dist_1e8vcs8._.js:776
[  362460ms] [LOG] [Fast Refresh] done in 22ms @ http://localhost:3000/_next/static/chunks/node_modules_next_dist_1e8vcs8._.js:776
[  362528ms] [LOG] [Fast Refresh] done in 22ms @ http://localhost:3000/_next/static/chunks/node_modules_next_dist_1e8vcs8._.js:776
[  362585ms] [LOG] [Fast Refresh] done in 22ms @ http://localhost:3000/_next/static/chunks/node_modules_next_dist_1e8vcs8._.js:776
[  362653ms] [LOG] [Fast Refresh] done in 22ms @ http://localhost:3000/_next/static/chunks/node_modules_next_dist_1e8vcs8._.js:776
[  362711ms] [LOG] [Fast Refresh] done in 22ms @ http://localhost:3000/_next/static/chunks/node_modules_next_dist_1e8vcs8._.js:776
[  362772ms] [LOG] [Fast Refresh] done in 22ms @ http://localhost:3000/_next/static/chunks/node_modules_next_dist_1e8vcs8._.js:776
[  362835ms] [LOG] [Fast Refresh] done in 22ms @ http://localhost:3000/_next/static/chunks/node_modules_next_dist_1e8vcs8._.js:776
[  362913ms] [LOG] [Fast Refresh] done in 22ms @ http://localhost:3000/_next/static/chunks/node_modules_next_dist_1e8vcs8._.js:776
[  362974ms] [LOG] [Fast Refresh] done in 22ms @ http://localhost:3000/_next/static/chunks/node_modules_next_dist_1e8vcs8._.js:776
[  363021ms] [LOG] [Fast Refresh] done in 22ms @ http://localhost:3000/_next/static/chunks/node_modules_next_dist_1e8vcs8._.js:776
[  363086ms] [LOG] [Fast Refresh] done in 22ms @ http://localhost:3000/_next/static/chunks/node_modules_next_dist_1e8vcs8._.js:776
[  363163ms] [LOG] [Fast Refresh] done in 22ms @ http://localhost:3000/_next/static/chunks/node_modules_next_dist_1e8vcs8._.js:776
[  363209ms] [LOG] [Fast Refresh] done in 22ms @ http://localhost:3000/_next/static/chunks/node_modules_next_dist_1e8vcs8._.js:776
[  363273ms] [LOG] [Fast Refresh] done in 22ms @ http://localhost:3000/_next/static/chunks/node_modules_next_dist_1e8vcs8._.js:776
[  363335ms] [LOG] [Fast Refresh] done in 22ms @ http://localhost:3000/_next/static/chunks/node_modules_next_dist_1e8vcs8._.js:776
[  363383ms] [LOG] [Fast Refresh] done in 22ms @ http://localhost:3000/_next/static/chunks/node_modules_next_dist_1e8vcs8._.js:776
[  363445ms] [LOG] [Fast Refresh] done in 22ms @ http://localhost:3000/_next/static/chunks/node_modules_next_dist_1e8vcs8._.js:776
[  363508ms] [LOG] [Fast Refresh] done in 22ms @ http://localhost:3000/_next/static/chunks/node_modules_next_dist_1e8vcs8._.js:776
[  363570ms] [LOG] [Fast Refresh] done in 22ms @ http://localhost:3000/_next/static/chunks/node_modules_next_dist_1e8vcs8._.js:776
[  363633ms] [LOG] [Fast Refresh] done in 22ms @ http://localhost:3000/_next/static/chunks/node_modules_next_dist_1e8vcs8._.js:776
[  363697ms] [LOG] [Fast Refresh] done in 22ms @ http://localhost:3000/_next/static/chunks/node_modules_next_dist_1e8vcs8._.js:776
[  363744ms] [LOG] [Fast Refresh] done in 22ms @ http://localhost:3000/_next/static/chunks/node_modules_next_dist_1e8vcs8._.js:776
[  363808ms] [LOG] [Fast Refresh] done in 22ms @ http://localhost:3000/_next/static/chunks/node_modules_next_dist_1e8vcs8._.js:776
[  363872ms] [LOG] [Fast Refresh] done in 22ms @ http://localhost:3000/_next/static/chunks/node_modules_next_dist_1e8vcs8._.js:776
[  363936ms] [LOG] [Fast Refresh] done in 22ms @ http://localhost:3000/_next/static/chunks/node_modules_next_dist_1e8vcs8._.js:776
[  363981ms] [LOG] [Fast Refresh] done in 22ms @ http://localhost:3000/_next/static/chunks/node_modules_next_dist_1e8vcs8._.js:776
[  364046ms] [LOG] [Fast Refresh] done in 22ms @ http://localhost:3000/_next/static/chunks/node_modules_next_dist_1e8vcs8._.js:776
[  364108ms] [LOG] [Fast Refresh] done in 22ms @ http://localhost:3000/_next/static/chunks/node_modules_next_dist_1e8vcs8._.js:776
[  364152ms] [LOG] [Fast Refresh] done in 22ms @ http://localhost:3000/_next/static/chunks/node_modules_next_dist_1e8vcs8._.js:776
[  364216ms] [LOG] [Fast Refresh] done in 22ms @ http://localhost:3000/_next/static/chunks/node_modules_next_dist_1e8vcs8._.js:776
[  364279ms] [LOG] [Fast Refresh] done in 22ms @ http://localhost:3000/_next/static/chunks/node_modules_next_dist_1e8vcs8._.js:776
[  364342ms] [LOG] [Fast Refresh] done in 22ms @ http://localhost:3000/_next/static/chunks/node_modules_next_dist_1e8vcs8._.js:776
[  364406ms] [LOG] [Fast Refresh] done in 22ms @ http://localhost:3000/_next/static/chunks/node_modules_next_dist_1e8vcs8._.js:776
[  364481ms] [LOG] [Fast Refresh] done in 22ms @ http://localhost:3000/_next/static/chunks/node_modules_next_dist_1e8vcs8._.js:776
[  364550ms] [LOG] [Fast Refresh] done in 22ms @ http://localhost:3000/_next/static/chunks/node_modules_next_dist_1e8vcs8._.js:776
[  364628ms] [LOG] [Fast Refresh] done in 22ms @ http://localhost:3000/_next/static/chunks/node_modules_next_dist_1e8vcs8._.js:776
[  364694ms] [LOG] [Fast Refresh] done in 22ms @ http://localhost:3000/_next/static/chunks/node_modules_next_dist_1e8vcs8._.js:776
[  364741ms] [LOG] [Fast Refresh] done in 22ms @ http://localhost:3000/_next/static/chunks/node_modules_next_dist_1e8vcs8._.js:776
[  364805ms] [LOG] [Fast Refresh] done in 22ms @ http://localhost:3000/_next/static/chunks/node_modules_next_dist_1e8vcs8._.js:776
[  364869ms] [LOG] [Fast Refresh] done in 22ms @ http://localhost:3000/_next/static/chunks/node_modules_next_dist_1e8vcs8._.js:776
[  364931ms] [LOG] [Fast Refresh] done in 22ms @ http://localhost:3000/_next/static/chunks/node_modules_next_dist_1e8vcs8._.js:776
[  364994ms] [LOG] [Fast Refresh] done in 22ms @ http://localhost:3000/_next/static/chunks/node_modules_next_dist_1e8vcs8._.js:776
[  365059ms] [LOG] [Fast Refresh] done in 22ms @ http://localhost:3000/_next/static/chunks/node_modules_next_dist_1e8vcs8._.js:776
[  365121ms] [LOG] [Fast Refresh] done in 22ms @ http://localhost:3000/_next/static/chunks/node_modules_next_dist_1e8vcs8._.js:776
[  365185ms] [LOG] [Fast Refresh] done in 22ms @ http://localhost:3000/_next/static/chunks/node_modules_next_dist_1e8vcs8._.js:776
[  365265ms] [LOG] [Fast Refresh] done in 22ms @ http://localhost:3000/_next/static/chunks/node_modules_next_dist_1e8vcs8._.js:776
[  365328ms] [LOG] [Fast Refresh] done in 22ms @ http://localhost:3000/_next/static/chunks/node_modules_next_dist_1e8vcs8._.js:776
[  365389ms] [LOG] [Fast Refresh] done in 22ms @ http://localhost:3000/_next/static/chunks/node_modules_next_dist_1e8vcs8._.js:776
[  365452ms] [LOG] [Fast Refresh] done in 22ms @ http://localhost:3000/_next/static/chunks/node_modules_next_dist_1e8vcs8._.js:776
[  365515ms] [LOG] [Fast Refresh] done in 22ms @ http://localhost:3000/_next/static/chunks/node_modules_next_dist_1e8vcs8._.js:776
[  365594ms] [LOG] [Fast Refresh] done in 22ms @ http://localhost:3000/_next/static/chunks/node_modules_next_dist_1e8vcs8._.js:776
[  365657ms] [LOG] [Fast Refresh] done in 22ms @ http://localhost:3000/_next/static/chunks/node_modules_next_dist_1e8vcs8._.js:776
[  365719ms] [LOG] [Fast Refresh] done in 22ms @ http://localhost:3000/_next/static/chunks/node_modules_next_dist_1e8vcs8._.js:776
[  365782ms] [LOG] [Fast Refresh] done in 22ms @ http://localhost:3000/_next/static/chunks/node_modules_next_dist_1e8vcs8._.js:776
[  365847ms] [LOG] [Fast Refresh] done in 22ms @ http://localhost:3000/_next/static/chunks/node_modules_next_dist_1e8vcs8._.js:776
[  365924ms] [LOG] [Fast Refresh] done in 22ms @ http://localhost:3000/_next/static/chunks/node_modules_next_dist_1e8vcs8._.js:776
[  365988ms] [LOG] [Fast Refresh] done in 22ms @ http://localhost:3000/_next/static/chunks/node_modules_next_dist_1e8vcs8._.js:776
[  366053ms] [LOG] [Fast Refresh] done in 22ms @ http://localhost:3000/_next/static/chunks/node_modules_next_dist_1e8vcs8._.js:776
[  366115ms] [LOG] [Fast Refresh] done in 22ms @ http://localhost:3000/_next/static/chunks/node_modules_next_dist_1e8vcs8._.js:776
[  366177ms] [LOG] [Fast Refresh] done in 22ms @ http://localhost:3000/_next/static/chunks/node_modules_next_dist_1e8vcs8._.js:776
[  366225ms] [LOG] [Fast Refresh] done in 22ms @ http://localhost:3000/_next/static/chunks/node_modules_next_dist_1e8vcs8._.js:776
[  366287ms] [LOG] [Fast Refresh] done in 22ms @ http://localhost:3000/_next/static/chunks/node_modules_next_dist_1e8vcs8._.js:776
[  366349ms] [LOG] [Fast Refresh] done in 22ms @ http://localhost:3000/_next/static/chunks/node_modules_next_dist_1e8vcs8._.js:776
[  366411ms] [LOG] [Fast Refresh] done in 22ms @ http://localhost:3000/_next/static/chunks/node_modules_next_dist_1e8vcs8._.js:776
[  366476ms] [LOG] [Fast Refresh] done in 22ms @ http://localhost:3000/_next/static/chunks/node_modules_next_dist_1e8vcs8._.js:776
[  366536ms] [LOG] [Fast Refresh] done in 22ms @ http://localhost:3000/_next/static/chunks/node_modules_next_dist_1e8vcs8._.js:776
[  366584ms] [LOG] [Fast Refresh] done in 22ms @ http://localhost:3000/_next/static/chunks/node_modules_next_dist_1e8vcs8._.js:776
[  366634ms] [LOG] [Fast Refresh] done in 22ms @ http://localhost:3000/_next/static/chunks/node_modules_next_dist_1e8vcs8._.js:776
[  366701ms] [LOG] [Fast Refresh] done in 22ms @ http://localhost:3000/_next/static/chunks/node_modules_next_dist_1e8vcs8._.js:776
[  366743ms] [LOG] [Fast Refresh] done in 22ms @ http://localhost:3000/_next/static/chunks/node_modules_next_dist_1e8vcs8._.js:776
[  366813ms] [LOG] [Fast Refresh] done in 22ms @ http://localhost:3000/_next/static/chunks/node_modules_next_dist_1e8vcs8._.js:776
[  366867ms] [LOG] [Fast Refresh] done in 22ms @ http://localhost:3000/_next/static/chunks/node_modules_next_dist_1e8vcs8._.js:776
[  366930ms] [LOG] [Fast Refresh] done in 22ms @ http://localhost:3000/_next/static/chunks/node_modules_next_dist_1e8vcs8._.js:776
[  367006ms] [LOG] [Fast Refresh] done in 22ms @ http://localhost:3000/_next/static/chunks/node_modules_next_dist_1e8vcs8._.js:776
[  367078ms] [LOG] [Fast Refresh] done in 22ms @ http://localhost:3000/_next/static/chunks/node_modules_next_dist_1e8vcs8._.js:776
[  367132ms] [LOG] [Fast Refresh] done in 22ms @ http://localhost:3000/_next/static/chunks/node_modules_next_dist_1e8vcs8._.js:776
[  367195ms] [LOG] [Fast Refresh] done in 22ms @ http://localhost:3000/_next/static/chunks/node_modules_next_dist_1e8vcs8._.js:776
[  367260ms] [LOG] [Fast Refresh] done in 22ms @ http://localhost:3000/_next/static/chunks/node_modules_next_dist_1e8vcs8._.js:776
[  367319ms] [LOG] [Fast Refresh] done in 22ms @ http://localhost:3000/_next/static/chunks/node_modules_next_dist_1e8vcs8._.js:776
[  367381ms] [LOG] [Fast Refresh] done in 22ms @ http://localhost:3000/_next/static/chunks/node_modules_next_dist_1e8vcs8._.js:776
[  367465ms] [LOG] [Fast Refresh] done in 22ms @ http://localhost:3000/_next/static/chunks/node_modules_next_dist_1e8vcs8._.js:776
[  367523ms] [LOG] [Fast Refresh] done in 22ms @ http://localhost:3000/_next/static/chunks/node_modules_next_dist_1e8vcs8._.js:776
[  367589ms] [LOG] [Fast Refresh] done in 22ms @ http://localhost:3000/_next/static/chunks/node_modules_next_dist_1e8vcs8._.js:776
[  367681ms] [LOG] [Fast Refresh] done in 22ms @ http://localhost:3000/_next/static/chunks/node_modules_next_dist_1e8vcs8._.js:776
[  367743ms] [LOG] [Fast Refresh] done in 22ms @ http://localhost:3000/_next/static/chunks/node_modules_next_dist_1e8vcs8._.js:776
[  367803ms] [LOG] [Fast Refresh] done in 22ms @ http://localhost:3000/_next/static/chunks/node_modules_next_dist_1e8vcs8._.js:776
[  367869ms] [LOG] [Fast Refresh] done in 22ms @ http://localhost:3000/_next/static/chunks/node_modules_next_dist_1e8vcs8._.js:776
[  367930ms] [LOG] [Fast Refresh] done in 22ms @ http://localhost:3000/_next/static/chunks/node_modules_next_dist_1e8vcs8._.js:776
[  367994ms] [LOG] [Fast Refresh] done in 22ms @ http://localhost:3000/_next/static/chunks/node_modules_next_dist_1e8vcs8._.js:776
[  368055ms] [LOG] [Fast Refresh] done in 22ms @ http://localhost:3000/_next/static/chunks/node_modules_next_dist_1e8vcs8._.js:776
[  368122ms] [LOG] [Fast Refresh] done in 22ms @ http://localhost:3000/_next/static/chunks/node_modules_next_dist_1e8vcs8._.js:776
[  368167ms] [LOG] [Fast Refresh] done in 22ms @ http://localhost:3000/_next/static/chunks/node_modules_next_dist_1e8vcs8._.js:776
[  368232ms] [LOG] [Fast Refresh] done in 22ms @ http://localhost:3000/_next/static/chunks/node_modules_next_dist_1e8vcs8._.js:776
[  368295ms] [LOG] [Fast Refresh] done in 22ms @ http://localhost:3000/_next/static/chunks/node_modules_next_dist_1e8vcs8._.js:776
[  368356ms] [LOG] [Fast Refresh] done in 22ms @ http://localhost:3000/_next/static/chunks/node_modules_next_dist_1e8vcs8._.js:776
[  368420ms] [LOG] [Fast Refresh] done in 22ms @ http://localhost:3000/_next/static/chunks/node_modules_next_dist_1e8vcs8._.js:776
[  368483ms] [LOG] [Fast Refresh] done in 22ms @ http://localhost:3000/_next/static/chunks/node_modules_next_dist_1e8vcs8._.js:776
[  368549ms] [LOG] [Fast Refresh] done in 22ms @ http://localhost:3000/_next/static/chunks/node_modules_next_dist_1e8vcs8._.js:776
[  368607ms] [LOG] [Fast Refresh] done in 22ms @ http://localhost:3000/_next/static/chunks/node_modules_next_dist_1e8vcs8._.js:776
[  368655ms] [LOG] [Fast Refresh] done in 22ms @ http://localhost:3000/_next/static/chunks/node_modules_next_dist_1e8vcs8._.js:776
[  368720ms] [LOG] [Fast Refresh] done in 22ms @ http://localhost:3000/_next/static/chunks/node_modules_next_dist_1e8vcs8._.js:776
[  368781ms] [LOG] [Fast Refresh] done in 22ms @ http://localhost:3000/_next/static/chunks/node_modules_next_dist_1e8vcs8._.js:776
[  368844ms] [LOG] [Fast Refresh] done in 22ms @ http://localhost:3000/_next/static/chunks/node_modules_next_dist_1e8vcs8._.js:776
[  368907ms] [LOG] [Fast Refresh] done in 22ms @ http://localhost:3000/_next/static/chunks/node_modules_next_dist_1e8vcs8._.js:776
[  368970ms] [LOG] [Fast Refresh] done in 22ms @ http://localhost:3000/_next/static/chunks/node_modules_next_dist_1e8vcs8._.js:776
[  369043ms] [LOG] [Fast Refresh] done in 22ms @ http://localhost:3000/_next/static/chunks/node_modules_next_dist_1e8vcs8._.js:776
[  369111ms] [LOG] [Fast Refresh] done in 22ms @ http://localhost:3000/_next/static/chunks/node_modules_next_dist_1e8vcs8._.js:776
[  369171ms] [LOG] [Fast Refresh] done in 22ms @ http://localhost:3000/_next/static/chunks/node_modules_next_dist_1e8vcs8._.js:776
[  369233ms] [LOG] [Fast Refresh] done in 22ms @ http://localhost:3000/_next/static/chunks/node_modules_next_dist_1e8vcs8._.js:776
[  369299ms] [LOG] [Fast Refresh] done in 22ms @ http://localhost:3000/_next/static/chunks/node_modules_next_dist_1e8vcs8._.js:776
[  369359ms] [LOG] [Fast Refresh] done in 22ms @ http://localhost:3000/_next/static/chunks/node_modules_next_dist_1e8vcs8._.js:776
[  369421ms] [LOG] [Fast Refresh] done in 22ms @ http://localhost:3000/_next/static/chunks/node_modules_next_dist_1e8vcs8._.js:776
[  369485ms] [LOG] [Fast Refresh] done in 22ms @ http://localhost:3000/_next/static/chunks/node_modules_next_dist_1e8vcs8._.js:776
[  369562ms] [LOG] [Fast Refresh] done in 22ms @ http://localhost:3000/_next/static/chunks/node_modules_next_dist_1e8vcs8._.js:776
[  369624ms] [LOG] [Fast Refresh] done in 22ms @ http://localhost:3000/_next/static/chunks/node_modules_next_dist_1e8vcs8._.js:776
[  369706ms] [LOG] [Fast Refresh] done in 22ms @ http://localhost:3000/_next/static/chunks/node_modules_next_dist_1e8vcs8._.js:776
[  369767ms] [LOG] [Fast Refresh] done in 22ms @ http://localhost:3000/_next/static/chunks/node_modules_next_dist_1e8vcs8._.js:776
[  369829ms] [LOG] [Fast Refresh] done in 22ms @ http://localhost:3000/_next/static/chunks/node_modules_next_dist_1e8vcs8._.js:776
[  369892ms] [LOG] [Fast Refresh] done in 22ms @ http://localhost:3000/_next/static/chunks/node_modules_next_dist_1e8vcs8._.js:776
[  369958ms] [LOG] [Fast Refresh] done in 22ms @ http://localhost:3000/_next/static/chunks/node_modules_next_dist_1e8vcs8._.js:776
[  370017ms] [LOG] [Fast Refresh] done in 22ms @ http://localhost:3000/_next/static/chunks/node_modules_next_dist_1e8vcs8._.js:776
[  370081ms] [LOG] [Fast Refresh] done in 22ms @ http://localhost:3000/_next/static/chunks/node_modules_next_dist_1e8vcs8._.js:776
[  370159ms] [LOG] [Fast Refresh] done in 22ms @ http://localhost:3000/_next/static/chunks/node_modules_next_dist_1e8vcs8._.js:776
[  370236ms] [LOG] [Fast Refresh] done in 22ms @ http://localhost:3000/_next/static/chunks/node_modules_next_dist_1e8vcs8._.js:776
[  370307ms] [LOG] [Fast Refresh] done in 22ms @ http://localhost:3000/_next/static/chunks/node_modules_next_dist_1e8vcs8._.js:776
[  370376ms] [LOG] [Fast Refresh] done in 22ms @ http://localhost:3000/_next/static/chunks/node_modules_next_dist_1e8vcs8._.js:776
[  370439ms] [LOG] [Fast Refresh] done in 22ms @ http://localhost:3000/_next/static/chunks/node_modules_next_dist_1e8vcs8._.js:776
[  370535ms] [LOG] [Fast Refresh] done in 22ms @ http://localhost:3000/_next/static/chunks/node_modules_next_dist_1e8vcs8._.js:776
[  370603ms] [LOG] [Fast Refresh] done in 22ms @ http://localhost:3000/_next/static/chunks/node_modules_next_dist_1e8vcs8._.js:776
[  370670ms] [LOG] [Fast Refresh] done in 22ms @ http://localhost:3000/_next/static/chunks/node_modules_next_dist_1e8vcs8._.js:776
[  370734ms] [LOG] [Fast Refresh] done in 22ms @ http://localhost:3000/_next/static/chunks/node_modules_next_dist_1e8vcs8._.js:776
[  370814ms] [LOG] [Fast Refresh] done in 22ms @ http://localhost:3000/_next/static/chunks/node_modules_next_dist_1e8vcs8._.js:776
[  370877ms] [LOG] [Fast Refresh] done in 22ms @ http://localhost:3000/_next/static/chunks/node_modules_next_dist_1e8vcs8._.js:776
[  370941ms] [LOG] [Fast Refresh] done in 22ms @ http://localhost:3000/_next/static/chunks/node_modules_next_dist_1e8vcs8._.js:776
[  371019ms] [LOG] [Fast Refresh] done in 22ms @ http://localhost:3000/_next/static/chunks/node_modules_next_dist_1e8vcs8._.js:776
[  371081ms] [LOG] [Fast Refresh] done in 22ms @ http://localhost:3000/_next/static/chunks/node_modules_next_dist_1e8vcs8._.js:776
[  371143ms] [LOG] [Fast Refresh] done in 22ms @ http://localhost:3000/_next/static/chunks/node_modules_next_dist_1e8vcs8._.js:776
[  371205ms] [LOG] [Fast Refresh] done in 22ms @ http://localhost:3000/_next/static/chunks/node_modules_next_dist_1e8vcs8._.js:776
[  371269ms] [LOG] [Fast Refresh] done in 22ms @ http://localhost:3000/_next/static/chunks/node_modules_next_dist_1e8vcs8._.js:776
[  371334ms] [LOG] [Fast Refresh] done in 22ms @ http://localhost:3000/_next/static/chunks/node_modules_next_dist_1e8vcs8._.js:776
[  371393ms] [LOG] [Fast Refresh] done in 22ms @ http://localhost:3000/_next/static/chunks/node_modules_next_dist_1e8vcs8._.js:776
[  371457ms] [LOG] [Fast Refresh] done in 22ms @ http://localhost:3000/_next/static/chunks/node_modules_next_dist_1e8vcs8._.js:776
[  371568ms] [LOG] [Fast Refresh] done in 22ms @ http://localhost:3000/_next/static/chunks/node_modules_next_dist_1e8vcs8._.js:776
[  371630ms] [LOG] [Fast Refresh] done in 22ms @ http://localhost:3000/_next/static/chunks/node_modules_next_dist_1e8vcs8._.js:776
[  371711ms] [LOG] [Fast Refresh] done in 22ms @ http://localhost:3000/_next/static/chunks/node_modules_next_dist_1e8vcs8._.js:776
[  371773ms] [LOG] [Fast Refresh] done in 22ms @ http://localhost:3000/_next/static/chunks/node_modules_next_dist_1e8vcs8._.js:776
[  371834ms] [LOG] [Fast Refresh] done in 22ms @ http://localhost:3000/_next/static/chunks/node_modules_next_dist_1e8vcs8._.js:776
[  371879ms] [LOG] [Fast Refresh] done in 22ms @ http://localhost:3000/_next/static/chunks/node_modules_next_dist_1e8vcs8._.js:776
[  371944ms] [LOG] [Fast Refresh] done in 22ms @ http://localhost:3000/_next/static/chunks/node_modules_next_dist_1e8vcs8._.js:776
[  371990ms] [LOG] [Fast Refresh] done in 22ms @ http://localhost:3000/_next/static/chunks/node_modules_next_dist_1e8vcs8._.js:776
[  372053ms] [LOG] [Fast Refresh] done in 22ms @ http://localhost:3000/_next/static/chunks/node_modules_next_dist_1e8vcs8._.js:776
[  372126ms] [LOG] [Fast Refresh] done in 22ms @ http://localhost:3000/_next/static/chunks/node_modules_next_dist_1e8vcs8._.js:776
[  372181ms] [LOG] [Fast Refresh] done in 22ms @ http://localhost:3000/_next/static/chunks/node_modules_next_dist_1e8vcs8._.js:776
[  372246ms] [LOG] [Fast Refresh] done in 22ms @ http://localhost:3000/_next/static/chunks/node_modules_next_dist_1e8vcs8._.js:776
[  372320ms] [LOG] [Fast Refresh] done in 22ms @ http://localhost:3000/_next/static/chunks/node_modules_next_dist_1e8vcs8._.js:776
[  372382ms] [LOG] [Fast Refresh] done in 22ms @ http://localhost:3000/_next/static/chunks/node_modules_next_dist_1e8vcs8._.js:776
[  372451ms] [LOG] [Fast Refresh] done in 22ms @ http://localhost:3000/_next/static/chunks/node_modules_next_dist_1e8vcs8._.js:776
[  372510ms] [LOG] [Fast Refresh] done in 22ms @ http://localhost:3000/_next/static/chunks/node_modules_next_dist_1e8vcs8._.js:776
[  372573ms] [LOG] [Fast Refresh] done in 22ms @ http://localhost:3000/_next/static/chunks/node_modules_next_dist_1e8vcs8._.js:776
[  372650ms] [LOG] [Fast Refresh] done in 22ms @ http://localhost:3000/_next/static/chunks/node_modules_next_dist_1e8vcs8._.js:776
[  372715ms] [LOG] [Fast Refresh] done in 22ms @ http://localhost:3000/_next/static/chunks/node_modules_next_dist_1e8vcs8._.js:776
[  372778ms] [LOG] [Fast Refresh] done in 22ms @ http://localhost:3000/_next/static/chunks/node_modules_next_dist_1e8vcs8._.js:776
[  372896ms] [LOG] [Fast Refresh] done in 22ms @ http://localhost:3000/_next/static/chunks/node_modules_next_dist_1e8vcs8._.js:776
[  372950ms] [LOG] [Fast Refresh] done in 22ms @ http://localhost:3000/_next/static/chunks/node_modules_next_dist_1e8vcs8._.js:776
[  373013ms] [LOG] [Fast Refresh] done in 22ms @ http://localhost:3000/_next/static/chunks/node_modules_next_dist_1e8vcs8._.js:776
[  373075ms] [LOG] [Fast Refresh] done in 22ms @ http://localhost:3000/_next/static/chunks/node_modules_next_dist_1e8vcs8._.js:776
[  373139ms] [LOG] [Fast Refresh] done in 22ms @ http://localhost:3000/_next/static/chunks/node_modules_next_dist_1e8vcs8._.js:776
[  373185ms] [LOG] [Fast Refresh] done in 22ms @ http://localhost:3000/_next/static/chunks/node_modules_next_dist_1e8vcs8._.js:776
[  373252ms] [LOG] [Fast Refresh] done in 22ms @ http://localhost:3000/_next/static/chunks/node_modules_next_dist_1e8vcs8._.js:776
[  373313ms] [LOG] [Fast Refresh] done in 22ms @ http://localhost:3000/_next/static/chunks/node_modules_next_dist_1e8vcs8._.js:776
[  373385ms] [LOG] [Fast Refresh] done in 22ms @ http://localhost:3000/_next/static/chunks/node_modules_next_dist_1e8vcs8._.js:776
[  373438ms] [LOG] [Fast Refresh] done in 22ms @ http://localhost:3000/_next/static/chunks/node_modules_next_dist_1e8vcs8._.js:776
[  373500ms] [LOG] [Fast Refresh] done in 22ms @ http://localhost:3000/_next/static/chunks/node_modules_next_dist_1e8vcs8._.js:776
[  373563ms] [LOG] [Fast Refresh] done in 22ms @ http://localhost:3000/_next/static/chunks/node_modules_next_dist_1e8vcs8._.js:776
[  373626ms] [LOG] [Fast Refresh] done in 22ms @ http://localhost:3000/_next/static/chunks/node_modules_next_dist_1e8vcs8._.js:776
[  373689ms] [LOG] [Fast Refresh] done in 22ms @ http://localhost:3000/_next/static/chunks/node_modules_next_dist_1e8vcs8._.js:776
[  373751ms] [LOG] [Fast Refresh] done in 22ms @ http://localhost:3000/_next/static/chunks/node_modules_next_dist_1e8vcs8._.js:776
[  373836ms] [LOG] [Fast Refresh] done in 22ms @ http://localhost:3000/_next/static/chunks/node_modules_next_dist_1e8vcs8._.js:776
[  373890ms] [LOG] [Fast Refresh] done in 22ms @ http://localhost:3000/_next/static/chunks/node_modules_next_dist_1e8vcs8._.js:776
[  373938ms] [LOG] [Fast Refresh] done in 22ms @ http://localhost:3000/_next/static/chunks/node_modules_next_dist_1e8vcs8._.js:776
[  374035ms] [LOG] [Fast Refresh] done in 22ms @ http://localhost:3000/_next/static/chunks/node_modules_next_dist_1e8vcs8._.js:776
[  374110ms] [LOG] [Fast Refresh] done in 22ms @ http://localhost:3000/_next/static/chunks/node_modules_next_dist_1e8vcs8._.js:776
[  374175ms] [LOG] [Fast Refresh] done in 22ms @ http://localhost:3000/_next/static/chunks/node_modules_next_dist_1e8vcs8._.js:776
[  374239ms] [LOG] [Fast Refresh] done in 22ms @ http://localhost:3000/_next/static/chunks/node_modules_next_dist_1e8vcs8._.js:776
[  374297ms] [LOG] [Fast Refresh] done in 22ms @ http://localhost:3000/_next/static/chunks/node_modules_next_dist_1e8vcs8._.js:776
[  374359ms] [LOG] [Fast Refresh] done in 22ms @ http://localhost:3000/_next/static/chunks/node_modules_next_dist_1e8vcs8._.js:776
[  374425ms] [LOG] [Fast Refresh] done in 22ms @ http://localhost:3000/_next/static/chunks/node_modules_next_dist_1e8vcs8._.js:776
[  374487ms] [LOG] [Fast Refresh] done in 22ms @ http://localhost:3000/_next/static/chunks/node_modules_next_dist_1e8vcs8._.js:776
[  374548ms] [LOG] [Fast Refresh] done in 22ms @ http://localhost:3000/_next/static/chunks/node_modules_next_dist_1e8vcs8._.js:776
[  374609ms] [LOG] [Fast Refresh] done in 22ms @ http://localhost:3000/_next/static/chunks/node_modules_next_dist_1e8vcs8._.js:776
[  374671ms] [LOG] [Fast Refresh] done in 22ms @ http://localhost:3000/_next/static/chunks/node_modules_next_dist_1e8vcs8._.js:776
[  374750ms] [LOG] [Fast Refresh] done in 22ms @ http://localhost:3000/_next/static/chunks/node_modules_next_dist_1e8vcs8._.js:776
[  374812ms] [LOG] [Fast Refresh] done in 22ms @ http://localhost:3000/_next/static/chunks/node_modules_next_dist_1e8vcs8._.js:776
[  374878ms] [LOG] [Fast Refresh] done in 22ms @ http://localhost:3000/_next/static/chunks/node_modules_next_dist_1e8vcs8._.js:776
[  374950ms] [LOG] [Fast Refresh] done in 22ms @ http://localhost:3000/_next/static/chunks/node_modules_next_dist_1e8vcs8._.js:776
[  375019ms] [LOG] [Fast Refresh] done in 22ms @ http://localhost:3000/_next/static/chunks/node_modules_next_dist_1e8vcs8._.js:776
[  375082ms] [LOG] [Fast Refresh] done in 22ms @ http://localhost:3000/_next/static/chunks/node_modules_next_dist_1e8vcs8._.js:776
[  375147ms] [LOG] [Fast Refresh] done in 22ms @ http://localhost:3000/_next/static/chunks/node_modules_next_dist_1e8vcs8._.js:776
[  375207ms] [LOG] [Fast Refresh] done in 22ms @ http://localhost:3000/_next/static/chunks/node_modules_next_dist_1e8vcs8._.js:776
[  375289ms] [LOG] [Fast Refresh] done in 22ms @ http://localhost:3000/_next/static/chunks/node_modules_next_dist_1e8vcs8._.js:776
[  375348ms] [LOG] [Fast Refresh] done in 22ms @ http://localhost:3000/_next/static/chunks/node_modules_next_dist_1e8vcs8._.js:776
[  375396ms] [LOG] [Fast Refresh] done in 22ms @ http://localhost:3000/_next/static/chunks/node_modules_next_dist_1e8vcs8._.js:776
[  375459ms] [LOG] [Fast Refresh] done in 22ms @ http://localhost:3000/_next/static/chunks/node_modules_next_dist_1e8vcs8._.js:776
[  375524ms] [LOG] [Fast Refresh] done in 22ms @ http://localhost:3000/_next/static/chunks/node_modules_next_dist_1e8vcs8._.js:776
[  375586ms] [LOG] [Fast Refresh] done in 22ms @ http://localhost:3000/_next/static/chunks/node_modules_next_dist_1e8vcs8._.js:776
[  375665ms] [LOG] [Fast Refresh] done in 22ms @ http://localhost:3000/_next/static/chunks/node_modules_next_dist_1e8vcs8._.js:776
[  375727ms] [LOG] [Fast Refresh] done in 22ms @ http://localhost:3000/_next/static/chunks/node_modules_next_dist_1e8vcs8._.js:776
[  375787ms] [LOG] [Fast Refresh] done in 22ms @ http://localhost:3000/_next/static/chunks/node_modules_next_dist_1e8vcs8._.js:776
[  375851ms] [LOG] [Fast Refresh] done in 22ms @ http://localhost:3000/_next/static/chunks/node_modules_next_dist_1e8vcs8._.js:776
[  375917ms] [LOG] [Fast Refresh] done in 22ms @ http://localhost:3000/_next/static/chunks/node_modules_next_dist_1e8vcs8._.js:776
[  375978ms] [LOG] [Fast Refresh] done in 22ms @ http://localhost:3000/_next/static/chunks/node_modules_next_dist_1e8vcs8._.js:776
[  376042ms] [LOG] [Fast Refresh] done in 22ms @ http://localhost:3000/_next/static/chunks/node_modules_next_dist_1e8vcs8._.js:776
[  376122ms] [LOG] [Fast Refresh] done in 22ms @ http://localhost:3000/_next/static/chunks/node_modules_next_dist_1e8vcs8._.js:776
[  376182ms] [LOG] [Fast Refresh] done in 22ms @ http://localhost:3000/_next/static/chunks/node_modules_next_dist_1e8vcs8._.js:776
[  376245ms] [LOG] [Fast Refresh] done in 22ms @ http://localhost:3000/_next/static/chunks/node_modules_next_dist_1e8vcs8._.js:776
[  376308ms] [LOG] [Fast Refresh] done in 22ms @ http://localhost:3000/_next/static/chunks/node_modules_next_dist_1e8vcs8._.js:776
[  376372ms] [LOG] [Fast Refresh] done in 22ms @ http://localhost:3000/_next/static/chunks/node_modules_next_dist_1e8vcs8._.js:776
[  376433ms] [LOG] [Fast Refresh] done in 22ms @ http://localhost:3000/_next/static/chunks/node_modules_next_dist_1e8vcs8._.js:776
[  376496ms] [LOG] [Fast Refresh] done in 22ms @ http://localhost:3000/_next/static/chunks/node_modules_next_dist_1e8vcs8._.js:776
[  376560ms] [LOG] [Fast Refresh] done in 22ms @ http://localhost:3000/_next/static/chunks/node_modules_next_dist_1e8vcs8._.js:776
[  376608ms] [LOG] [Fast Refresh] done in 22ms @ http://localhost:3000/_next/static/chunks/node_modules_next_dist_1e8vcs8._.js:776
[  376672ms] [LOG] [Fast Refresh] done in 22ms @ http://localhost:3000/_next/static/chunks/node_modules_next_dist_1e8vcs8._.js:776
[  376735ms] [LOG] [Fast Refresh] done in 22ms @ http://localhost:3000/_next/static/chunks/node_modules_next_dist_1e8vcs8._.js:776
[  376796ms] [LOG] [Fast Refresh] done in 22ms @ http://localhost:3000/_next/static/chunks/node_modules_next_dist_1e8vcs8._.js:776
[  376859ms] [LOG] [Fast Refresh] done in 22ms @ http://localhost:3000/_next/static/chunks/node_modules_next_dist_1e8vcs8._.js:776
[  376922ms] [LOG] [Fast Refresh] done in 22ms @ http://localhost:3000/_next/static/chunks/node_modules_next_dist_1e8vcs8._.js:776
[  376984ms] [LOG] [Fast Refresh] done in 22ms @ http://localhost:3000/_next/static/chunks/node_modules_next_dist_1e8vcs8._.js:776
[  377046ms] [LOG] [Fast Refresh] done in 22ms @ http://localhost:3000/_next/static/chunks/node_modules_next_dist_1e8vcs8._.js:776
[  377108ms] [LOG] [Fast Refresh] done in 22ms @ http://localhost:3000/_next/static/chunks/node_modules_next_dist_1e8vcs8._.js:776
[  377171ms] [LOG] [Fast Refresh] done in 22ms @ http://localhost:3000/_next/static/chunks/node_modules_next_dist_1e8vcs8._.js:776
[  377219ms] [LOG] [Fast Refresh] done in 22ms @ http://localhost:3000/_next/static/chunks/node_modules_next_dist_1e8vcs8._.js:776
[  377281ms] [LOG] [Fast Refresh] done in 22ms @ http://localhost:3000/_next/static/chunks/node_modules_next_dist_1e8vcs8._.js:776
[  377343ms] [LOG] [Fast Refresh] done in 22ms @ http://localhost:3000/_next/static/chunks/node_modules_next_dist_1e8vcs8._.js:776
[  377407ms] [LOG] [Fast Refresh] done in 22ms @ http://localhost:3000/_next/static/chunks/node_modules_next_dist_1e8vcs8._.js:776
[  377468ms] [LOG] [Fast Refresh] done in 22ms @ http://localhost:3000/_next/static/chunks/node_modules_next_dist_1e8vcs8._.js:776
[  377532ms] [LOG] [Fast Refresh] done in 22ms @ http://localhost:3000/_next/static/chunks/node_modules_next_dist_1e8vcs8._.js:776
[  377594ms] [LOG] [Fast Refresh] done in 22ms @ http://localhost:3000/_next/static/chunks/node_modules_next_dist_1e8vcs8._.js:776
[  377658ms] [LOG] [Fast Refresh] done in 22ms @ http://localhost:3000/_next/static/chunks/node_modules_next_dist_1e8vcs8._.js:776
[  377719ms] [LOG] [Fast Refresh] done in 22ms @ http://localhost:3000/_next/static/chunks/node_modules_next_dist_1e8vcs8._.js:776
[  377781ms] [LOG] [Fast Refresh] done in 22ms @ http://localhost:3000/_next/static/chunks/node_modules_next_dist_1e8vcs8._.js:776
[  377850ms] [LOG] [Fast Refresh] done in 22ms @ http://localhost:3000/_next/static/chunks/node_modules_next_dist_1e8vcs8._.js:776
[  377909ms] [LOG] [Fast Refresh] done in 22ms @ http://localhost:3000/_next/static/chunks/node_modules_next_dist_1e8vcs8._.js:776
[  377971ms] [LOG] [Fast Refresh] done in 22ms @ http://localhost:3000/_next/static/chunks/node_modules_next_dist_1e8vcs8._.js:776
[  378050ms] [LOG] [Fast Refresh] done in 22ms @ http://localhost:3000/_next/static/chunks/node_modules_next_dist_1e8vcs8._.js:776
[  378114ms] [LOG] [Fast Refresh] done in 22ms @ http://localhost:3000/_next/static/chunks/node_modules_next_dist_1e8vcs8._.js:776
[  378178ms] [LOG] [Fast Refresh] done in 22ms @ http://localhost:3000/_next/static/chunks/node_modules_next_dist_1e8vcs8._.js:776
[  378335ms] [LOG] [Fast Refresh] done in 22ms @ http://localhost:3000/_next/static/chunks/node_modules_next_dist_1e8vcs8._.js:776
[  378399ms] [LOG] [Fast Refresh] done in 22ms @ http://localhost:3000/_next/static/chunks/node_modules_next_dist_1e8vcs8._.js:776
[  378447ms] [LOG] [Fast Refresh] done in 22ms @ http://localhost:3000/_next/static/chunks/node_modules_next_dist_1e8vcs8._.js:776
[  378512ms] [LOG] [Fast Refresh] done in 22ms @ http://localhost:3000/_next/static/chunks/node_modules_next_dist_1e8vcs8._.js:776
[  378557ms] [LOG] [Fast Refresh] done in 22ms @ http://localhost:3000/_next/static/chunks/node_modules_next_dist_1e8vcs8._.js:776
[  378620ms] [LOG] [Fast Refresh] done in 22ms @ http://localhost:3000/_next/static/chunks/node_modules_next_dist_1e8vcs8._.js:776
[  378682ms] [LOG] [Fast Refresh] done in 22ms @ http://localhost:3000/_next/static/chunks/node_modules_next_dist_1e8vcs8._.js:776
[  378745ms] [LOG] [Fast Refresh] done in 22ms @ http://localhost:3000/_next/static/chunks/node_modules_next_dist_1e8vcs8._.js:776
[  378807ms] [LOG] [Fast Refresh] done in 22ms @ http://localhost:3000/_next/static/chunks/node_modules_next_dist_1e8vcs8._.js:776
[  378869ms] [LOG] [Fast Refresh] done in 22ms @ http://localhost:3000/_next/static/chunks/node_modules_next_dist_1e8vcs8._.js:776
[  378935ms] [LOG] [Fast Refresh] done in 22ms @ http://localhost:3000/_next/static/chunks/node_modules_next_dist_1e8vcs8._.js:776
[  379070ms] [LOG] [Fast Refresh] done in 22ms @ http://localhost:3000/_next/static/chunks/node_modules_next_dist_1e8vcs8._.js:776
[  379137ms] [LOG] [Fast Refresh] done in 22ms @ http://localhost:3000/_next/static/chunks/node_modules_next_dist_1e8vcs8._.js:776
[  379203ms] [LOG] [Fast Refresh] done in 22ms @ http://localhost:3000/_next/static/chunks/node_modules_next_dist_1e8vcs8._.js:776
[  379264ms] [LOG] [Fast Refresh] done in 22ms @ http://localhost:3000/_next/static/chunks/node_modules_next_dist_1e8vcs8._.js:776
[  379342ms] [LOG] [Fast Refresh] done in 22ms @ http://localhost:3000/_next/static/chunks/node_modules_next_dist_1e8vcs8._.js:776
[  379406ms] [LOG] [Fast Refresh] done in 22ms @ http://localhost:3000/_next/static/chunks/node_modules_next_dist_1e8vcs8._.js:776
[  379470ms] [LOG] [Fast Refresh] done in 22ms @ http://localhost:3000/_next/static/chunks/node_modules_next_dist_1e8vcs8._.js:776
[  379532ms] [LOG] [Fast Refresh] done in 22ms @ http://localhost:3000/_next/static/chunks/node_modules_next_dist_1e8vcs8._.js:776
[  379594ms] [LOG] [Fast Refresh] done in 22ms @ http://localhost:3000/_next/static/chunks/node_modules_next_dist_1e8vcs8._.js:776
[  379656ms] [LOG] [Fast Refresh] done in 22ms @ http://localhost:3000/_next/static/chunks/node_modules_next_dist_1e8vcs8._.js:776
[  379722ms] [LOG] [Fast Refresh] done in 22ms @ http://localhost:3000/_next/static/chunks/node_modules_next_dist_1e8vcs8._.js:776
[  379780ms] [LOG] [Fast Refresh] done in 22ms @ http://localhost:3000/_next/static/chunks/node_modules_next_dist_1e8vcs8._.js:776
[  379842ms] [LOG] [Fast Refresh] done in 22ms @ http://localhost:3000/_next/static/chunks/node_modules_next_dist_1e8vcs8._.js:776
[  379906ms] [LOG] [Fast Refresh] done in 22ms @ http://localhost:3000/_next/static/chunks/node_modules_next_dist_1e8vcs8._.js:776
[  379970ms] [LOG] [Fast Refresh] done in 22ms @ http://localhost:3000/_next/static/chunks/node_modules_next_dist_1e8vcs8._.js:776
[  380035ms] [LOG] [Fast Refresh] done in 22ms @ http://localhost:3000/_next/static/chunks/node_modules_next_dist_1e8vcs8._.js:776
[  380095ms] [LOG] [Fast Refresh] done in 22ms @ http://localhost:3000/_next/static/chunks/node_modules_next_dist_1e8vcs8._.js:776
[  380159ms] [LOG] [Fast Refresh] done in 22ms @ http://localhost:3000/_next/static/chunks/node_modules_next_dist_1e8vcs8._.js:776
[  380222ms] [LOG] [Fast Refresh] done in 22ms @ http://localhost:3000/_next/static/chunks/node_modules_next_dist_1e8vcs8._.js:776
[  380294ms] [LOG] [Fast Refresh] done in 22ms @ http://localhost:3000/_next/static/chunks/node_modules_next_dist_1e8vcs8._.js:776
[  380372ms] [LOG] [Fast Refresh] done in 22ms @ http://localhost:3000/_next/static/chunks/node_modules_next_dist_1e8vcs8._.js:776
[  380427ms] [LOG] [Fast Refresh] done in 22ms @ http://localhost:3000/_next/static/chunks/node_modules_next_dist_1e8vcs8._.js:776
[  380489ms] [LOG] [Fast Refresh] done in 22ms @ http://localhost:3000/_next/static/chunks/node_modules_next_dist_1e8vcs8._.js:776
[  380537ms] [LOG] [Fast Refresh] done in 22ms @ http://localhost:3000/_next/static/chunks/node_modules_next_dist_1e8vcs8._.js:776
[  380585ms] [LOG] [Fast Refresh] done in 22ms @ http://localhost:3000/_next/static/chunks/node_modules_next_dist_1e8vcs8._.js:776
[  380648ms] [LOG] [Fast Refresh] done in 22ms @ http://localhost:3000/_next/static/chunks/node_modules_next_dist_1e8vcs8._.js:776
[  380711ms] [LOG] [Fast Refresh] done in 22ms @ http://localhost:3000/_next/static/chunks/node_modules_next_dist_1e8vcs8._.js:776
[  380776ms] [LOG] [Fast Refresh] done in 22ms @ http://localhost:3000/_next/static/chunks/node_modules_next_dist_1e8vcs8._.js:776
[  380836ms] [LOG] [Fast Refresh] done in 22ms @ http://localhost:3000/_next/static/chunks/node_modules_next_dist_1e8vcs8._.js:776
[  380888ms] [LOG] [Fast Refresh] done in 22ms @ http://localhost:3000/_next/static/chunks/node_modules_next_dist_1e8vcs8._.js:776
[  380949ms] [LOG] [Fast Refresh] done in 22ms @ http://localhost:3000/_next/static/chunks/node_modules_next_dist_1e8vcs8._.js:776
[  381015ms] [LOG] [Fast Refresh] done in 22ms @ http://localhost:3000/_next/static/chunks/node_modules_next_dist_1e8vcs8._.js:776
[  381074ms] [LOG] [Fast Refresh] done in 22ms @ http://localhost:3000/_next/static/chunks/node_modules_next_dist_1e8vcs8._.js:776
[  381123ms] [LOG] [Fast Refresh] done in 22ms @ http://localhost:3000/_next/static/chunks/node_modules_next_dist_1e8vcs8._.js:776
[  381185ms] [LOG] [Fast Refresh] done in 22ms @ http://localhost:3000/_next/static/chunks/node_modules_next_dist_1e8vcs8._.js:776
[  381248ms] [LOG] [Fast Refresh] done in 22ms @ http://localhost:3000/_next/static/chunks/node_modules_next_dist_1e8vcs8._.js:776
[  381312ms] [LOG] [Fast Refresh] done in 22ms @ http://localhost:3000/_next/static/chunks/node_modules_next_dist_1e8vcs8._.js:776
[  381375ms] [LOG] [Fast Refresh] done in 22ms @ http://localhost:3000/_next/static/chunks/node_modules_next_dist_1e8vcs8._.js:776
[  381437ms] [LOG] [Fast Refresh] done in 22ms @ http://localhost:3000/_next/static/chunks/node_modules_next_dist_1e8vcs8._.js:776
[  381515ms] [LOG] [Fast Refresh] done in 22ms @ http://localhost:3000/_next/static/chunks/node_modules_next_dist_1e8vcs8._.js:776
[  381578ms] [LOG] [Fast Refresh] done in 22ms @ http://localhost:3000/_next/static/chunks/node_modules_next_dist_1e8vcs8._.js:776
[  381641ms] [LOG] [Fast Refresh] done in 22ms @ http://localhost:3000/_next/static/chunks/node_modules_next_dist_1e8vcs8._.js:776
[  381702ms] [LOG] [Fast Refresh] done in 22ms @ http://localhost:3000/_next/static/chunks/node_modules_next_dist_1e8vcs8._.js:776
[  381765ms] [LOG] [Fast Refresh] done in 22ms @ http://localhost:3000/_next/static/chunks/node_modules_next_dist_1e8vcs8._.js:776
[  381828ms] [LOG] [Fast Refresh] done in 22ms @ http://localhost:3000/_next/static/chunks/node_modules_next_dist_1e8vcs8._.js:776
[  381890ms] [LOG] [Fast Refresh] done in 22ms @ http://localhost:3000/_next/static/chunks/node_modules_next_dist_1e8vcs8._.js:776
[  381953ms] [LOG] [Fast Refresh] done in 22ms @ http://localhost:3000/_next/static/chunks/node_modules_next_dist_1e8vcs8._.js:776
[  382015ms] [LOG] [Fast Refresh] done in 22ms @ http://localhost:3000/_next/static/chunks/node_modules_next_dist_1e8vcs8._.js:776
[  382077ms] [LOG] [Fast Refresh] done in 22ms @ http://localhost:3000/_next/static/chunks/node_modules_next_dist_1e8vcs8._.js:776
[  382140ms] [LOG] [Fast Refresh] done in 22ms @ http://localhost:3000/_next/static/chunks/node_modules_next_dist_1e8vcs8._.js:776
[  382205ms] [LOG] [Fast Refresh] done in 22ms @ http://localhost:3000/_next/static/chunks/node_modules_next_dist_1e8vcs8._.js:776
[  382266ms] [LOG] [Fast Refresh] done in 22ms @ http://localhost:3000/_next/static/chunks/node_modules_next_dist_1e8vcs8._.js:776
[  382330ms] [LOG] [Fast Refresh] done in 22ms @ http://localhost:3000/_next/static/chunks/node_modules_next_dist_1e8vcs8._.js:776
[  382392ms] [LOG] [Fast Refresh] done in 22ms @ http://localhost:3000/_next/static/chunks/node_modules_next_dist_1e8vcs8._.js:776
[  382455ms] [LOG] [Fast Refresh] done in 22ms @ http://localhost:3000/_next/static/chunks/node_modules_next_dist_1e8vcs8._.js:776
[  382521ms] [LOG] [Fast Refresh] done in 22ms @ http://localhost:3000/_next/static/chunks/node_modules_next_dist_1e8vcs8._.js:776
[  382580ms] [LOG] [Fast Refresh] done in 22ms @ http://localhost:3000/_next/static/chunks/node_modules_next_dist_1e8vcs8._.js:776
[  382642ms] [LOG] [Fast Refresh] done in 22ms @ http://localhost:3000/_next/static/chunks/node_modules_next_dist_1e8vcs8._.js:776
[  382705ms] [LOG] [Fast Refresh] done in 22ms @ http://localhost:3000/_next/static/chunks/node_modules_next_dist_1e8vcs8._.js:776
[  382768ms] [LOG] [Fast Refresh] done in 22ms @ http://localhost:3000/_next/static/chunks/node_modules_next_dist_1e8vcs8._.js:776
[  382829ms] [LOG] [Fast Refresh] done in 22ms @ http://localhost:3000/_next/static/chunks/node_modules_next_dist_1e8vcs8._.js:776
[  382893ms] [LOG] [Fast Refresh] done in 22ms @ http://localhost:3000/_next/static/chunks/node_modules_next_dist_1e8vcs8._.js:776
[  382966ms] [LOG] [Fast Refresh] done in 22ms @ http://localhost:3000/_next/static/chunks/node_modules_next_dist_1e8vcs8._.js:776
[  383036ms] [LOG] [Fast Refresh] done in 22ms @ http://localhost:3000/_next/static/chunks/node_modules_next_dist_1e8vcs8._.js:776
[  383096ms] [LOG] [Fast Refresh] done in 22ms @ http://localhost:3000/_next/static/chunks/node_modules_next_dist_1e8vcs8._.js:776
[  383160ms] [LOG] [Fast Refresh] done in 22ms @ http://localhost:3000/_next/static/chunks/node_modules_next_dist_1e8vcs8._.js:776
[  383224ms] [LOG] [Fast Refresh] done in 22ms @ http://localhost:3000/_next/static/chunks/node_modules_next_dist_1e8vcs8._.js:776
[  383283ms] [LOG] [Fast Refresh] done in 22ms @ http://localhost:3000/_next/static/chunks/node_modules_next_dist_1e8vcs8._.js:776
[  383350ms] [LOG] [Fast Refresh] done in 22ms @ http://localhost:3000/_next/static/chunks/node_modules_next_dist_1e8vcs8._.js:776
[  383409ms] [LOG] [Fast Refresh] done in 22ms @ http://localhost:3000/_next/static/chunks/node_modules_next_dist_1e8vcs8._.js:776
[  383475ms] [LOG] [Fast Refresh] done in 22ms @ http://localhost:3000/_next/static/chunks/node_modules_next_dist_1e8vcs8._.js:776
[  383565ms] [LOG] [Fast Refresh] done in 22ms @ http://localhost:3000/_next/static/chunks/node_modules_next_dist_1e8vcs8._.js:776
[  383627ms] [LOG] [Fast Refresh] done in 22ms @ http://localhost:3000/_next/static/chunks/node_modules_next_dist_1e8vcs8._.js:776
[  383692ms] [LOG] [Fast Refresh] done in 22ms @ http://localhost:3000/_next/static/chunks/node_modules_next_dist_1e8vcs8._.js:776
[  383755ms] [LOG] [Fast Refresh] done in 22ms @ http://localhost:3000/_next/static/chunks/node_modules_next_dist_1e8vcs8._.js:776
[  384059ms] [LOG] [Fast Refresh] done in 22ms @ http://localhost:3000/_next/static/chunks/node_modules_next_dist_1e8vcs8._.js:776
[  384132ms] [LOG] [Fast Refresh] done in 22ms @ http://localhost:3000/_next/static/chunks/node_modules_next_dist_1e8vcs8._.js:776
[  384345ms] [LOG] [Fast Refresh] done in 22ms @ http://localhost:3000/_next/static/chunks/node_modules_next_dist_1e8vcs8._.js:776
[  384419ms] [LOG] [Fast Refresh] done in 22ms @ http://localhost:3000/_next/static/chunks/node_modules_next_dist_1e8vcs8._.js:776
[  384673ms] [LOG] [Fast Refresh] done in 22ms @ http://localhost:3000/_next/static/chunks/node_modules_next_dist_1e8vcs8._.js:776
[  384755ms] [LOG] [Fast Refresh] done in 22ms @ http://localhost:3000/_next/static/chunks/node_modules_next_dist_1e8vcs8._.js:776
[  385167ms] [LOG] [Fast Refresh] done in 22ms @ http://localhost:3000/_next/static/chunks/node_modules_next_dist_1e8vcs8._.js:776
[  385229ms] [LOG] [Fast Refresh] done in 22ms @ http://localhost:3000/_next/static/chunks/node_modules_next_dist_1e8vcs8._.js:776
[  385293ms] [LOG] [Fast Refresh] done in 22ms @ http://localhost:3000/_next/static/chunks/node_modules_next_dist_1e8vcs8._.js:776
[  385353ms] [LOG] [Fast Refresh] done in 22ms @ http://localhost:3000/_next/static/chunks/node_modules_next_dist_1e8vcs8._.js:776
[  385413ms] [LOG] [Fast Refresh] done in 22ms @ http://localhost:3000/_next/static/chunks/node_modules_next_dist_1e8vcs8._.js:776
[  385480ms] [LOG] [Fast Refresh] done in 22ms @ http://localhost:3000/_next/static/chunks/node_modules_next_dist_1e8vcs8._.js:776
[  385537ms] [LOG] [Fast Refresh] done in 22ms @ http://localhost:3000/_next/static/chunks/node_modules_next_dist_1e8vcs8._.js:776
[  385585ms] [LOG] [Fast Refresh] done in 22ms @ http://localhost:3000/_next/static/chunks/node_modules_next_dist_1e8vcs8._.js:776
[  385648ms] [LOG] [Fast Refresh] done in 22ms @ http://localhost:3000/_next/static/chunks/node_modules_next_dist_1e8vcs8._.js:776
[  385706ms] [LOG] [Fast Refresh] done in 22ms @ http://localhost:3000/_next/static/chunks/node_modules_next_dist_1e8vcs8._.js:776
[  385773ms] [LOG] [Fast Refresh] done in 22ms @ http://localhost:3000/_next/static/chunks/node_modules_next_dist_1e8vcs8._.js:776
[  385940ms] [LOG] [Fast Refresh] done in 22ms @ http://localhost:3000/_next/static/chunks/node_modules_next_dist_1e8vcs8._.js:776
[  386021ms] [LOG] [Fast Refresh] done in 22ms @ http://localhost:3000/_next/static/chunks/node_modules_next_dist_1e8vcs8._.js:776
[  386069ms] [LOG] [Fast Refresh] done in 22ms @ http://localhost:3000/_next/static/chunks/node_modules_next_dist_1e8vcs8._.js:776
[  386132ms] [LOG] [Fast Refresh] done in 22ms @ http://localhost:3000/_next/static/chunks/node_modules_next_dist_1e8vcs8._.js:776
[  386196ms] [LOG] [Fast Refresh] done in 22ms @ http://localhost:3000/_next/static/chunks/node_modules_next_dist_1e8vcs8._.js:776
[  386257ms] [LOG] [Fast Refresh] done in 22ms @ http://localhost:3000/_next/static/chunks/node_modules_next_dist_1e8vcs8._.js:776
[  386319ms] [LOG] [Fast Refresh] done in 22ms @ http://localhost:3000/_next/static/chunks/node_modules_next_dist_1e8vcs8._.js:776
[  386406ms] [LOG] [Fast Refresh] done in 22ms @ http://localhost:3000/_next/static/chunks/node_modules_next_dist_1e8vcs8._.js:776
[  386474ms] [LOG] [Fast Refresh] done in 22ms @ http://localhost:3000/_next/static/chunks/node_modules_next_dist_1e8vcs8._.js:776
[  386538ms] [LOG] [Fast Refresh] done in 22ms @ http://localhost:3000/_next/static/chunks/node_modules_next_dist_1e8vcs8._.js:776
[  386601ms] [LOG] [Fast Refresh] done in 22ms @ http://localhost:3000/_next/static/chunks/node_modules_next_dist_1e8vcs8._.js:776
[  386665ms] [LOG] [Fast Refresh] done in 22ms @ http://localhost:3000/_next/static/chunks/node_modules_next_dist_1e8vcs8._.js:776
[  386725ms] [LOG] [Fast Refresh] done in 22ms @ http://localhost:3000/_next/static/chunks/node_modules_next_dist_1e8vcs8._.js:776
[  386774ms] [LOG] [Fast Refresh] done in 22ms @ http://localhost:3000/_next/static/chunks/node_modules_next_dist_1e8vcs8._.js:776
[  386836ms] [LOG] [Fast Refresh] done in 22ms @ http://localhost:3000/_next/static/chunks/node_modules_next_dist_1e8vcs8._.js:776
[  386898ms] [LOG] [Fast Refresh] done in 22ms @ http://localhost:3000/_next/static/chunks/node_modules_next_dist_1e8vcs8._.js:776
[  386960ms] [LOG] [Fast Refresh] done in 22ms @ http://localhost:3000/_next/static/chunks/node_modules_next_dist_1e8vcs8._.js:776
[  387024ms] [LOG] [Fast Refresh] done in 22ms @ http://localhost:3000/_next/static/chunks/node_modules_next_dist_1e8vcs8._.js:776
[  387087ms] [LOG] [Fast Refresh] done in 22ms @ http://localhost:3000/_next/static/chunks/node_modules_next_dist_1e8vcs8._.js:776
[  387148ms] [LOG] [Fast Refresh] done in 22ms @ http://localhost:3000/_next/static/chunks/node_modules_next_dist_1e8vcs8._.js:776
[  387212ms] [LOG] [Fast Refresh] done in 22ms @ http://localhost:3000/_next/static/chunks/node_modules_next_dist_1e8vcs8._.js:776
[  387275ms] [LOG] [Fast Refresh] done in 22ms @ http://localhost:3000/_next/static/chunks/node_modules_next_dist_1e8vcs8._.js:776
[  387335ms] [LOG] [Fast Refresh] done in 22ms @ http://localhost:3000/_next/static/chunks/node_modules_next_dist_1e8vcs8._.js:776
[  387400ms] [LOG] [Fast Refresh] done in 22ms @ http://localhost:3000/_next/static/chunks/node_modules_next_dist_1e8vcs8._.js:776
[  387462ms] [LOG] [Fast Refresh] done in 22ms @ http://localhost:3000/_next/static/chunks/node_modules_next_dist_1e8vcs8._.js:776
[  387524ms] [LOG] [Fast Refresh] done in 22ms @ http://localhost:3000/_next/static/chunks/node_modules_next_dist_1e8vcs8._.js:776
[  387586ms] [LOG] [Fast Refresh] done in 22ms @ http://localhost:3000/_next/static/chunks/node_modules_next_dist_1e8vcs8._.js:776
[  387650ms] [LOG] [Fast Refresh] done in 22ms @ http://localhost:3000/_next/static/chunks/node_modules_next_dist_1e8vcs8._.js:776
[  387710ms] [LOG] [Fast Refresh] done in 22ms @ http://localhost:3000/_next/static/chunks/node_modules_next_dist_1e8vcs8._.js:776
[  387771ms] [LOG] [Fast Refresh] done in 22ms @ http://localhost:3000/_next/static/chunks/node_modules_next_dist_1e8vcs8._.js:776
[  387869ms] [LOG] [Fast Refresh] done in 22ms @ http://localhost:3000/_next/static/chunks/node_modules_next_dist_1e8vcs8._.js:776
[  387929ms] [LOG] [Fast Refresh] done in 22ms @ http://localhost:3000/_next/static/chunks/node_modules_next_dist_1e8vcs8._.js:776
[  387992ms] [LOG] [Fast Refresh] done in 22ms @ http://localhost:3000/_next/static/chunks/node_modules_next_dist_1e8vcs8._.js:776
[  388054ms] [LOG] [Fast Refresh] done in 22ms @ http://localhost:3000/_next/static/chunks/node_modules_next_dist_1e8vcs8._.js:776
[  388117ms] [LOG] [Fast Refresh] done in 22ms @ http://localhost:3000/_next/static/chunks/node_modules_next_dist_1e8vcs8._.js:776
[  388181ms] [LOG] [Fast Refresh] done in 22ms @ http://localhost:3000/_next/static/chunks/node_modules_next_dist_1e8vcs8._.js:776
[  388243ms] [LOG] [Fast Refresh] done in 22ms @ http://localhost:3000/_next/static/chunks/node_modules_next_dist_1e8vcs8._.js:776
[  388306ms] [LOG] [Fast Refresh] done in 22ms @ http://localhost:3000/_next/static/chunks/node_modules_next_dist_1e8vcs8._.js:776
[  388366ms] [LOG] [Fast Refresh] done in 22ms @ http://localhost:3000/_next/static/chunks/node_modules_next_dist_1e8vcs8._.js:776
[  388429ms] [LOG] [Fast Refresh] done in 22ms @ http://localhost:3000/_next/static/chunks/node_modules_next_dist_1e8vcs8._.js:776
[  388494ms] [LOG] [Fast Refresh] done in 22ms @ http://localhost:3000/_next/static/chunks/node_modules_next_dist_1e8vcs8._.js:776
[  388554ms] [LOG] [Fast Refresh] done in 22ms @ http://localhost:3000/_next/static/chunks/node_modules_next_dist_1e8vcs8._.js:776
[  388615ms] [LOG] [Fast Refresh] done in 22ms @ http://localhost:3000/_next/static/chunks/node_modules_next_dist_1e8vcs8._.js:776
[  388678ms] [LOG] [Fast Refresh] done in 22ms @ http://localhost:3000/_next/static/chunks/node_modules_next_dist_1e8vcs8._.js:776
[  388726ms] [LOG] [Fast Refresh] done in 22ms @ http://localhost:3000/_next/static/chunks/node_modules_next_dist_1e8vcs8._.js:776
[  388789ms] [LOG] [Fast Refresh] done in 22ms @ http://localhost:3000/_next/static/chunks/node_modules_next_dist_1e8vcs8._.js:776
[  388838ms] [LOG] [Fast Refresh] done in 22ms @ http://localhost:3000/_next/static/chunks/node_modules_next_dist_1e8vcs8._.js:776
[  388901ms] [LOG] [Fast Refresh] done in 22ms @ http://localhost:3000/_next/static/chunks/node_modules_next_dist_1e8vcs8._.js:776
[  388961ms] [LOG] [Fast Refresh] done in 22ms @ http://localhost:3000/_next/static/chunks/node_modules_next_dist_1e8vcs8._.js:776
[  389028ms] [LOG] [Fast Refresh] done in 22ms @ http://localhost:3000/_next/static/chunks/node_modules_next_dist_1e8vcs8._.js:776
[  389074ms] [LOG] [Fast Refresh] done in 22ms @ http://localhost:3000/_next/static/chunks/node_modules_next_dist_1e8vcs8._.js:776
[  389137ms] [LOG] [Fast Refresh] done in 22ms @ http://localhost:3000/_next/static/chunks/node_modules_next_dist_1e8vcs8._.js:776
[  389200ms] [LOG] [Fast Refresh] done in 22ms @ http://localhost:3000/_next/static/chunks/node_modules_next_dist_1e8vcs8._.js:776
[  389263ms] [LOG] [Fast Refresh] done in 22ms @ http://localhost:3000/_next/static/chunks/node_modules_next_dist_1e8vcs8._.js:776
[  389344ms] [LOG] [Fast Refresh] done in 22ms @ http://localhost:3000/_next/static/chunks/node_modules_next_dist_1e8vcs8._.js:776
[  389405ms] [LOG] [Fast Refresh] done in 22ms @ http://localhost:3000/_next/static/chunks/node_modules_next_dist_1e8vcs8._.js:776
[  389468ms] [LOG] [Fast Refresh] done in 22ms @ http://localhost:3000/_next/static/chunks/node_modules_next_dist_1e8vcs8._.js:776
[  389531ms] [LOG] [Fast Refresh] done in 22ms @ http://localhost:3000/_next/static/chunks/node_modules_next_dist_1e8vcs8._.js:776
[  389594ms] [LOG] [Fast Refresh] done in 22ms @ http://localhost:3000/_next/static/chunks/node_modules_next_dist_1e8vcs8._.js:776
[  389656ms] [LOG] [Fast Refresh] done in 22ms @ http://localhost:3000/_next/static/chunks/node_modules_next_dist_1e8vcs8._.js:776
[  389721ms] [LOG] [Fast Refresh] done in 22ms @ http://localhost:3000/_next/static/chunks/node_modules_next_dist_1e8vcs8._.js:776
[  389768ms] [LOG] [Fast Refresh] done in 22ms @ http://localhost:3000/_next/static/chunks/node_modules_next_dist_1e8vcs8._.js:776
[  389813ms] [LOG] [Fast Refresh] done in 22ms @ http://localhost:3000/_next/static/chunks/node_modules_next_dist_1e8vcs8._.js:776
[  389879ms] [LOG] [Fast Refresh] done in 22ms @ http://localhost:3000/_next/static/chunks/node_modules_next_dist_1e8vcs8._.js:776
[  389938ms] [LOG] [Fast Refresh] done in 22ms @ http://localhost:3000/_next/static/chunks/node_modules_next_dist_1e8vcs8._.js:776
[  390019ms] [LOG] [Fast Refresh] done in 22ms @ http://localhost:3000/_next/static/chunks/node_modules_next_dist_1e8vcs8._.js:776
[  390082ms] [LOG] [Fast Refresh] done in 22ms @ http://localhost:3000/_next/static/chunks/node_modules_next_dist_1e8vcs8._.js:776
[  390143ms] [LOG] [Fast Refresh] done in 22ms @ http://localhost:3000/_next/static/chunks/node_modules_next_dist_1e8vcs8._.js:776
[  390206ms] [LOG] [Fast Refresh] done in 22ms @ http://localhost:3000/_next/static/chunks/node_modules_next_dist_1e8vcs8._.js:776
[  390271ms] [LOG] [Fast Refresh] done in 22ms @ http://localhost:3000/_next/static/chunks/node_modules_next_dist_1e8vcs8._.js:776
[  390349ms] [LOG] [Fast Refresh] done in 22ms @ http://localhost:3000/_next/static/chunks/node_modules_next_dist_1e8vcs8._.js:776
[  390414ms] [LOG] [Fast Refresh] done in 22ms @ http://localhost:3000/_next/static/chunks/node_modules_next_dist_1e8vcs8._.js:776
[  390459ms] [LOG] [Fast Refresh] done in 22ms @ http://localhost:3000/_next/static/chunks/node_modules_next_dist_1e8vcs8._.js:776
[  390521ms] [LOG] [Fast Refresh] done in 22ms @ http://localhost:3000/_next/static/chunks/node_modules_next_dist_1e8vcs8._.js:776
[  390586ms] [LOG] [Fast Refresh] done in 22ms @ http://localhost:3000/_next/static/chunks/node_modules_next_dist_1e8vcs8._.js:776
[  390649ms] [LOG] [Fast Refresh] done in 22ms @ http://localhost:3000/_next/static/chunks/node_modules_next_dist_1e8vcs8._.js:776
[  390712ms] [LOG] [Fast Refresh] done in 22ms @ http://localhost:3000/_next/static/chunks/node_modules_next_dist_1e8vcs8._.js:776
[  390772ms] [LOG] [Fast Refresh] done in 22ms @ http://localhost:3000/_next/static/chunks/node_modules_next_dist_1e8vcs8._.js:776
[  390852ms] [LOG] [Fast Refresh] done in 22ms @ http://localhost:3000/_next/static/chunks/node_modules_next_dist_1e8vcs8._.js:776
[  390915ms] [LOG] [Fast Refresh] done in 22ms @ http://localhost:3000/_next/static/chunks/node_modules_next_dist_1e8vcs8._.js:776
[  390975ms] [LOG] [Fast Refresh] done in 22ms @ http://localhost:3000/_next/static/chunks/node_modules_next_dist_1e8vcs8._.js:776
[  391040ms] [LOG] [Fast Refresh] done in 22ms @ http://localhost:3000/_next/static/chunks/node_modules_next_dist_1e8vcs8._.js:776
[  391101ms] [LOG] [Fast Refresh] done in 22ms @ http://localhost:3000/_next/static/chunks/node_modules_next_dist_1e8vcs8._.js:776
[  391211ms] [LOG] [Fast Refresh] done in 22ms @ http://localhost:3000/_next/static/chunks/node_modules_next_dist_1e8vcs8._.js:776
[  391272ms] [LOG] [Fast Refresh] done in 22ms @ http://localhost:3000/_next/static/chunks/node_modules_next_dist_1e8vcs8._.js:776
[  391338ms] [LOG] [Fast Refresh] done in 22ms @ http://localhost:3000/_next/static/chunks/node_modules_next_dist_1e8vcs8._.js:776
[  391397ms] [LOG] [Fast Refresh] done in 22ms @ http://localhost:3000/_next/static/chunks/node_modules_next_dist_1e8vcs8._.js:776
[  391458ms] [LOG] [Fast Refresh] done in 22ms @ http://localhost:3000/_next/static/chunks/node_modules_next_dist_1e8vcs8._.js:776
[  391520ms] [LOG] [Fast Refresh] done in 22ms @ http://localhost:3000/_next/static/chunks/node_modules_next_dist_1e8vcs8._.js:776
[  391612ms] [LOG] [Fast Refresh] done in 22ms @ http://localhost:3000/_next/static/chunks/node_modules_next_dist_1e8vcs8._.js:776
[  391681ms] [LOG] [Fast Refresh] done in 22ms @ http://localhost:3000/_next/static/chunks/node_modules_next_dist_1e8vcs8._.js:776
[  391748ms] [LOG] [Fast Refresh] done in 22ms @ http://localhost:3000/_next/static/chunks/node_modules_next_dist_1e8vcs8._.js:776
[  391803ms] [LOG] [Fast Refresh] done in 22ms @ http://localhost:3000/_next/static/chunks/node_modules_next_dist_1e8vcs8._.js:776
[  391912ms] [LOG] [Fast Refresh] done in 22ms @ http://localhost:3000/_next/static/chunks/node_modules_next_dist_1e8vcs8._.js:776
[  392026ms] [LOG] [Fast Refresh] done in 22ms @ http://localhost:3000/_next/static/chunks/node_modules_next_dist_1e8vcs8._.js:776
[  392098ms] [LOG] [Fast Refresh] done in 22ms @ http://localhost:3000/_next/static/chunks/node_modules_next_dist_1e8vcs8._.js:776
[  392165ms] [LOG] [Fast Refresh] done in 22ms @ http://localhost:3000/_next/static/chunks/node_modules_next_dist_1e8vcs8._.js:776
[  392227ms] [LOG] [Fast Refresh] done in 22ms @ http://localhost:3000/_next/static/chunks/node_modules_next_dist_1e8vcs8._.js:776
[  392289ms] [LOG] [Fast Refresh] done in 22ms @ http://localhost:3000/_next/static/chunks/node_modules_next_dist_1e8vcs8._.js:776
[  392351ms] [LOG] [Fast Refresh] done in 22ms @ http://localhost:3000/_next/static/chunks/node_modules_next_dist_1e8vcs8._.js:776
[  392419ms] [LOG] [Fast Refresh] done in 22ms @ http://localhost:3000/_next/static/chunks/node_modules_next_dist_1e8vcs8._.js:776
[  392479ms] [LOG] [Fast Refresh] done in 22ms @ http://localhost:3000/_next/static/chunks/node_modules_next_dist_1e8vcs8._.js:776
[  392541ms] [LOG] [Fast Refresh] done in 22ms @ http://localhost:3000/_next/static/chunks/node_modules_next_dist_1e8vcs8._.js:776
[  392588ms] [LOG] [Fast Refresh] done in 22ms @ http://localhost:3000/_next/static/chunks/node_modules_next_dist_1e8vcs8._.js:776
[  392654ms] [LOG] [Fast Refresh] done in 22ms @ http://localhost:3000/_next/static/chunks/node_modules_next_dist_1e8vcs8._.js:776
[  392730ms] [LOG] [Fast Refresh] done in 22ms @ http://localhost:3000/_next/static/chunks/node_modules_next_dist_1e8vcs8._.js:776
[  392794ms] [LOG] [Fast Refresh] done in 22ms @ http://localhost:3000/_next/static/chunks/node_modules_next_dist_1e8vcs8._.js:776
[  392841ms] [LOG] [Fast Refresh] done in 22ms @ http://localhost:3000/_next/static/chunks/node_modules_next_dist_1e8vcs8._.js:776
[  392892ms] [LOG] [Fast Refresh] done in 22ms @ http://localhost:3000/_next/static/chunks/node_modules_next_dist_1e8vcs8._.js:776
[  392955ms] [LOG] [Fast Refresh] done in 22ms @ http://localhost:3000/_next/static/chunks/node_modules_next_dist_1e8vcs8._.js:776
[  393015ms] [LOG] [Fast Refresh] done in 22ms @ http://localhost:3000/_next/static/chunks/node_modules_next_dist_1e8vcs8._.js:776
[  393078ms] [LOG] [Fast Refresh] done in 22ms @ http://localhost:3000/_next/static/chunks/node_modules_next_dist_1e8vcs8._.js:776
[  393142ms] [LOG] [Fast Refresh] done in 22ms @ http://localhost:3000/_next/static/chunks/node_modules_next_dist_1e8vcs8._.js:776
[  393203ms] [LOG] [Fast Refresh] done in 22ms @ http://localhost:3000/_next/static/chunks/node_modules_next_dist_1e8vcs8._.js:776
[  393282ms] [LOG] [Fast Refresh] done in 22ms @ http://localhost:3000/_next/static/chunks/node_modules_next_dist_1e8vcs8._.js:776
[  393344ms] [LOG] [Fast Refresh] done in 22ms @ http://localhost:3000/_next/static/chunks/node_modules_next_dist_1e8vcs8._.js:776
[  393410ms] [LOG] [Fast Refresh] done in 22ms @ http://localhost:3000/_next/static/chunks/node_modules_next_dist_1e8vcs8._.js:776
[  393470ms] [LOG] [Fast Refresh] done in 22ms @ http://localhost:3000/_next/static/chunks/node_modules_next_dist_1e8vcs8._.js:776
[  393535ms] [LOG] [Fast Refresh] done in 22ms @ http://localhost:3000/_next/static/chunks/node_modules_next_dist_1e8vcs8._.js:776
[  393631ms] [LOG] [Fast Refresh] done in 22ms @ http://localhost:3000/_next/static/chunks/node_modules_next_dist_1e8vcs8._.js:776
[  393692ms] [LOG] [Fast Refresh] done in 22ms @ http://localhost:3000/_next/static/chunks/node_modules_next_dist_1e8vcs8._.js:776
[  393758ms] [LOG] [Fast Refresh] done in 22ms @ http://localhost:3000/_next/static/chunks/node_modules_next_dist_1e8vcs8._.js:776
[  393819ms] [LOG] [Fast Refresh] done in 22ms @ http://localhost:3000/_next/static/chunks/node_modules_next_dist_1e8vcs8._.js:776
[  393945ms] [LOG] [Fast Refresh] done in 22ms @ http://localhost:3000/_next/static/chunks/node_modules_next_dist_1e8vcs8._.js:776
[  394010ms] [LOG] [Fast Refresh] done in 22ms @ http://localhost:3000/_next/static/chunks/node_modules_next_dist_1e8vcs8._.js:776
[  394072ms] [LOG] [Fast Refresh] done in 22ms @ http://localhost:3000/_next/static/chunks/node_modules_next_dist_1e8vcs8._.js:776
[  394135ms] [LOG] [Fast Refresh] done in 22ms @ http://localhost:3000/_next/static/chunks/node_modules_next_dist_1e8vcs8._.js:776
[  394198ms] [LOG] [Fast Refresh] done in 22ms @ http://localhost:3000/_next/static/chunks/node_modules_next_dist_1e8vcs8._.js:776
[  394262ms] [LOG] [Fast Refresh] done in 22ms @ http://localhost:3000/_next/static/chunks/node_modules_next_dist_1e8vcs8._.js:776
[  394323ms] [LOG] [Fast Refresh] done in 22ms @ http://localhost:3000/_next/static/chunks/node_modules_next_dist_1e8vcs8._.js:776
[  394376ms] [LOG] [Fast Refresh] done in 22ms @ http://localhost:3000/_next/static/chunks/node_modules_next_dist_1e8vcs8._.js:776
[  394436ms] [LOG] [Fast Refresh] done in 22ms @ http://localhost:3000/_next/static/chunks/node_modules_next_dist_1e8vcs8._.js:776
[  394499ms] [LOG] [Fast Refresh] done in 22ms @ http://localhost:3000/_next/static/chunks/node_modules_next_dist_1e8vcs8._.js:776
[  394563ms] [LOG] [Fast Refresh] done in 22ms @ http://localhost:3000/_next/static/chunks/node_modules_next_dist_1e8vcs8._.js:776
[  394625ms] [LOG] [Fast Refresh] done in 22ms @ http://localhost:3000/_next/static/chunks/node_modules_next_dist_1e8vcs8._.js:776
[  394689ms] [LOG] [Fast Refresh] done in 22ms @ http://localhost:3000/_next/static/chunks/node_modules_next_dist_1e8vcs8._.js:776
[  394754ms] [LOG] [Fast Refresh] done in 22ms @ http://localhost:3000/_next/static/chunks/node_modules_next_dist_1e8vcs8._.js:776
[  394870ms] [LOG] [Fast Refresh] done in 22ms @ http://localhost:3000/_next/static/chunks/node_modules_next_dist_1e8vcs8._.js:776
[  394925ms] [LOG] [Fast Refresh] done in 22ms @ http://localhost:3000/_next/static/chunks/node_modules_next_dist_1e8vcs8._.js:776
[  394986ms] [LOG] [Fast Refresh] done in 22ms @ http://localhost:3000/_next/static/chunks/node_modules_next_dist_1e8vcs8._.js:776
[  395036ms] [LOG] [Fast Refresh] done in 22ms @ http://localhost:3000/_next/static/chunks/node_modules_next_dist_1e8vcs8._.js:776
[  395113ms] [LOG] [Fast Refresh] done in 22ms @ http://localhost:3000/_next/static/chunks/node_modules_next_dist_1e8vcs8._.js:776
[  395192ms] [LOG] [Fast Refresh] done in 22ms @ http://localhost:3000/_next/static/chunks/node_modules_next_dist_1e8vcs8._.js:776
[  395257ms] [LOG] [Fast Refresh] done in 22ms @ http://localhost:3000/_next/static/chunks/node_modules_next_dist_1e8vcs8._.js:776
[  395317ms] [LOG] [Fast Refresh] done in 22ms @ http://localhost:3000/_next/static/chunks/node_modules_next_dist_1e8vcs8._.js:776
[  395380ms] [LOG] [Fast Refresh] done in 22ms @ http://localhost:3000/_next/static/chunks/node_modules_next_dist_1e8vcs8._.js:776
[  395442ms] [LOG] [Fast Refresh] done in 22ms @ http://localhost:3000/_next/static/chunks/node_modules_next_dist_1e8vcs8._.js:776
[  395504ms] [LOG] [Fast Refresh] done in 22ms @ http://localhost:3000/_next/static/chunks/node_modules_next_dist_1e8vcs8._.js:776
[  395552ms] [LOG] [Fast Refresh] done in 22ms @ http://localhost:3000/_next/static/chunks/node_modules_next_dist_1e8vcs8._.js:776
[  395615ms] [LOG] [Fast Refresh] done in 22ms @ http://localhost:3000/_next/static/chunks/node_modules_next_dist_1e8vcs8._.js:776
[  395663ms] [LOG] [Fast Refresh] done in 22ms @ http://localhost:3000/_next/static/chunks/node_modules_next_dist_1e8vcs8._.js:776
[  395711ms] [LOG] [Fast Refresh] done in 22ms @ http://localhost:3000/_next/static/chunks/node_modules_next_dist_1e8vcs8._.js:776
[  395783ms] [LOG] [Fast Refresh] done in 22ms @ http://localhost:3000/_next/static/chunks/node_modules_next_dist_1e8vcs8._.js:776
[  395839ms] [LOG] [Fast Refresh] done in 22ms @ http://localhost:3000/_next/static/chunks/node_modules_next_dist_1e8vcs8._.js:776
[  395884ms] [LOG] [Fast Refresh] done in 22ms @ http://localhost:3000/_next/static/chunks/node_modules_next_dist_1e8vcs8._.js:776
[  395947ms] [LOG] [Fast Refresh] done in 22ms @ http://localhost:3000/_next/static/chunks/node_modules_next_dist_1e8vcs8._.js:776
[  396013ms] [LOG] [Fast Refresh] done in 22ms @ http://localhost:3000/_next/static/chunks/node_modules_next_dist_1e8vcs8._.js:776
[  396073ms] [LOG] [Fast Refresh] done in 22ms @ http://localhost:3000/_next/static/chunks/node_modules_next_dist_1e8vcs8._.js:776
[  396137ms] [LOG] [Fast Refresh] done in 22ms @ http://localhost:3000/_next/static/chunks/node_modules_next_dist_1e8vcs8._.js:776
[  396199ms] [LOG] [Fast Refresh] done in 22ms @ http://localhost:3000/_next/static/chunks/node_modules_next_dist_1e8vcs8._.js:776
[  396279ms] [LOG] [Fast Refresh] done in 22ms @ http://localhost:3000/_next/static/chunks/node_modules_next_dist_1e8vcs8._.js:776
[  396340ms] [LOG] [Fast Refresh] done in 22ms @ http://localhost:3000/_next/static/chunks/node_modules_next_dist_1e8vcs8._.js:776
[  396387ms] [LOG] [Fast Refresh] done in 22ms @ http://localhost:3000/_next/static/chunks/node_modules_next_dist_1e8vcs8._.js:776
[  396443ms] [LOG] [Fast Refresh] done in 22ms @ http://localhost:3000/_next/static/chunks/node_modules_next_dist_1e8vcs8._.js:776
[  396516ms] [LOG] [Fast Refresh] done in 22ms @ http://localhost:3000/_next/static/chunks/node_modules_next_dist_1e8vcs8._.js:776
[  396559ms] [LOG] [Fast Refresh] done in 22ms @ http://localhost:3000/_next/static/chunks/node_modules_next_dist_1e8vcs8._.js:776
[  396623ms] [LOG] [Fast Refresh] done in 22ms @ http://localhost:3000/_next/static/chunks/node_modules_next_dist_1e8vcs8._.js:776
[  396685ms] [LOG] [Fast Refresh] done in 22ms @ http://localhost:3000/_next/static/chunks/node_modules_next_dist_1e8vcs8._.js:776
[  396749ms] [LOG] [Fast Refresh] done in 22ms @ http://localhost:3000/_next/static/chunks/node_modules_next_dist_1e8vcs8._.js:776
[  396811ms] [LOG] [Fast Refresh] done in 22ms @ http://localhost:3000/_next/static/chunks/node_modules_next_dist_1e8vcs8._.js:776
[  396874ms] [LOG] [Fast Refresh] done in 22ms @ http://localhost:3000/_next/static/chunks/node_modules_next_dist_1e8vcs8._.js:776
[  396937ms] [LOG] [Fast Refresh] done in 22ms @ http://localhost:3000/_next/static/chunks/node_modules_next_dist_1e8vcs8._.js:776
[  397001ms] [LOG] [Fast Refresh] done in 22ms @ http://localhost:3000/_next/static/chunks/node_modules_next_dist_1e8vcs8._.js:776
[  397062ms] [LOG] [Fast Refresh] done in 22ms @ http://localhost:3000/_next/static/chunks/node_modules_next_dist_1e8vcs8._.js:776
[  397127ms] [LOG] [Fast Refresh] done in 22ms @ http://localhost:3000/_next/static/chunks/node_modules_next_dist_1e8vcs8._.js:776
[  397192ms] [LOG] [Fast Refresh] done in 22ms @ http://localhost:3000/_next/static/chunks/node_modules_next_dist_1e8vcs8._.js:776
[  397252ms] [LOG] [Fast Refresh] done in 22ms @ http://localhost:3000/_next/static/chunks/node_modules_next_dist_1e8vcs8._.js:776
[  397316ms] [LOG] [Fast Refresh] done in 22ms @ http://localhost:3000/_next/static/chunks/node_modules_next_dist_1e8vcs8._.js:776
[  397377ms] [LOG] [Fast Refresh] done in 22ms @ http://localhost:3000/_next/static/chunks/node_modules_next_dist_1e8vcs8._.js:776
[  397440ms] [LOG] [Fast Refresh] done in 22ms @ http://localhost:3000/_next/static/chunks/node_modules_next_dist_1e8vcs8._.js:776
[  397491ms] [LOG] [Fast Refresh] done in 22ms @ http://localhost:3000/_next/static/chunks/node_modules_next_dist_1e8vcs8._.js:776
[  397558ms] [LOG] [Fast Refresh] done in 22ms @ http://localhost:3000/_next/static/chunks/node_modules_next_dist_1e8vcs8._.js:776
[  397612ms] [LOG] [Fast Refresh] done in 22ms @ http://localhost:3000/_next/static/chunks/node_modules_next_dist_1e8vcs8._.js:776
[  397693ms] [LOG] [Fast Refresh] done in 22ms @ http://localhost:3000/_next/static/chunks/node_modules_next_dist_1e8vcs8._.js:776
[  397757ms] [LOG] [Fast Refresh] done in 22ms @ http://localhost:3000/_next/static/chunks/node_modules_next_dist_1e8vcs8._.js:776
[  397806ms] [LOG] [Fast Refresh] done in 22ms @ http://localhost:3000/_next/static/chunks/node_modules_next_dist_1e8vcs8._.js:776
[  397863ms] [LOG] [Fast Refresh] done in 22ms @ http://localhost:3000/_next/static/chunks/node_modules_next_dist_1e8vcs8._.js:776
[  397930ms] [LOG] [Fast Refresh] done in 22ms @ http://localhost:3000/_next/static/chunks/node_modules_next_dist_1e8vcs8._.js:776
[  397990ms] [LOG] [Fast Refresh] done in 22ms @ http://localhost:3000/_next/static/chunks/node_modules_next_dist_1e8vcs8._.js:776
[  398038ms] [LOG] [Fast Refresh] done in 22ms @ http://localhost:3000/_next/static/chunks/node_modules_next_dist_1e8vcs8._.js:776
[  398102ms] [LOG] [Fast Refresh] done in 22ms @ http://localhost:3000/_next/static/chunks/node_modules_next_dist_1e8vcs8._.js:776
[  398178ms] [LOG] [Fast Refresh] done in 22ms @ http://localhost:3000/_next/static/chunks/node_modules_next_dist_1e8vcs8._.js:776
[  398242ms] [LOG] [Fast Refresh] done in 22ms @ http://localhost:3000/_next/static/chunks/node_modules_next_dist_1e8vcs8._.js:776
[  398298ms] [LOG] [Fast Refresh] done in 22ms @ http://localhost:3000/_next/static/chunks/node_modules_next_dist_1e8vcs8._.js:776
[  398356ms] [LOG] [Fast Refresh] done in 22ms @ http://localhost:3000/_next/static/chunks/node_modules_next_dist_1e8vcs8._.js:776
[  398417ms] [LOG] [Fast Refresh] done in 22ms @ http://localhost:3000/_next/static/chunks/node_modules_next_dist_1e8vcs8._.js:776
[  398478ms] [LOG] [Fast Refresh] done in 22ms @ http://localhost:3000/_next/static/chunks/node_modules_next_dist_1e8vcs8._.js:776
[  398526ms] [LOG] [Fast Refresh] done in 22ms @ http://localhost:3000/_next/static/chunks/node_modules_next_dist_1e8vcs8._.js:776
[  398597ms] [LOG] [Fast Refresh] done in 22ms @ http://localhost:3000/_next/static/chunks/node_modules_next_dist_1e8vcs8._.js:776
[  398665ms] [LOG] [Fast Refresh] done in 22ms @ http://localhost:3000/_next/static/chunks/node_modules_next_dist_1e8vcs8._.js:776
[  398728ms] [LOG] [Fast Refresh] done in 22ms @ http://localhost:3000/_next/static/chunks/node_modules_next_dist_1e8vcs8._.js:776
[  398776ms] [LOG] [Fast Refresh] done in 22ms @ http://localhost:3000/_next/static/chunks/node_modules_next_dist_1e8vcs8._.js:776
[  398842ms] [LOG] [Fast Refresh] done in 22ms @ http://localhost:3000/_next/static/chunks/node_modules_next_dist_1e8vcs8._.js:776
[  398905ms] [LOG] [Fast Refresh] done in 22ms @ http://localhost:3000/_next/static/chunks/node_modules_next_dist_1e8vcs8._.js:776
[  398966ms] [LOG] [Fast Refresh] done in 22ms @ http://localhost:3000/_next/static/chunks/node_modules_next_dist_1e8vcs8._.js:776
[  399030ms] [LOG] [Fast Refresh] done in 22ms @ http://localhost:3000/_next/static/chunks/node_modules_next_dist_1e8vcs8._.js:776
[  399093ms] [LOG] [Fast Refresh] done in 22ms @ http://localhost:3000/_next/static/chunks/node_modules_next_dist_1e8vcs8._.js:776
[  399157ms] [LOG] [Fast Refresh] done in 22ms @ http://localhost:3000/_next/static/chunks/node_modules_next_dist_1e8vcs8._.js:776
[  399218ms] [LOG] [Fast Refresh] done in 22ms @ http://localhost:3000/_next/static/chunks/node_modules_next_dist_1e8vcs8._.js:776
[  399281ms] [LOG] [Fast Refresh] done in 22ms @ http://localhost:3000/_next/static/chunks/node_modules_next_dist_1e8vcs8._.js:776
[  399344ms] [LOG] [Fast Refresh] done in 22ms @ http://localhost:3000/_next/static/chunks/node_modules_next_dist_1e8vcs8._.js:776
[  399412ms] [LOG] [Fast Refresh] done in 22ms @ http://localhost:3000/_next/static/chunks/node_modules_next_dist_1e8vcs8._.js:776
[  399470ms] [LOG] [Fast Refresh] done in 22ms @ http://localhost:3000/_next/static/chunks/node_modules_next_dist_1e8vcs8._.js:776
[  399531ms] [LOG] [Fast Refresh] done in 22ms @ http://localhost:3000/_next/static/chunks/node_modules_next_dist_1e8vcs8._.js:776
[  399599ms] [LOG] [Fast Refresh] done in 22ms @ http://localhost:3000/_next/static/chunks/node_modules_next_dist_1e8vcs8._.js:776
[  399665ms] [LOG] [Fast Refresh] done in 22ms @ http://localhost:3000/_next/static/chunks/node_modules_next_dist_1e8vcs8._.js:776
[  399722ms] [LOG] [Fast Refresh] done in 22ms @ http://localhost:3000/_next/static/chunks/node_modules_next_dist_1e8vcs8._.js:776
[  399771ms] [LOG] [Fast Refresh] done in 22ms @ http://localhost:3000/_next/static/chunks/node_modules_next_dist_1e8vcs8._.js:776
[  399817ms] [LOG] [Fast Refresh] done in 22ms @ http://localhost:3000/_next/static/chunks/node_modules_next_dist_1e8vcs8._.js:776
[  399881ms] [LOG] [Fast Refresh] done in 22ms @ http://localhost:3000/_next/static/chunks/node_modules_next_dist_1e8vcs8._.js:776
[  399943ms] [LOG] [Fast Refresh] done in 22ms @ http://localhost:3000/_next/static/chunks/node_modules_next_dist_1e8vcs8._.js:776
[  400004ms] [LOG] [Fast Refresh] done in 22ms @ http://localhost:3000/_next/static/chunks/node_modules_next_dist_1e8vcs8._.js:776
[  400052ms] [LOG] [Fast Refresh] done in 22ms @ http://localhost:3000/_next/static/chunks/node_modules_next_dist_1e8vcs8._.js:776
[  400115ms] [LOG] [Fast Refresh] done in 22ms @ http://localhost:3000/_next/static/chunks/node_modules_next_dist_1e8vcs8._.js:776
[  400163ms] [LOG] [Fast Refresh] done in 22ms @ http://localhost:3000/_next/static/chunks/node_modules_next_dist_1e8vcs8._.js:776
[  400225ms] [LOG] [Fast Refresh] done in 22ms @ http://localhost:3000/_next/static/chunks/node_modules_next_dist_1e8vcs8._.js:776
[  400291ms] [LOG] [Fast Refresh] done in 22ms @ http://localhost:3000/_next/static/chunks/node_modules_next_dist_1e8vcs8._.js:776
[  400351ms] [LOG] [Fast Refresh] done in 22ms @ http://localhost:3000/_next/static/chunks/node_modules_next_dist_1e8vcs8._.js:776
[  400420ms] [LOG] [Fast Refresh] done in 22ms @ http://localhost:3000/_next/static/chunks/node_modules_next_dist_1e8vcs8._.js:776
[  400478ms] [LOG] [Fast Refresh] done in 22ms @ http://localhost:3000/_next/static/chunks/node_modules_next_dist_1e8vcs8._.js:776
[  400541ms] [LOG] [Fast Refresh] done in 22ms @ http://localhost:3000/_next/static/chunks/node_modules_next_dist_1e8vcs8._.js:776
[  400604ms] [LOG] [Fast Refresh] done in 22ms @ http://localhost:3000/_next/static/chunks/node_modules_next_dist_1e8vcs8._.js:776
[  400665ms] [LOG] [Fast Refresh] done in 22ms @ http://localhost:3000/_next/static/chunks/node_modules_next_dist_1e8vcs8._.js:776
[  400728ms] [LOG] [Fast Refresh] done in 22ms @ http://localhost:3000/_next/static/chunks/node_modules_next_dist_1e8vcs8._.js:776
[  400796ms] [LOG] [Fast Refresh] done in 22ms @ http://localhost:3000/_next/static/chunks/node_modules_next_dist_1e8vcs8._.js:776
[  400855ms] [LOG] [Fast Refresh] done in 22ms @ http://localhost:3000/_next/static/chunks/node_modules_next_dist_1e8vcs8._.js:776
[  400921ms] [LOG] [Fast Refresh] done in 22ms @ http://localhost:3000/_next/static/chunks/node_modules_next_dist_1e8vcs8._.js:776
[  400984ms] [LOG] [Fast Refresh] done in 22ms @ http://localhost:3000/_next/static/chunks/node_modules_next_dist_1e8vcs8._.js:776
[  401045ms] [LOG] [Fast Refresh] done in 22ms @ http://localhost:3000/_next/static/chunks/node_modules_next_dist_1e8vcs8._.js:776
[  401109ms] [LOG] [Fast Refresh] done in 22ms @ http://localhost:3000/_next/static/chunks/node_modules_next_dist_1e8vcs8._.js:776
[  401170ms] [LOG] [Fast Refresh] done in 22ms @ http://localhost:3000/_next/static/chunks/node_modules_next_dist_1e8vcs8._.js:776
[  401233ms] [LOG] [Fast Refresh] done in 22ms @ http://localhost:3000/_next/static/chunks/node_modules_next_dist_1e8vcs8._.js:776
[  401301ms] [LOG] [Fast Refresh] done in 22ms @ http://localhost:3000/_next/static/chunks/node_modules_next_dist_1e8vcs8._.js:776
[  401359ms] [LOG] [Fast Refresh] done in 22ms @ http://localhost:3000/_next/static/chunks/node_modules_next_dist_1e8vcs8._.js:776
[  401421ms] [LOG] [Fast Refresh] done in 22ms @ http://localhost:3000/_next/static/chunks/node_modules_next_dist_1e8vcs8._.js:776
[  401484ms] [LOG] [Fast Refresh] done in 22ms @ http://localhost:3000/_next/static/chunks/node_modules_next_dist_1e8vcs8._.js:776
[  401547ms] [LOG] [Fast Refresh] done in 22ms @ http://localhost:3000/_next/static/chunks/node_modules_next_dist_1e8vcs8._.js:776
[  401614ms] [LOG] [Fast Refresh] done in 22ms @ http://localhost:3000/_next/static/chunks/node_modules_next_dist_1e8vcs8._.js:776
[  401657ms] [LOG] [Fast Refresh] done in 22ms @ http://localhost:3000/_next/static/chunks/node_modules_next_dist_1e8vcs8._.js:776
[  401718ms] [LOG] [Fast Refresh] done in 22ms @ http://localhost:3000/_next/static/chunks/node_modules_next_dist_1e8vcs8._.js:776
[  401781ms] [LOG] [Fast Refresh] done in 22ms @ http://localhost:3000/_next/static/chunks/node_modules_next_dist_1e8vcs8._.js:776
[  401844ms] [LOG] [Fast Refresh] done in 22ms @ http://localhost:3000/_next/static/chunks/node_modules_next_dist_1e8vcs8._.js:776
[  401910ms] [LOG] [Fast Refresh] done in 22ms @ http://localhost:3000/_next/static/chunks/node_modules_next_dist_1e8vcs8._.js:776
[  401969ms] [LOG] [Fast Refresh] done in 22ms @ http://localhost:3000/_next/static/chunks/node_modules_next_dist_1e8vcs8._.js:776
[  402033ms] [LOG] [Fast Refresh] done in 22ms @ http://localhost:3000/_next/static/chunks/node_modules_next_dist_1e8vcs8._.js:776
[  402102ms] [LOG] [Fast Refresh] done in 22ms @ http://localhost:3000/_next/static/chunks/node_modules_next_dist_1e8vcs8._.js:776
[  402155ms] [LOG] [Fast Refresh] done in 22ms @ http://localhost:3000/_next/static/chunks/node_modules_next_dist_1e8vcs8._.js:776
[  402218ms] [LOG] [Fast Refresh] done in 22ms @ http://localhost:3000/_next/static/chunks/node_modules_next_dist_1e8vcs8._.js:776
[  402279ms] [LOG] [Fast Refresh] done in 22ms @ http://localhost:3000/_next/static/chunks/node_modules_next_dist_1e8vcs8._.js:776
[  402343ms] [LOG] [Fast Refresh] done in 22ms @ http://localhost:3000/_next/static/chunks/node_modules_next_dist_1e8vcs8._.js:776
[  402405ms] [LOG] [Fast Refresh] done in 22ms @ http://localhost:3000/_next/static/chunks/node_modules_next_dist_1e8vcs8._.js:776
[  402468ms] [LOG] [Fast Refresh] done in 22ms @ http://localhost:3000/_next/static/chunks/node_modules_next_dist_1e8vcs8._.js:776
[  402532ms] [LOG] [Fast Refresh] done in 22ms @ http://localhost:3000/_next/static/chunks/node_modules_next_dist_1e8vcs8._.js:776
[  402596ms] [LOG] [Fast Refresh] done in 22ms @ http://localhost:3000/_next/static/chunks/node_modules_next_dist_1e8vcs8._.js:776
[  402659ms] [LOG] [Fast Refresh] done in 22ms @ http://localhost:3000/_next/static/chunks/node_modules_next_dist_1e8vcs8._.js:776
[  402719ms] [LOG] [Fast Refresh] done in 22ms @ http://localhost:3000/_next/static/chunks/node_modules_next_dist_1e8vcs8._.js:776
[  402780ms] [LOG] [Fast Refresh] done in 22ms @ http://localhost:3000/_next/static/chunks/node_modules_next_dist_1e8vcs8._.js:776
[  402842ms] [LOG] [Fast Refresh] done in 22ms @ http://localhost:3000/_next/static/chunks/node_modules_next_dist_1e8vcs8._.js:776
[  402904ms] [LOG] [Fast Refresh] done in 22ms @ http://localhost:3000/_next/static/chunks/node_modules_next_dist_1e8vcs8._.js:776
[  402968ms] [LOG] [Fast Refresh] done in 22ms @ http://localhost:3000/_next/static/chunks/node_modules_next_dist_1e8vcs8._.js:776
[  403029ms] [LOG] [Fast Refresh] done in 22ms @ http://localhost:3000/_next/static/chunks/node_modules_next_dist_1e8vcs8._.js:776
[  403093ms] [LOG] [Fast Refresh] done in 22ms @ http://localhost:3000/_next/static/chunks/node_modules_next_dist_1e8vcs8._.js:776
[  403156ms] [LOG] [Fast Refresh] done in 22ms @ http://localhost:3000/_next/static/chunks/node_modules_next_dist_1e8vcs8._.js:776
[  403219ms] [LOG] [Fast Refresh] done in 22ms @ http://localhost:3000/_next/static/chunks/node_modules_next_dist_1e8vcs8._.js:776
[  403277ms] [LOG] [Fast Refresh] done in 22ms @ http://localhost:3000/_next/static/chunks/node_modules_next_dist_1e8vcs8._.js:776
[  403345ms] [LOG] [Fast Refresh] done in 22ms @ http://localhost:3000/_next/static/chunks/node_modules_next_dist_1e8vcs8._.js:776
[  403407ms] [LOG] [Fast Refresh] done in 22ms @ http://localhost:3000/_next/static/chunks/node_modules_next_dist_1e8vcs8._.js:776
[  403469ms] [LOG] [Fast Refresh] done in 22ms @ http://localhost:3000/_next/static/chunks/node_modules_next_dist_1e8vcs8._.js:776
[  403531ms] [LOG] [Fast Refresh] done in 22ms @ http://localhost:3000/_next/static/chunks/node_modules_next_dist_1e8vcs8._.js:776
[  403610ms] [LOG] [Fast Refresh] done in 22ms @ http://localhost:3000/_next/static/chunks/node_modules_next_dist_1e8vcs8._.js:776
[  403673ms] [LOG] [Fast Refresh] done in 22ms @ http://localhost:3000/_next/static/chunks/node_modules_next_dist_1e8vcs8._.js:776
[  403736ms] [LOG] [Fast Refresh] done in 22ms @ http://localhost:3000/_next/static/chunks/node_modules_next_dist_1e8vcs8._.js:776
[  403803ms] [LOG] [Fast Refresh] done in 22ms @ http://localhost:3000/_next/static/chunks/node_modules_next_dist_1e8vcs8._.js:776
[  403861ms] [LOG] [Fast Refresh] done in 22ms @ http://localhost:3000/_next/static/chunks/node_modules_next_dist_1e8vcs8._.js:776
[  403945ms] [LOG] [Fast Refresh] done in 22ms @ http://localhost:3000/_next/static/chunks/node_modules_next_dist_1e8vcs8._.js:776
[  404000ms] [LOG] [Fast Refresh] done in 22ms @ http://localhost:3000/_next/static/chunks/node_modules_next_dist_1e8vcs8._.js:776
[  404064ms] [LOG] [Fast Refresh] done in 22ms @ http://localhost:3000/_next/static/chunks/node_modules_next_dist_1e8vcs8._.js:776
[  404126ms] [LOG] [Fast Refresh] done in 22ms @ http://localhost:3000/_next/static/chunks/node_modules_next_dist_1e8vcs8._.js:776
[  404189ms] [LOG] [Fast Refresh] done in 22ms @ http://localhost:3000/_next/static/chunks/node_modules_next_dist_1e8vcs8._.js:776
[  404253ms] [LOG] [Fast Refresh] done in 22ms @ http://localhost:3000/_next/static/chunks/node_modules_next_dist_1e8vcs8._.js:776
[  404322ms] [LOG] [Fast Refresh] done in 22ms @ http://localhost:3000/_next/static/chunks/node_modules_next_dist_1e8vcs8._.js:776
[  404378ms] [LOG] [Fast Refresh] done in 22ms @ http://localhost:3000/_next/static/chunks/node_modules_next_dist_1e8vcs8._.js:776
[  404440ms] [LOG] [Fast Refresh] done in 22ms @ http://localhost:3000/_next/static/chunks/node_modules_next_dist_1e8vcs8._.js:776
[  404502ms] [LOG] [Fast Refresh] done in 22ms @ http://localhost:3000/_next/static/chunks/node_modules_next_dist_1e8vcs8._.js:776
[  404567ms] [LOG] [Fast Refresh] done in 22ms @ http://localhost:3000/_next/static/chunks/node_modules_next_dist_1e8vcs8._.js:776
[  404629ms] [LOG] [Fast Refresh] done in 22ms @ http://localhost:3000/_next/static/chunks/node_modules_next_dist_1e8vcs8._.js:776
[  404694ms] [LOG] [Fast Refresh] done in 22ms @ http://localhost:3000/_next/static/chunks/node_modules_next_dist_1e8vcs8._.js:776
[  404755ms] [LOG] [Fast Refresh] done in 22ms @ http://localhost:3000/_next/static/chunks/node_modules_next_dist_1e8vcs8._.js:776
[  404819ms] [LOG] [Fast Refresh] done in 22ms @ http://localhost:3000/_next/static/chunks/node_modules_next_dist_1e8vcs8._.js:776
[  404880ms] [LOG] [Fast Refresh] done in 22ms @ http://localhost:3000/_next/static/chunks/node_modules_next_dist_1e8vcs8._.js:776
[  404945ms] [LOG] [Fast Refresh] done in 22ms @ http://localhost:3000/_next/static/chunks/node_modules_next_dist_1e8vcs8._.js:776
[  405008ms] [LOG] [Fast Refresh] done in 22ms @ http://localhost:3000/_next/static/chunks/node_modules_next_dist_1e8vcs8._.js:776
[  405070ms] [LOG] [Fast Refresh] done in 22ms @ http://localhost:3000/_next/static/chunks/node_modules_next_dist_1e8vcs8._.js:776
[  405135ms] [LOG] [Fast Refresh] done in 22ms @ http://localhost:3000/_next/static/chunks/node_modules_next_dist_1e8vcs8._.js:776
[  405195ms] [LOG] [Fast Refresh] done in 22ms @ http://localhost:3000/_next/static/chunks/node_modules_next_dist_1e8vcs8._.js:776
[  405259ms] [LOG] [Fast Refresh] done in 22ms @ http://localhost:3000/_next/static/chunks/node_modules_next_dist_1e8vcs8._.js:776
[  405322ms] [LOG] [Fast Refresh] done in 22ms @ http://localhost:3000/_next/static/chunks/node_modules_next_dist_1e8vcs8._.js:776
[  405381ms] [LOG] [Fast Refresh] done in 22ms @ http://localhost:3000/_next/static/chunks/node_modules_next_dist_1e8vcs8._.js:776
[  405445ms] [LOG] [Fast Refresh] done in 22ms @ http://localhost:3000/_next/static/chunks/node_modules_next_dist_1e8vcs8._.js:776
[  405508ms] [LOG] [Fast Refresh] done in 22ms @ http://localhost:3000/_next/static/chunks/node_modules_next_dist_1e8vcs8._.js:776
[  405571ms] [LOG] [Fast Refresh] done in 22ms @ http://localhost:3000/_next/static/chunks/node_modules_next_dist_1e8vcs8._.js:776
[  405636ms] [LOG] [Fast Refresh] done in 22ms @ http://localhost:3000/_next/static/chunks/node_modules_next_dist_1e8vcs8._.js:776
[  405697ms] [LOG] [Fast Refresh] done in 22ms @ http://localhost:3000/_next/static/chunks/node_modules_next_dist_1e8vcs8._.js:776
[  405747ms] [LOG] [Fast Refresh] done in 22ms @ http://localhost:3000/_next/static/chunks/node_modules_next_dist_1e8vcs8._.js:776
[  405808ms] [LOG] [Fast Refresh] done in 22ms @ http://localhost:3000/_next/static/chunks/node_modules_next_dist_1e8vcs8._.js:776
[  405871ms] [LOG] [Fast Refresh] done in 22ms @ http://localhost:3000/_next/static/chunks/node_modules_next_dist_1e8vcs8._.js:776
[  405935ms] [LOG] [Fast Refresh] done in 22ms @ http://localhost:3000/_next/static/chunks/node_modules_next_dist_1e8vcs8._.js:776
[  405994ms] [LOG] [Fast Refresh] done in 22ms @ http://localhost:3000/_next/static/chunks/node_modules_next_dist_1e8vcs8._.js:776
[  406056ms] [LOG] [Fast Refresh] done in 22ms @ http://localhost:3000/_next/static/chunks/node_modules_next_dist_1e8vcs8._.js:776
[  406119ms] [LOG] [Fast Refresh] done in 22ms @ http://localhost:3000/_next/static/chunks/node_modules_next_dist_1e8vcs8._.js:776
[  406183ms] [LOG] [Fast Refresh] done in 22ms @ http://localhost:3000/_next/static/chunks/node_modules_next_dist_1e8vcs8._.js:776
[  406246ms] [LOG] [Fast Refresh] done in 22ms @ http://localhost:3000/_next/static/chunks/node_modules_next_dist_1e8vcs8._.js:776
[  406308ms] [LOG] [Fast Refresh] done in 22ms @ http://localhost:3000/_next/static/chunks/node_modules_next_dist_1e8vcs8._.js:776
[  406371ms] [LOG] [Fast Refresh] done in 22ms @ http://localhost:3000/_next/static/chunks/node_modules_next_dist_1e8vcs8._.js:776
[  406435ms] [LOG] [Fast Refresh] done in 22ms @ http://localhost:3000/_next/static/chunks/node_modules_next_dist_1e8vcs8._.js:776
[  406497ms] [LOG] [Fast Refresh] done in 22ms @ http://localhost:3000/_next/static/chunks/node_modules_next_dist_1e8vcs8._.js:776
[  406559ms] [LOG] [Fast Refresh] done in 22ms @ http://localhost:3000/_next/static/chunks/node_modules_next_dist_1e8vcs8._.js:776
[  406621ms] [LOG] [Fast Refresh] done in 22ms @ http://localhost:3000/_next/static/chunks/node_modules_next_dist_1e8vcs8._.js:776
[  406685ms] [LOG] [Fast Refresh] done in 22ms @ http://localhost:3000/_next/static/chunks/node_modules_next_dist_1e8vcs8._.js:776
[  406749ms] [LOG] [Fast Refresh] done in 22ms @ http://localhost:3000/_next/static/chunks/node_modules_next_dist_1e8vcs8._.js:776
[  406794ms] [LOG] [Fast Refresh] done in 22ms @ http://localhost:3000/_next/static/chunks/node_modules_next_dist_1e8vcs8._.js:776
[  406859ms] [LOG] [Fast Refresh] done in 22ms @ http://localhost:3000/_next/static/chunks/node_modules_next_dist_1e8vcs8._.js:776
[  406929ms] [LOG] [Fast Refresh] done in 22ms @ http://localhost:3000/_next/static/chunks/node_modules_next_dist_1e8vcs8._.js:776
[  406996ms] [LOG] [Fast Refresh] done in 22ms @ http://localhost:3000/_next/static/chunks/node_modules_next_dist_1e8vcs8._.js:776
[  407056ms] [LOG] [Fast Refresh] done in 22ms @ http://localhost:3000/_next/static/chunks/node_modules_next_dist_1e8vcs8._.js:776
[  407119ms] [LOG] [Fast Refresh] done in 22ms @ http://localhost:3000/_next/static/chunks/node_modules_next_dist_1e8vcs8._.js:776
[  407179ms] [LOG] [Fast Refresh] done in 22ms @ http://localhost:3000/_next/static/chunks/node_modules_next_dist_1e8vcs8._.js:776
[  407263ms] [LOG] [Fast Refresh] done in 22ms @ http://localhost:3000/_next/static/chunks/node_modules_next_dist_1e8vcs8._.js:776
[  407438ms] [LOG] [Fast Refresh] done in 22ms @ http://localhost:3000/_next/static/chunks/node_modules_next_dist_1e8vcs8._.js:776
[  407503ms] [LOG] [Fast Refresh] done in 22ms @ http://localhost:3000/_next/static/chunks/node_modules_next_dist_1e8vcs8._.js:776
[  407577ms] [LOG] [Fast Refresh] done in 22ms @ http://localhost:3000/_next/static/chunks/node_modules_next_dist_1e8vcs8._.js:776
[  407651ms] [LOG] [Fast Refresh] done in 22ms @ http://localhost:3000/_next/static/chunks/node_modules_next_dist_1e8vcs8._.js:776
[  407705ms] [LOG] [Fast Refresh] done in 22ms @ http://localhost:3000/_next/static/chunks/node_modules_next_dist_1e8vcs8._.js:776
[  408695ms] [LOG] [Fast Refresh] done in 22ms @ http://localhost:3000/_next/static/chunks/node_modules_next_dist_1e8vcs8._.js:776
[  408900ms] [LOG] [Fast Refresh] done in 22ms @ http://localhost:3000/_next/static/chunks/node_modules_next_dist_1e8vcs8._.js:776
[  409004ms] [LOG] [Fast Refresh] done in 22ms @ http://localhost:3000/_next/static/chunks/node_modules_next_dist_1e8vcs8._.js:776
[  409082ms] [LOG] [Fast Refresh] done in 22ms @ http://localhost:3000/_next/static/chunks/node_modules_next_dist_1e8vcs8._.js:776
[  409161ms] [LOG] [Fast Refresh] done in 22ms @ http://localhost:3000/_next/static/chunks/node_modules_next_dist_1e8vcs8._.js:776
[  409210ms] [LOG] [Fast Refresh] done in 22ms @ http://localhost:3000/_next/static/chunks/node_modules_next_dist_1e8vcs8._.js:776
[  409258ms] [LOG] [Fast Refresh] done in 22ms @ http://localhost:3000/_next/static/chunks/node_modules_next_dist_1e8vcs8._.js:776
[  409304ms] [LOG] [Fast Refresh] done in 22ms @ http://localhost:3000/_next/static/chunks/node_modules_next_dist_1e8vcs8._.js:776
[  409370ms] [LOG] [Fast Refresh] done in 22ms @ http://localhost:3000/_next/static/chunks/node_modules_next_dist_1e8vcs8._.js:776
[  409428ms] [LOG] [Fast Refresh] done in 22ms @ http://localhost:3000/_next/static/chunks/node_modules_next_dist_1e8vcs8._.js:776
[  409494ms] [LOG] [Fast Refresh] done in 22ms @ http://localhost:3000/_next/static/chunks/node_modules_next_dist_1e8vcs8._.js:776
[  409555ms] [LOG] [Fast Refresh] done in 22ms @ http://localhost:3000/_next/static/chunks/node_modules_next_dist_1e8vcs8._.js:776
[  409614ms] [LOG] [Fast Refresh] done in 22ms @ http://localhost:3000/_next/static/chunks/node_modules_next_dist_1e8vcs8._.js:776
[  409662ms] [LOG] [Fast Refresh] done in 22ms @ http://localhost:3000/_next/static/chunks/node_modules_next_dist_1e8vcs8._.js:776
[  409760ms] [LOG] [Fast Refresh] done in 22ms @ http://localhost:3000/_next/static/chunks/node_modules_next_dist_1e8vcs8._.js:776
[  409823ms] [LOG] [Fast Refresh] done in 22ms @ http://localhost:3000/_next/static/chunks/node_modules_next_dist_1e8vcs8._.js:776
[  409892ms] [LOG] [Fast Refresh] done in 22ms @ http://localhost:3000/_next/static/chunks/node_modules_next_dist_1e8vcs8._.js:776
[  409977ms] [LOG] [Fast Refresh] done in 22ms @ http://localhost:3000/_next/static/chunks/node_modules_next_dist_1e8vcs8._.js:776
[  410044ms] [LOG] [Fast Refresh] done in 22ms @ http://localhost:3000/_next/static/chunks/node_modules_next_dist_1e8vcs8._.js:776
[  410086ms] [LOG] [Fast Refresh] done in 22ms @ http://localhost:3000/_next/static/chunks/node_modules_next_dist_1e8vcs8._.js:776
[  410134ms] [LOG] [Fast Refresh] done in 22ms @ http://localhost:3000/_next/static/chunks/node_modules_next_dist_1e8vcs8._.js:776
[  410198ms] [LOG] [Fast Refresh] done in 22ms @ http://localhost:3000/_next/static/chunks/node_modules_next_dist_1e8vcs8._.js:776
[  410261ms] [LOG] [Fast Refresh] done in 22ms @ http://localhost:3000/_next/static/chunks/node_modules_next_dist_1e8vcs8._.js:776
[  410323ms] [LOG] [Fast Refresh] done in 22ms @ http://localhost:3000/_next/static/chunks/node_modules_next_dist_1e8vcs8._.js:776
[  410374ms] [LOG] [Fast Refresh] done in 22ms @ http://localhost:3000/_next/static/chunks/node_modules_next_dist_1e8vcs8._.js:776
[  410439ms] [LOG] [Fast Refresh] done in 22ms @ http://localhost:3000/_next/static/chunks/node_modules_next_dist_1e8vcs8._.js:776
[  410494ms] [LOG] [Fast Refresh] done in 22ms @ http://localhost:3000/_next/static/chunks/node_modules_next_dist_1e8vcs8._.js:776
[  410557ms] [LOG] [Fast Refresh] done in 22ms @ http://localhost:3000/_next/static/chunks/node_modules_next_dist_1e8vcs8._.js:776
[  410623ms] [LOG] [Fast Refresh] done in 22ms @ http://localhost:3000/_next/static/chunks/node_modules_next_dist_1e8vcs8._.js:776
[  410670ms] [LOG] [Fast Refresh] done in 22ms @ http://localhost:3000/_next/static/chunks/node_modules_next_dist_1e8vcs8._.js:776
[  410733ms] [LOG] [Fast Refresh] done in 22ms @ http://localhost:3000/_next/static/chunks/node_modules_next_dist_1e8vcs8._.js:776
[  410824ms] [LOG] [Fast Refresh] done in 22ms @ http://localhost:3000/_next/static/chunks/node_modules_next_dist_1e8vcs8._.js:776
[  410887ms] [LOG] [Fast Refresh] done in 22ms @ http://localhost:3000/_next/static/chunks/node_modules_next_dist_1e8vcs8._.js:776
[  410950ms] [LOG] [Fast Refresh] done in 22ms @ http://localhost:3000/_next/static/chunks/node_modules_next_dist_1e8vcs8._.js:776
[  411012ms] [LOG] [Fast Refresh] done in 22ms @ http://localhost:3000/_next/static/chunks/node_modules_next_dist_1e8vcs8._.js:776
[  411076ms] [LOG] [Fast Refresh] done in 22ms @ http://localhost:3000/_next/static/chunks/node_modules_next_dist_1e8vcs8._.js:776
[  411138ms] [LOG] [Fast Refresh] done in 22ms @ http://localhost:3000/_next/static/chunks/node_modules_next_dist_1e8vcs8._.js:776
[  411201ms] [LOG] [Fast Refresh] done in 22ms @ http://localhost:3000/_next/static/chunks/node_modules_next_dist_1e8vcs8._.js:776
[  411267ms] [LOG] [Fast Refresh] done in 22ms @ http://localhost:3000/_next/static/chunks/node_modules_next_dist_1e8vcs8._.js:776
[  411328ms] [LOG] [Fast Refresh] done in 22ms @ http://localhost:3000/_next/static/chunks/node_modules_next_dist_1e8vcs8._.js:776
[  411375ms] [LOG] [Fast Refresh] done in 22ms @ http://localhost:3000/_next/static/chunks/node_modules_next_dist_1e8vcs8._.js:776
[  411437ms] [LOG] [Fast Refresh] done in 22ms @ http://localhost:3000/_next/static/chunks/node_modules_next_dist_1e8vcs8._.js:776
[  411518ms] [LOG] [Fast Refresh] done in 22ms @ http://localhost:3000/_next/static/chunks/node_modules_next_dist_1e8vcs8._.js:776
[  411580ms] [LOG] [Fast Refresh] done in 22ms @ http://localhost:3000/_next/static/chunks/node_modules_next_dist_1e8vcs8._.js:776
[  411640ms] [LOG] [Fast Refresh] done in 22ms @ http://localhost:3000/_next/static/chunks/node_modules_next_dist_1e8vcs8._.js:776
[  411717ms] [LOG] [Fast Refresh] done in 22ms @ http://localhost:3000/_next/static/chunks/node_modules_next_dist_1e8vcs8._.js:776
[  411782ms] [LOG] [Fast Refresh] done in 22ms @ http://localhost:3000/_next/static/chunks/node_modules_next_dist_1e8vcs8._.js:776
[  411845ms] [LOG] [Fast Refresh] done in 22ms @ http://localhost:3000/_next/static/chunks/node_modules_next_dist_1e8vcs8._.js:776
[  411946ms] [LOG] [Fast Refresh] done in 22ms @ http://localhost:3000/_next/static/chunks/node_modules_next_dist_1e8vcs8._.js:776
[  412006ms] [LOG] [Fast Refresh] done in 22ms @ http://localhost:3000/_next/static/chunks/node_modules_next_dist_1e8vcs8._.js:776
[  412066ms] [LOG] [Fast Refresh] done in 22ms @ http://localhost:3000/_next/static/chunks/node_modules_next_dist_1e8vcs8._.js:776
[  412129ms] [LOG] [Fast Refresh] done in 22ms @ http://localhost:3000/_next/static/chunks/node_modules_next_dist_1e8vcs8._.js:776
[  412181ms] [LOG] [Fast Refresh] done in 22ms @ http://localhost:3000/_next/static/chunks/node_modules_next_dist_1e8vcs8._.js:776
[  412240ms] [LOG] [Fast Refresh] done in 22ms @ http://localhost:3000/_next/static/chunks/node_modules_next_dist_1e8vcs8._.js:776
[  412322ms] [LOG] [Fast Refresh] done in 22ms @ http://localhost:3000/_next/static/chunks/node_modules_next_dist_1e8vcs8._.js:776
[  412367ms] [LOG] [Fast Refresh] done in 22ms @ http://localhost:3000/_next/static/chunks/node_modules_next_dist_1e8vcs8._.js:776
[  412429ms] [LOG] [Fast Refresh] done in 22ms @ http://localhost:3000/_next/static/chunks/node_modules_next_dist_1e8vcs8._.js:776
[  412498ms] [LOG] [Fast Refresh] done in 22ms @ http://localhost:3000/_next/static/chunks/node_modules_next_dist_1e8vcs8._.js:776
[  412568ms] [LOG] [Fast Refresh] done in 22ms @ http://localhost:3000/_next/static/chunks/node_modules_next_dist_1e8vcs8._.js:776
[  412637ms] [LOG] [Fast Refresh] done in 22ms @ http://localhost:3000/_next/static/chunks/node_modules_next_dist_1e8vcs8._.js:776
[  412697ms] [LOG] [Fast Refresh] done in 22ms @ http://localhost:3000/_next/static/chunks/node_modules_next_dist_1e8vcs8._.js:776
[  412761ms] [LOG] [Fast Refresh] done in 22ms @ http://localhost:3000/_next/static/chunks/node_modules_next_dist_1e8vcs8._.js:776
[  412808ms] [LOG] [Fast Refresh] done in 22ms @ http://localhost:3000/_next/static/chunks/node_modules_next_dist_1e8vcs8._.js:776
[  412871ms] [LOG] [Fast Refresh] done in 22ms @ http://localhost:3000/_next/static/chunks/node_modules_next_dist_1e8vcs8._.js:776
[  412934ms] [LOG] [Fast Refresh] done in 22ms @ http://localhost:3000/_next/static/chunks/node_modules_next_dist_1e8vcs8._.js:776
[  412998ms] [LOG] [Fast Refresh] done in 22ms @ http://localhost:3000/_next/static/chunks/node_modules_next_dist_1e8vcs8._.js:776
[  413059ms] [LOG] [Fast Refresh] done in 22ms @ http://localhost:3000/_next/static/chunks/node_modules_next_dist_1e8vcs8._.js:776
[  413123ms] [LOG] [Fast Refresh] done in 22ms @ http://localhost:3000/_next/static/chunks/node_modules_next_dist_1e8vcs8._.js:776
[  413185ms] [LOG] [Fast Refresh] done in 22ms @ http://localhost:3000/_next/static/chunks/node_modules_next_dist_1e8vcs8._.js:776
[  413247ms] [LOG] [Fast Refresh] done in 22ms @ http://localhost:3000/_next/static/chunks/node_modules_next_dist_1e8vcs8._.js:776
[  413310ms] [LOG] [Fast Refresh] done in 22ms @ http://localhost:3000/_next/static/chunks/node_modules_next_dist_1e8vcs8._.js:776
[  413388ms] [LOG] [Fast Refresh] done in 22ms @ http://localhost:3000/_next/static/chunks/node_modules_next_dist_1e8vcs8._.js:776
[  413501ms] [LOG] [Fast Refresh] done in 22ms @ http://localhost:3000/_next/static/chunks/node_modules_next_dist_1e8vcs8._.js:776
[  413562ms] [LOG] [Fast Refresh] done in 22ms @ http://localhost:3000/_next/static/chunks/node_modules_next_dist_1e8vcs8._.js:776
[  413609ms] [LOG] [Fast Refresh] done in 22ms @ http://localhost:3000/_next/static/chunks/node_modules_next_dist_1e8vcs8._.js:776
[  413672ms] [LOG] [Fast Refresh] done in 22ms @ http://localhost:3000/_next/static/chunks/node_modules_next_dist_1e8vcs8._.js:776
[  413735ms] [LOG] [Fast Refresh] done in 22ms @ http://localhost:3000/_next/static/chunks/node_modules_next_dist_1e8vcs8._.js:776
[  413800ms] [LOG] [Fast Refresh] done in 22ms @ http://localhost:3000/_next/static/chunks/node_modules_next_dist_1e8vcs8._.js:776
[  413874ms] [LOG] [Fast Refresh] done in 22ms @ http://localhost:3000/_next/static/chunks/node_modules_next_dist_1e8vcs8._.js:776
[  413940ms] [LOG] [Fast Refresh] done in 22ms @ http://localhost:3000/_next/static/chunks/node_modules_next_dist_1e8vcs8._.js:776
[  414006ms] [LOG] [Fast Refresh] done in 22ms @ http://localhost:3000/_next/static/chunks/node_modules_next_dist_1e8vcs8._.js:776
[  414064ms] [LOG] [Fast Refresh] done in 22ms @ http://localhost:3000/_next/static/chunks/node_modules_next_dist_1e8vcs8._.js:776
[  414127ms] [LOG] [Fast Refresh] done in 22ms @ http://localhost:3000/_next/static/chunks/node_modules_next_dist_1e8vcs8._.js:776
[  414194ms] [LOG] [Fast Refresh] done in 22ms @ http://localhost:3000/_next/static/chunks/node_modules_next_dist_1e8vcs8._.js:776
[  414300ms] [LOG] [Fast Refresh] done in 22ms @ http://localhost:3000/_next/static/chunks/node_modules_next_dist_1e8vcs8._.js:776
[  414362ms] [LOG] [Fast Refresh] done in 22ms @ http://localhost:3000/_next/static/chunks/node_modules_next_dist_1e8vcs8._.js:776
[  414412ms] [LOG] [Fast Refresh] done in 22ms @ http://localhost:3000/_next/static/chunks/node_modules_next_dist_1e8vcs8._.js:776
[  414480ms] [LOG] [Fast Refresh] done in 22ms @ http://localhost:3000/_next/static/chunks/node_modules_next_dist_1e8vcs8._.js:776
[  414536ms] [LOG] [Fast Refresh] done in 22ms @ http://localhost:3000/_next/static/chunks/node_modules_next_dist_1e8vcs8._.js:776
[  414600ms] [LOG] [Fast Refresh] done in 22ms @ http://localhost:3000/_next/static/chunks/node_modules_next_dist_1e8vcs8._.js:776
[  414662ms] [LOG] [Fast Refresh] done in 22ms @ http://localhost:3000/_next/static/chunks/node_modules_next_dist_1e8vcs8._.js:776
[  414727ms] [LOG] [Fast Refresh] done in 22ms @ http://localhost:3000/_next/static/chunks/node_modules_next_dist_1e8vcs8._.js:776
[  414804ms] [LOG] [Fast Refresh] done in 22ms @ http://localhost:3000/_next/static/chunks/node_modules_next_dist_1e8vcs8._.js:776
[  414866ms] [LOG] [Fast Refresh] done in 22ms @ http://localhost:3000/_next/static/chunks/node_modules_next_dist_1e8vcs8._.js:776
[  414931ms] [LOG] [Fast Refresh] done in 22ms @ http://localhost:3000/_next/static/chunks/node_modules_next_dist_1e8vcs8._.js:776
[  415002ms] [LOG] [Fast Refresh] done in 22ms @ http://localhost:3000/_next/static/chunks/node_modules_next_dist_1e8vcs8._.js:776
[  415055ms] [LOG] [Fast Refresh] done in 22ms @ http://localhost:3000/_next/static/chunks/node_modules_next_dist_1e8vcs8._.js:776
[  415120ms] [LOG] [Fast Refresh] done in 22ms @ http://localhost:3000/_next/static/chunks/node_modules_next_dist_1e8vcs8._.js:776
[  415180ms] [LOG] [Fast Refresh] done in 22ms @ http://localhost:3000/_next/static/chunks/node_modules_next_dist_1e8vcs8._.js:776
[  415241ms] [LOG] [Fast Refresh] done in 22ms @ http://localhost:3000/_next/static/chunks/node_modules_next_dist_1e8vcs8._.js:776
[  415304ms] [LOG] [Fast Refresh] done in 22ms @ http://localhost:3000/_next/static/chunks/node_modules_next_dist_1e8vcs8._.js:776
[  415366ms] [LOG] [Fast Refresh] done in 22ms @ http://localhost:3000/_next/static/chunks/node_modules_next_dist_1e8vcs8._.js:776
[  415429ms] [LOG] [Fast Refresh] done in 22ms @ http://localhost:3000/_next/static/chunks/node_modules_next_dist_1e8vcs8._.js:776
[  415505ms] [LOG] [Fast Refresh] done in 22ms @ http://localhost:3000/_next/static/chunks/node_modules_next_dist_1e8vcs8._.js:776
[  415571ms] [LOG] [Fast Refresh] done in 22ms @ http://localhost:3000/_next/static/chunks/node_modules_next_dist_1e8vcs8._.js:776
[  415636ms] [LOG] [Fast Refresh] done in 22ms @ http://localhost:3000/_next/static/chunks/node_modules_next_dist_1e8vcs8._.js:776
[  415710ms] [LOG] [Fast Refresh] done in 22ms @ http://localhost:3000/_next/static/chunks/node_modules_next_dist_1e8vcs8._.js:776
[  415757ms] [LOG] [Fast Refresh] done in 22ms @ http://localhost:3000/_next/static/chunks/node_modules_next_dist_1e8vcs8._.js:776
[  415822ms] [LOG] [Fast Refresh] done in 22ms @ http://localhost:3000/_next/static/chunks/node_modules_next_dist_1e8vcs8._.js:776
[  415914ms] [LOG] [Fast Refresh] done in 22ms @ http://localhost:3000/_next/static/chunks/node_modules_next_dist_1e8vcs8._.js:776
[  415979ms] [LOG] [Fast Refresh] done in 22ms @ http://localhost:3000/_next/static/chunks/node_modules_next_dist_1e8vcs8._.js:776
[  416042ms] [LOG] [Fast Refresh] done in 22ms @ http://localhost:3000/_next/static/chunks/node_modules_next_dist_1e8vcs8._.js:776
[  416104ms] [LOG] [Fast Refresh] done in 22ms @ http://localhost:3000/_next/static/chunks/node_modules_next_dist_1e8vcs8._.js:776
[  416171ms] [LOG] [Fast Refresh] done in 22ms @ http://localhost:3000/_next/static/chunks/node_modules_next_dist_1e8vcs8._.js:776
[  416228ms] [LOG] [Fast Refresh] done in 22ms @ http://localhost:3000/_next/static/chunks/node_modules_next_dist_1e8vcs8._.js:776
[  416336ms] [LOG] [Fast Refresh] done in 22ms @ http://localhost:3000/_next/static/chunks/node_modules_next_dist_1e8vcs8._.js:776
[  416400ms] [LOG] [Fast Refresh] done in 22ms @ http://localhost:3000/_next/static/chunks/node_modules_next_dist_1e8vcs8._.js:776
[  416481ms] [LOG] [Fast Refresh] done in 22ms @ http://localhost:3000/_next/static/chunks/node_modules_next_dist_1e8vcs8._.js:776
[  416528ms] [LOG] [Fast Refresh] done in 22ms @ http://localhost:3000/_next/static/chunks/node_modules_next_dist_1e8vcs8._.js:776
[  416588ms] [LOG] [Fast Refresh] done in 22ms @ http://localhost:3000/_next/static/chunks/node_modules_next_dist_1e8vcs8._.js:776
[  416650ms] [LOG] [Fast Refresh] done in 22ms @ http://localhost:3000/_next/static/chunks/node_modules_next_dist_1e8vcs8._.js:776
[  416714ms] [LOG] [Fast Refresh] done in 22ms @ http://localhost:3000/_next/static/chunks/node_modules_next_dist_1e8vcs8._.js:776
[  416781ms] [LOG] [Fast Refresh] done in 22ms @ http://localhost:3000/_next/static/chunks/node_modules_next_dist_1e8vcs8._.js:776
[  416852ms] [LOG] [Fast Refresh] done in 22ms @ http://localhost:3000/_next/static/chunks/node_modules_next_dist_1e8vcs8._.js:776
[  416914ms] [LOG] [Fast Refresh] done in 22ms @ http://localhost:3000/_next/static/chunks/node_modules_next_dist_1e8vcs8._.js:776
[  416994ms] [LOG] [Fast Refresh] done in 22ms @ http://localhost:3000/_next/static/chunks/node_modules_next_dist_1e8vcs8._.js:776
[  417056ms] [LOG] [Fast Refresh] done in 22ms @ http://localhost:3000/_next/static/chunks/node_modules_next_dist_1e8vcs8._.js:776
[  417119ms] [LOG] [Fast Refresh] done in 22ms @ http://localhost:3000/_next/static/chunks/node_modules_next_dist_1e8vcs8._.js:776
[  417181ms] [LOG] [Fast Refresh] done in 22ms @ http://localhost:3000/_next/static/chunks/node_modules_next_dist_1e8vcs8._.js:776
[  417230ms] [LOG] [Fast Refresh] done in 22ms @ http://localhost:3000/_next/static/chunks/node_modules_next_dist_1e8vcs8._.js:776
[  417293ms] [LOG] [Fast Refresh] done in 22ms @ http://localhost:3000/_next/static/chunks/node_modules_next_dist_1e8vcs8._.js:776
[  417357ms] [LOG] [Fast Refresh] done in 22ms @ http://localhost:3000/_next/static/chunks/node_modules_next_dist_1e8vcs8._.js:776
[  417419ms] [LOG] [Fast Refresh] done in 22ms @ http://localhost:3000/_next/static/chunks/node_modules_next_dist_1e8vcs8._.js:776
[  417466ms] [LOG] [Fast Refresh] done in 22ms @ http://localhost:3000/_next/static/chunks/node_modules_next_dist_1e8vcs8._.js:776
[  417515ms] [LOG] [Fast Refresh] done in 22ms @ http://localhost:3000/_next/static/chunks/node_modules_next_dist_1e8vcs8._.js:776
[  417577ms] [LOG] [Fast Refresh] done in 22ms @ http://localhost:3000/_next/static/chunks/node_modules_next_dist_1e8vcs8._.js:776
[  417627ms] [LOG] [Fast Refresh] done in 22ms @ http://localhost:3000/_next/static/chunks/node_modules_next_dist_1e8vcs8._.js:776
[  417688ms] [LOG] [Fast Refresh] done in 22ms @ http://localhost:3000/_next/static/chunks/node_modules_next_dist_1e8vcs8._.js:776
[  417754ms] [LOG] [Fast Refresh] done in 22ms @ http://localhost:3000/_next/static/chunks/node_modules_next_dist_1e8vcs8._.js:776
[  417814ms] [LOG] [Fast Refresh] done in 22ms @ http://localhost:3000/_next/static/chunks/node_modules_next_dist_1e8vcs8._.js:776
[  417877ms] [LOG] [Fast Refresh] done in 22ms @ http://localhost:3000/_next/static/chunks/node_modules_next_dist_1e8vcs8._.js:776
[  417938ms] [LOG] [Fast Refresh] done in 22ms @ http://localhost:3000/_next/static/chunks/node_modules_next_dist_1e8vcs8._.js:776
[  417988ms] [LOG] [Fast Refresh] done in 22ms @ http://localhost:3000/_next/static/chunks/node_modules_next_dist_1e8vcs8._.js:776
[  418048ms] [LOG] [Fast Refresh] done in 22ms @ http://localhost:3000/_next/static/chunks/node_modules_next_dist_1e8vcs8._.js:776
[  418098ms] [LOG] [Fast Refresh] done in 22ms @ http://localhost:3000/_next/static/chunks/node_modules_next_dist_1e8vcs8._.js:776
[  418142ms] [LOG] [Fast Refresh] done in 22ms @ http://localhost:3000/_next/static/chunks/node_modules_next_dist_1e8vcs8._.js:776
[  418190ms] [LOG] [Fast Refresh] done in 22ms @ http://localhost:3000/_next/static/chunks/node_modules_next_dist_1e8vcs8._.js:776
[  418276ms] [LOG] [Fast Refresh] done in 22ms @ http://localhost:3000/_next/static/chunks/node_modules_next_dist_1e8vcs8._.js:776
[  418332ms] [LOG] [Fast Refresh] done in 22ms @ http://localhost:3000/_next/static/chunks/node_modules_next_dist_1e8vcs8._.js:776
[  418380ms] [LOG] [Fast Refresh] done in 22ms @ http://localhost:3000/_next/static/chunks/node_modules_next_dist_1e8vcs8._.js:776
[  418443ms] [LOG] [Fast Refresh] done in 22ms @ http://localhost:3000/_next/static/chunks/node_modules_next_dist_1e8vcs8._.js:776
[  418505ms] [LOG] [Fast Refresh] done in 22ms @ http://localhost:3000/_next/static/chunks/node_modules_next_dist_1e8vcs8._.js:776
[  418568ms] [LOG] [Fast Refresh] done in 22ms @ http://localhost:3000/_next/static/chunks/node_modules_next_dist_1e8vcs8._.js:776
[  418628ms] [LOG] [Fast Refresh] done in 22ms @ http://localhost:3000/_next/static/chunks/node_modules_next_dist_1e8vcs8._.js:776
[  418725ms] [LOG] [Fast Refresh] done in 22ms @ http://localhost:3000/_next/static/chunks/node_modules_next_dist_1e8vcs8._.js:776
[  418773ms] [LOG] [Fast Refresh] done in 22ms @ http://localhost:3000/_next/static/chunks/node_modules_next_dist_1e8vcs8._.js:776
[  418837ms] [LOG] [Fast Refresh] done in 22ms @ http://localhost:3000/_next/static/chunks/node_modules_next_dist_1e8vcs8._.js:776
[  418924ms] [LOG] [Fast Refresh] done in 22ms @ http://localhost:3000/_next/static/chunks/node_modules_next_dist_1e8vcs8._.js:776
[  418993ms] [LOG] [Fast Refresh] done in 22ms @ http://localhost:3000/_next/static/chunks/node_modules_next_dist_1e8vcs8._.js:776
[  419060ms] [LOG] [Fast Refresh] done in 22ms @ http://localhost:3000/_next/static/chunks/node_modules_next_dist_1e8vcs8._.js:776
[  419121ms] [LOG] [Fast Refresh] done in 22ms @ http://localhost:3000/_next/static/chunks/node_modules_next_dist_1e8vcs8._.js:776
[  419249ms] [LOG] [Fast Refresh] done in 22ms @ http://localhost:3000/_next/static/chunks/node_modules_next_dist_1e8vcs8._.js:776
[  419322ms] [LOG] [Fast Refresh] done in 22ms @ http://localhost:3000/_next/static/chunks/node_modules_next_dist_1e8vcs8._.js:776
[  419387ms] [LOG] [Fast Refresh] done in 22ms @ http://localhost:3000/_next/static/chunks/node_modules_next_dist_1e8vcs8._.js:776
[  419452ms] [LOG] [Fast Refresh] done in 22ms @ http://localhost:3000/_next/static/chunks/node_modules_next_dist_1e8vcs8._.js:776
[  419510ms] [LOG] [Fast Refresh] done in 22ms @ http://localhost:3000/_next/static/chunks/node_modules_next_dist_1e8vcs8._.js:776
[  419572ms] [LOG] [Fast Refresh] done in 22ms @ http://localhost:3000/_next/static/chunks/node_modules_next_dist_1e8vcs8._.js:776
[  419636ms] [LOG] [Fast Refresh] done in 22ms @ http://localhost:3000/_next/static/chunks/node_modules_next_dist_1e8vcs8._.js:776
[  419699ms] [LOG] [Fast Refresh] done in 22ms @ http://localhost:3000/_next/static/chunks/node_modules_next_dist_1e8vcs8._.js:776
[  419750ms] [LOG] [Fast Refresh] done in 22ms @ http://localhost:3000/_next/static/chunks/node_modules_next_dist_1e8vcs8._.js:776
[  419797ms] [LOG] [Fast Refresh] done in 22ms @ http://localhost:3000/_next/static/chunks/node_modules_next_dist_1e8vcs8._.js:776
[  419844ms] [LOG] [Fast Refresh] done in 22ms @ http://localhost:3000/_next/static/chunks/node_modules_next_dist_1e8vcs8._.js:776
[  419916ms] [LOG] [Fast Refresh] done in 22ms @ http://localhost:3000/_next/static/chunks/node_modules_next_dist_1e8vcs8._.js:776
[  419969ms] [LOG] [Fast Refresh] done in 22ms @ http://localhost:3000/_next/static/chunks/node_modules_next_dist_1e8vcs8._.js:776
[  420039ms] [LOG] [Fast Refresh] done in 22ms @ http://localhost:3000/_next/static/chunks/node_modules_next_dist_1e8vcs8._.js:776
[  420084ms] [LOG] [Fast Refresh] done in 22ms @ http://localhost:3000/_next/static/chunks/node_modules_next_dist_1e8vcs8._.js:776
[  420158ms] [LOG] [Fast Refresh] done in 22ms @ http://localhost:3000/_next/static/chunks/node_modules_next_dist_1e8vcs8._.js:776
[  420222ms] [LOG] [Fast Refresh] done in 22ms @ http://localhost:3000/_next/static/chunks/node_modules_next_dist_1e8vcs8._.js:776
[  420290ms] [LOG] [Fast Refresh] done in 22ms @ http://localhost:3000/_next/static/chunks/node_modules_next_dist_1e8vcs8._.js:776
[  420333ms] [LOG] [Fast Refresh] done in 22ms @ http://localhost:3000/_next/static/chunks/node_modules_next_dist_1e8vcs8._.js:776
[  420378ms] [LOG] [Fast Refresh] done in 22ms @ http://localhost:3000/_next/static/chunks/node_modules_next_dist_1e8vcs8._.js:776
[  420428ms] [LOG] [Fast Refresh] done in 22ms @ http://localhost:3000/_next/static/chunks/node_modules_next_dist_1e8vcs8._.js:776
[  420488ms] [LOG] [Fast Refresh] done in 22ms @ http://localhost:3000/_next/static/chunks/node_modules_next_dist_1e8vcs8._.js:776
[  420550ms] [LOG] [Fast Refresh] done in 22ms @ http://localhost:3000/_next/static/chunks/node_modules_next_dist_1e8vcs8._.js:776
[  420604ms] [LOG] [Fast Refresh] done in 22ms @ http://localhost:3000/_next/static/chunks/node_modules_next_dist_1e8vcs8._.js:776
[  420660ms] [LOG] [Fast Refresh] done in 22ms @ http://localhost:3000/_next/static/chunks/node_modules_next_dist_1e8vcs8._.js:776
[  420740ms] [LOG] [Fast Refresh] done in 22ms @ http://localhost:3000/_next/static/chunks/node_modules_next_dist_1e8vcs8._.js:776
[  420803ms] [LOG] [Fast Refresh] done in 22ms @ http://localhost:3000/_next/static/chunks/node_modules_next_dist_1e8vcs8._.js:776
[  420865ms] [LOG] [Fast Refresh] done in 22ms @ http://localhost:3000/_next/static/chunks/node_modules_next_dist_1e8vcs8._.js:776
[  420928ms] [LOG] [Fast Refresh] done in 22ms @ http://localhost:3000/_next/static/chunks/node_modules_next_dist_1e8vcs8._.js:776
[  420991ms] [LOG] [Fast Refresh] done in 22ms @ http://localhost:3000/_next/static/chunks/node_modules_next_dist_1e8vcs8._.js:776
[  421053ms] [LOG] [Fast Refresh] done in 22ms @ http://localhost:3000/_next/static/chunks/node_modules_next_dist_1e8vcs8._.js:776
[  421099ms] [LOG] [Fast Refresh] done in 22ms @ http://localhost:3000/_next/static/chunks/node_modules_next_dist_1e8vcs8._.js:776
[  421162ms] [LOG] [Fast Refresh] done in 22ms @ http://localhost:3000/_next/static/chunks/node_modules_next_dist_1e8vcs8._.js:776
[  421226ms] [LOG] [Fast Refresh] done in 22ms @ http://localhost:3000/_next/static/chunks/node_modules_next_dist_1e8vcs8._.js:776
[  421289ms] [LOG] [Fast Refresh] done in 22ms @ http://localhost:3000/_next/static/chunks/node_modules_next_dist_1e8vcs8._.js:776
[  421350ms] [LOG] [Fast Refresh] done in 22ms @ http://localhost:3000/_next/static/chunks/node_modules_next_dist_1e8vcs8._.js:776
[  421416ms] [LOG] [Fast Refresh] done in 22ms @ http://localhost:3000/_next/static/chunks/node_modules_next_dist_1e8vcs8._.js:776
[  421476ms] [LOG] [Fast Refresh] done in 22ms @ http://localhost:3000/_next/static/chunks/node_modules_next_dist_1e8vcs8._.js:776
[  421538ms] [LOG] [Fast Refresh] done in 22ms @ http://localhost:3000/_next/static/chunks/node_modules_next_dist_1e8vcs8._.js:776
[  421586ms] [LOG] [Fast Refresh] done in 22ms @ http://localhost:3000/_next/static/chunks/node_modules_next_dist_1e8vcs8._.js:776
[  421648ms] [LOG] [Fast Refresh] done in 22ms @ http://localhost:3000/_next/static/chunks/node_modules_next_dist_1e8vcs8._.js:776
[  421712ms] [LOG] [Fast Refresh] done in 22ms @ http://localhost:3000/_next/static/chunks/node_modules_next_dist_1e8vcs8._.js:776
[  421760ms] [LOG] [Fast Refresh] done in 22ms @ http://localhost:3000/_next/static/chunks/node_modules_next_dist_1e8vcs8._.js:776
[  421823ms] [LOG] [Fast Refresh] done in 22ms @ http://localhost:3000/_next/static/chunks/node_modules_next_dist_1e8vcs8._.js:776
[  421897ms] [LOG] [Fast Refresh] done in 22ms @ http://localhost:3000/_next/static/chunks/node_modules_next_dist_1e8vcs8._.js:776
[  421982ms] [LOG] [Fast Refresh] done in 22ms @ http://localhost:3000/_next/static/chunks/node_modules_next_dist_1e8vcs8._.js:776
[  422036ms] [LOG] [Fast Refresh] done in 22ms @ http://localhost:3000/_next/static/chunks/node_modules_next_dist_1e8vcs8._.js:776
[  422329ms] [LOG] [Fast Refresh] done in 22ms @ http://localhost:3000/_next/static/chunks/node_modules_next_dist_1e8vcs8._.js:776
[  422396ms] [LOG] [Fast Refresh] done in 22ms @ http://localhost:3000/_next/static/chunks/node_modules_next_dist_1e8vcs8._.js:776
[  422914ms] [LOG] [Fast Refresh] done in 22ms @ http://localhost:3000/_next/static/chunks/node_modules_next_dist_1e8vcs8._.js:776
[  423021ms] [LOG] [Fast Refresh] done in 22ms @ http://localhost:3000/_next/static/chunks/node_modules_next_dist_1e8vcs8._.js:776
[  423086ms] [LOG] [Fast Refresh] done in 22ms @ http://localhost:3000/_next/static/chunks/node_modules_next_dist_1e8vcs8._.js:776
[  423168ms] [LOG] [Fast Refresh] done in 22ms @ http://localhost:3000/_next/static/chunks/node_modules_next_dist_1e8vcs8._.js:776
[  423225ms] [LOG] [Fast Refresh] done in 22ms @ http://localhost:3000/_next/static/chunks/node_modules_next_dist_1e8vcs8._.js:776
[  423290ms] [LOG] [Fast Refresh] done in 22ms @ http://localhost:3000/_next/static/chunks/node_modules_next_dist_1e8vcs8._.js:776
[  423335ms] [LOG] [Fast Refresh] done in 22ms @ http://localhost:3000/_next/static/chunks/node_modules_next_dist_1e8vcs8._.js:776
[  423384ms] [LOG] [Fast Refresh] done in 22ms @ http://localhost:3000/_next/static/chunks/node_modules_next_dist_1e8vcs8._.js:776
[  423454ms] [LOG] [Fast Refresh] done in 22ms @ http://localhost:3000/_next/static/chunks/node_modules_next_dist_1e8vcs8._.js:776
[  423496ms] [LOG] [Fast Refresh] done in 22ms @ http://localhost:3000/_next/static/chunks/node_modules_next_dist_1e8vcs8._.js:776
[  423557ms] [LOG] [Fast Refresh] done in 22ms @ http://localhost:3000/_next/static/chunks/node_modules_next_dist_1e8vcs8._.js:776
[  423621ms] [LOG] [Fast Refresh] done in 22ms @ http://localhost:3000/_next/static/chunks/node_modules_next_dist_1e8vcs8._.js:776
[  423690ms] [LOG] [Fast Refresh] done in 22ms @ http://localhost:3000/_next/static/chunks/node_modules_next_dist_1e8vcs8._.js:776
[  423752ms] [LOG] [Fast Refresh] done in 22ms @ http://localhost:3000/_next/static/chunks/node_modules_next_dist_1e8vcs8._.js:776
[  423811ms] [LOG] [Fast Refresh] done in 22ms @ http://localhost:3000/_next/static/chunks/node_modules_next_dist_1e8vcs8._.js:776
[  423878ms] [LOG] [Fast Refresh] done in 22ms @ http://localhost:3000/_next/static/chunks/node_modules_next_dist_1e8vcs8._.js:776
[  423922ms] [LOG] [Fast Refresh] done in 22ms @ http://localhost:3000/_next/static/chunks/node_modules_next_dist_1e8vcs8._.js:776
[  423970ms] [LOG] [Fast Refresh] done in 22ms @ http://localhost:3000/_next/static/chunks/node_modules_next_dist_1e8vcs8._.js:776
[  424018ms] [LOG] [Fast Refresh] done in 22ms @ http://localhost:3000/_next/static/chunks/node_modules_next_dist_1e8vcs8._.js:776
[  424104ms] [LOG] [Fast Refresh] done in 22ms @ http://localhost:3000/_next/static/chunks/node_modules_next_dist_1e8vcs8._.js:776
[  424191ms] [LOG] [Fast Refresh] done in 22ms @ http://localhost:3000/_next/static/chunks/node_modules_next_dist_1e8vcs8._.js:776
[  424239ms] [LOG] [Fast Refresh] done in 22ms @ http://localhost:3000/_next/static/chunks/node_modules_next_dist_1e8vcs8._.js:776
[  424297ms] [LOG] [Fast Refresh] done in 22ms @ http://localhost:3000/_next/static/chunks/node_modules_next_dist_1e8vcs8._.js:776
[  424368ms] [LOG] [Fast Refresh] done in 22ms @ http://localhost:3000/_next/static/chunks/node_modules_next_dist_1e8vcs8._.js:776
[  424540ms] [LOG] [Fast Refresh] done in 22ms @ http://localhost:3000/_next/static/chunks/node_modules_next_dist_1e8vcs8._.js:776
[  424617ms] [LOG] [Fast Refresh] done in 22ms @ http://localhost:3000/_next/static/chunks/node_modules_next_dist_1e8vcs8._.js:776
[  424664ms] [LOG] [Fast Refresh] done in 22ms @ http://localhost:3000/_next/static/chunks/node_modules_next_dist_1e8vcs8._.js:776
[  424732ms] [LOG] [Fast Refresh] done in 22ms @ http://localhost:3000/_next/static/chunks/node_modules_next_dist_1e8vcs8._.js:776
[  424777ms] [LOG] [Fast Refresh] done in 22ms @ http://localhost:3000/_next/static/chunks/node_modules_next_dist_1e8vcs8._.js:776
[  424840ms] [LOG] [Fast Refresh] done in 22ms @ http://localhost:3000/_next/static/chunks/node_modules_next_dist_1e8vcs8._.js:776
[  424905ms] [LOG] [Fast Refresh] done in 22ms @ http://localhost:3000/_next/static/chunks/node_modules_next_dist_1e8vcs8._.js:776
[  424967ms] [LOG] [Fast Refresh] done in 22ms @ http://localhost:3000/_next/static/chunks/node_modules_next_dist_1e8vcs8._.js:776
[  425016ms] [LOG] [Fast Refresh] done in 22ms @ http://localhost:3000/_next/static/chunks/node_modules_next_dist_1e8vcs8._.js:776
[  425079ms] [LOG] [Fast Refresh] done in 22ms @ http://localhost:3000/_next/static/chunks/node_modules_next_dist_1e8vcs8._.js:776
[  425141ms] [LOG] [Fast Refresh] done in 22ms @ http://localhost:3000/_next/static/chunks/node_modules_next_dist_1e8vcs8._.js:776
[  425188ms] [LOG] [Fast Refresh] done in 22ms @ http://localhost:3000/_next/static/chunks/node_modules_next_dist_1e8vcs8._.js:776
[  425257ms] [LOG] [Fast Refresh] done in 22ms @ http://localhost:3000/_next/static/chunks/node_modules_next_dist_1e8vcs8._.js:776
[  425314ms] [LOG] [Fast Refresh] done in 22ms @ http://localhost:3000/_next/static/chunks/node_modules_next_dist_1e8vcs8._.js:776
[  425377ms] [LOG] [Fast Refresh] done in 22ms @ http://localhost:3000/_next/static/chunks/node_modules_next_dist_1e8vcs8._.js:776
[  425439ms] [LOG] [Fast Refresh] done in 22ms @ http://localhost:3000/_next/static/chunks/node_modules_next_dist_1e8vcs8._.js:776
[  425487ms] [LOG] [Fast Refresh] done in 22ms @ http://localhost:3000/_next/static/chunks/node_modules_next_dist_1e8vcs8._.js:776
[  425554ms] [LOG] [Fast Refresh] done in 22ms @ http://localhost:3000/_next/static/chunks/node_modules_next_dist_1e8vcs8._.js:776
[  425612ms] [LOG] [Fast Refresh] done in 22ms @ http://localhost:3000/_next/static/chunks/node_modules_next_dist_1e8vcs8._.js:776
[  425678ms] [LOG] [Fast Refresh] done in 22ms @ http://localhost:3000/_next/static/chunks/node_modules_next_dist_1e8vcs8._.js:776
[  425739ms] [LOG] [Fast Refresh] done in 22ms @ http://localhost:3000/_next/static/chunks/node_modules_next_dist_1e8vcs8._.js:776
[  425804ms] [LOG] [Fast Refresh] done in 22ms @ http://localhost:3000/_next/static/chunks/node_modules_next_dist_1e8vcs8._.js:776
[  425850ms] [LOG] [Fast Refresh] done in 22ms @ http://localhost:3000/_next/static/chunks/node_modules_next_dist_1e8vcs8._.js:776
[  425913ms] [LOG] [Fast Refresh] done in 22ms @ http://localhost:3000/_next/static/chunks/node_modules_next_dist_1e8vcs8._.js:776
[  425976ms] [LOG] [Fast Refresh] done in 22ms @ http://localhost:3000/_next/static/chunks/node_modules_next_dist_1e8vcs8._.js:776
[  426041ms] [LOG] [Fast Refresh] done in 22ms @ http://localhost:3000/_next/static/chunks/node_modules_next_dist_1e8vcs8._.js:776
[  426104ms] [LOG] [Fast Refresh] done in 22ms @ http://localhost:3000/_next/static/chunks/node_modules_next_dist_1e8vcs8._.js:776
[  426164ms] [LOG] [Fast Refresh] done in 22ms @ http://localhost:3000/_next/static/chunks/node_modules_next_dist_1e8vcs8._.js:776
[  426247ms] [LOG] [Fast Refresh] done in 22ms @ http://localhost:3000/_next/static/chunks/node_modules_next_dist_1e8vcs8._.js:776
[  426305ms] [LOG] [Fast Refresh] done in 22ms @ http://localhost:3000/_next/static/chunks/node_modules_next_dist_1e8vcs8._.js:776
[  426367ms] [LOG] [Fast Refresh] done in 22ms @ http://localhost:3000/_next/static/chunks/node_modules_next_dist_1e8vcs8._.js:776
[  426433ms] [LOG] [Fast Refresh] done in 22ms @ http://localhost:3000/_next/static/chunks/node_modules_next_dist_1e8vcs8._.js:776
[  426506ms] [LOG] [Fast Refresh] done in 22ms @ http://localhost:3000/_next/static/chunks/node_modules_next_dist_1e8vcs8._.js:776
[  426569ms] [LOG] [Fast Refresh] done in 22ms @ http://localhost:3000/_next/static/chunks/node_modules_next_dist_1e8vcs8._.js:776
[  426694ms] [LOG] [Fast Refresh] done in 22ms @ http://localhost:3000/_next/static/chunks/node_modules_next_dist_1e8vcs8._.js:776
[  426757ms] [LOG] [Fast Refresh] done in 22ms @ http://localhost:3000/_next/static/chunks/node_modules_next_dist_1e8vcs8._.js:776
[  426819ms] [LOG] [Fast Refresh] done in 22ms @ http://localhost:3000/_next/static/chunks/node_modules_next_dist_1e8vcs8._.js:776
[  426885ms] [LOG] [Fast Refresh] done in 22ms @ http://localhost:3000/_next/static/chunks/node_modules_next_dist_1e8vcs8._.js:776
[  426945ms] [LOG] [Fast Refresh] done in 22ms @ http://localhost:3000/_next/static/chunks/node_modules_next_dist_1e8vcs8._.js:776
[  427012ms] [LOG] [Fast Refresh] done in 22ms @ http://localhost:3000/_next/static/chunks/node_modules_next_dist_1e8vcs8._.js:776
[  427070ms] [LOG] [Fast Refresh] done in 22ms @ http://localhost:3000/_next/static/chunks/node_modules_next_dist_1e8vcs8._.js:776
[  427133ms] [LOG] [Fast Refresh] done in 22ms @ http://localhost:3000/_next/static/chunks/node_modules_next_dist_1e8vcs8._.js:776
[  427194ms] [LOG] [Fast Refresh] done in 22ms @ http://localhost:3000/_next/static/chunks/node_modules_next_dist_1e8vcs8._.js:776
[  427258ms] [LOG] [Fast Refresh] done in 22ms @ http://localhost:3000/_next/static/chunks/node_modules_next_dist_1e8vcs8._.js:776
[  427319ms] [LOG] [Fast Refresh] done in 22ms @ http://localhost:3000/_next/static/chunks/node_modules_next_dist_1e8vcs8._.js:776
[  427431ms] [LOG] [Fast Refresh] done in 22ms @ http://localhost:3000/_next/static/chunks/node_modules_next_dist_1e8vcs8._.js:776
[  427492ms] [LOG] [Fast Refresh] done in 22ms @ http://localhost:3000/_next/static/chunks/node_modules_next_dist_1e8vcs8._.js:776
[  427541ms] [LOG] [Fast Refresh] done in 22ms @ http://localhost:3000/_next/static/chunks/node_modules_next_dist_1e8vcs8._.js:776
[  427602ms] [LOG] [Fast Refresh] done in 22ms @ http://localhost:3000/_next/static/chunks/node_modules_next_dist_1e8vcs8._.js:776
[  427665ms] [LOG] [Fast Refresh] done in 22ms @ http://localhost:3000/_next/static/chunks/node_modules_next_dist_1e8vcs8._.js:776
[  427728ms] [LOG] [Fast Refresh] done in 22ms @ http://localhost:3000/_next/static/chunks/node_modules_next_dist_1e8vcs8._.js:776
[  427790ms] [LOG] [Fast Refresh] done in 22ms @ http://localhost:3000/_next/static/chunks/node_modules_next_dist_1e8vcs8._.js:776
[  427862ms] [LOG] [Fast Refresh] done in 22ms @ http://localhost:3000/_next/static/chunks/node_modules_next_dist_1e8vcs8._.js:776
[  427903ms] [LOG] [Fast Refresh] done in 22ms @ http://localhost:3000/_next/static/chunks/node_modules_next_dist_1e8vcs8._.js:776
[  427965ms] [LOG] [Fast Refresh] done in 22ms @ http://localhost:3000/_next/static/chunks/node_modules_next_dist_1e8vcs8._.js:776
[  428029ms] [LOG] [Fast Refresh] done in 22ms @ http://localhost:3000/_next/static/chunks/node_modules_next_dist_1e8vcs8._.js:776
[  428124ms] [LOG] [Fast Refresh] done in 22ms @ http://localhost:3000/_next/static/chunks/node_modules_next_dist_1e8vcs8._.js:776
[  428172ms] [LOG] [Fast Refresh] done in 22ms @ http://localhost:3000/_next/static/chunks/node_modules_next_dist_1e8vcs8._.js:776
[  428232ms] [LOG] [Fast Refresh] done in 22ms @ http://localhost:3000/_next/static/chunks/node_modules_next_dist_1e8vcs8._.js:776
[  428299ms] [LOG] [Fast Refresh] done in 22ms @ http://localhost:3000/_next/static/chunks/node_modules_next_dist_1e8vcs8._.js:776
[  428373ms] [LOG] [Fast Refresh] done in 22ms @ http://localhost:3000/_next/static/chunks/node_modules_next_dist_1e8vcs8._.js:776
[  428436ms] [LOG] [Fast Refresh] done in 22ms @ http://localhost:3000/_next/static/chunks/node_modules_next_dist_1e8vcs8._.js:776
[  428508ms] [LOG] [Fast Refresh] done in 22ms @ http://localhost:3000/_next/static/chunks/node_modules_next_dist_1e8vcs8._.js:776
[  428561ms] [LOG] [Fast Refresh] done in 22ms @ http://localhost:3000/_next/static/chunks/node_modules_next_dist_1e8vcs8._.js:776
[  428622ms] [LOG] [Fast Refresh] done in 22ms @ http://localhost:3000/_next/static/chunks/node_modules_next_dist_1e8vcs8._.js:776
[  428689ms] [LOG] [Fast Refresh] done in 22ms @ http://localhost:3000/_next/static/chunks/node_modules_next_dist_1e8vcs8._.js:776
[  428749ms] [LOG] [Fast Refresh] done in 22ms @ http://localhost:3000/_next/static/chunks/node_modules_next_dist_1e8vcs8._.js:776
[  428811ms] [LOG] [Fast Refresh] done in 22ms @ http://localhost:3000/_next/static/chunks/node_modules_next_dist_1e8vcs8._.js:776
[  428876ms] [LOG] [Fast Refresh] done in 22ms @ http://localhost:3000/_next/static/chunks/node_modules_next_dist_1e8vcs8._.js:776
[  428936ms] [LOG] [Fast Refresh] done in 22ms @ http://localhost:3000/_next/static/chunks/node_modules_next_dist_1e8vcs8._.js:776
[  428998ms] [LOG] [Fast Refresh] done in 22ms @ http://localhost:3000/_next/static/chunks/node_modules_next_dist_1e8vcs8._.js:776
[  429060ms] [LOG] [Fast Refresh] done in 22ms @ http://localhost:3000/_next/static/chunks/node_modules_next_dist_1e8vcs8._.js:776
[  429127ms] [LOG] [Fast Refresh] done in 22ms @ http://localhost:3000/_next/static/chunks/node_modules_next_dist_1e8vcs8._.js:776
[  429188ms] [LOG] [Fast Refresh] done in 22ms @ http://localhost:3000/_next/static/chunks/node_modules_next_dist_1e8vcs8._.js:776
[  429249ms] [LOG] [Fast Refresh] done in 22ms @ http://localhost:3000/_next/static/chunks/node_modules_next_dist_1e8vcs8._.js:776
[  429319ms] [LOG] [Fast Refresh] done in 22ms @ http://localhost:3000/_next/static/chunks/node_modules_next_dist_1e8vcs8._.js:776
[  429374ms] [LOG] [Fast Refresh] done in 22ms @ http://localhost:3000/_next/static/chunks/node_modules_next_dist_1e8vcs8._.js:776
[  429420ms] [LOG] [Fast Refresh] done in 22ms @ http://localhost:3000/_next/static/chunks/node_modules_next_dist_1e8vcs8._.js:776
[  429468ms] [LOG] [Fast Refresh] done in 22ms @ http://localhost:3000/_next/static/chunks/node_modules_next_dist_1e8vcs8._.js:776
[  429533ms] [LOG] [Fast Refresh] done in 22ms @ http://localhost:3000/_next/static/chunks/node_modules_next_dist_1e8vcs8._.js:776
[  429592ms] [LOG] [Fast Refresh] done in 22ms @ http://localhost:3000/_next/static/chunks/node_modules_next_dist_1e8vcs8._.js:776
[  429655ms] [LOG] [Fast Refresh] done in 22ms @ http://localhost:3000/_next/static/chunks/node_modules_next_dist_1e8vcs8._.js:776
[  429720ms] [LOG] [Fast Refresh] done in 22ms @ http://localhost:3000/_next/static/chunks/node_modules_next_dist_1e8vcs8._.js:776
[  429784ms] [LOG] [Fast Refresh] done in 22ms @ http://localhost:3000/_next/static/chunks/node_modules_next_dist_1e8vcs8._.js:776
[  429864ms] [LOG] [Fast Refresh] done in 22ms @ http://localhost:3000/_next/static/chunks/node_modules_next_dist_1e8vcs8._.js:776
[  429924ms] [LOG] [Fast Refresh] done in 22ms @ http://localhost:3000/_next/static/chunks/node_modules_next_dist_1e8vcs8._.js:776
[  429972ms] [LOG] [Fast Refresh] done in 22ms @ http://localhost:3000/_next/static/chunks/node_modules_next_dist_1e8vcs8._.js:776
[  430033ms] [LOG] [Fast Refresh] done in 22ms @ http://localhost:3000/_next/static/chunks/node_modules_next_dist_1e8vcs8._.js:776
[  430096ms] [LOG] [Fast Refresh] done in 22ms @ http://localhost:3000/_next/static/chunks/node_modules_next_dist_1e8vcs8._.js:776
[  430159ms] [LOG] [Fast Refresh] done in 22ms @ http://localhost:3000/_next/static/chunks/node_modules_next_dist_1e8vcs8._.js:776
[  430220ms] [LOG] [Fast Refresh] done in 22ms @ http://localhost:3000/_next/static/chunks/node_modules_next_dist_1e8vcs8._.js:776
[  430283ms] [LOG] [Fast Refresh] done in 22ms @ http://localhost:3000/_next/static/chunks/node_modules_next_dist_1e8vcs8._.js:776
[  430385ms] [LOG] [Fast Refresh] done in 22ms @ http://localhost:3000/_next/static/chunks/node_modules_next_dist_1e8vcs8._.js:776
[  430429ms] [LOG] [Fast Refresh] done in 22ms @ http://localhost:3000/_next/static/chunks/node_modules_next_dist_1e8vcs8._.js:776
[  430493ms] [LOG] [Fast Refresh] done in 22ms @ http://localhost:3000/_next/static/chunks/node_modules_next_dist_1e8vcs8._.js:776
[  430550ms] [LOG] [Fast Refresh] done in 22ms @ http://localhost:3000/_next/static/chunks/node_modules_next_dist_1e8vcs8._.js:776
[  430612ms] [LOG] [Fast Refresh] done in 22ms @ http://localhost:3000/_next/static/chunks/node_modules_next_dist_1e8vcs8._.js:776
[  430676ms] [LOG] [Fast Refresh] done in 22ms @ http://localhost:3000/_next/static/chunks/node_modules_next_dist_1e8vcs8._.js:776
[  430725ms] [LOG] [Fast Refresh] done in 22ms @ http://localhost:3000/_next/static/chunks/node_modules_next_dist_1e8vcs8._.js:776
[  430786ms] [LOG] [Fast Refresh] done in 22ms @ http://localhost:3000/_next/static/chunks/node_modules_next_dist_1e8vcs8._.js:776
[  430869ms] [LOG] [Fast Refresh] done in 22ms @ http://localhost:3000/_next/static/chunks/node_modules_next_dist_1e8vcs8._.js:776
[  430928ms] [LOG] [Fast Refresh] done in 22ms @ http://localhost:3000/_next/static/chunks/node_modules_next_dist_1e8vcs8._.js:776
[  430993ms] [LOG] [Fast Refresh] done in 22ms @ http://localhost:3000/_next/static/chunks/node_modules_next_dist_1e8vcs8._.js:776
[  431054ms] [LOG] [Fast Refresh] done in 22ms @ http://localhost:3000/_next/static/chunks/node_modules_next_dist_1e8vcs8._.js:776
[  431118ms] [LOG] [Fast Refresh] done in 22ms @ http://localhost:3000/_next/static/chunks/node_modules_next_dist_1e8vcs8._.js:776
[  431191ms] [LOG] [Fast Refresh] done in 22ms @ http://localhost:3000/_next/static/chunks/node_modules_next_dist_1e8vcs8._.js:776
[  431258ms] [LOG] [Fast Refresh] done in 22ms @ http://localhost:3000/_next/static/chunks/node_modules_next_dist_1e8vcs8._.js:776
[  431320ms] [LOG] [Fast Refresh] done in 22ms @ http://localhost:3000/_next/static/chunks/node_modules_next_dist_1e8vcs8._.js:776
[  431383ms] [LOG] [Fast Refresh] done in 22ms @ http://localhost:3000/_next/static/chunks/node_modules_next_dist_1e8vcs8._.js:776
[  431448ms] [LOG] [Fast Refresh] done in 22ms @ http://localhost:3000/_next/static/chunks/node_modules_next_dist_1e8vcs8._.js:776
[  431508ms] [LOG] [Fast Refresh] done in 22ms @ http://localhost:3000/_next/static/chunks/node_modules_next_dist_1e8vcs8._.js:776
[  431584ms] [LOG] [Fast Refresh] done in 22ms @ http://localhost:3000/_next/static/chunks/node_modules_next_dist_1e8vcs8._.js:776
[  431652ms] [LOG] [Fast Refresh] done in 22ms @ http://localhost:3000/_next/static/chunks/node_modules_next_dist_1e8vcs8._.js:776
[  431723ms] [LOG] [Fast Refresh] done in 22ms @ http://localhost:3000/_next/static/chunks/node_modules_next_dist_1e8vcs8._.js:776
[  431789ms] [LOG] [Fast Refresh] done in 22ms @ http://localhost:3000/_next/static/chunks/node_modules_next_dist_1e8vcs8._.js:776
[  431852ms] [LOG] [Fast Refresh] done in 22ms @ http://localhost:3000/_next/static/chunks/node_modules_next_dist_1e8vcs8._.js:776
[  431916ms] [LOG] [Fast Refresh] done in 22ms @ http://localhost:3000/_next/static/chunks/node_modules_next_dist_1e8vcs8._.js:776
[  431978ms] [LOG] [Fast Refresh] done in 22ms @ http://localhost:3000/_next/static/chunks/node_modules_next_dist_1e8vcs8._.js:776
[  432040ms] [LOG] [Fast Refresh] done in 22ms @ http://localhost:3000/_next/static/chunks/node_modules_next_dist_1e8vcs8._.js:776
[  432107ms] [LOG] [Fast Refresh] done in 22ms @ http://localhost:3000/_next/static/chunks/node_modules_next_dist_1e8vcs8._.js:776
[  432171ms] [LOG] [Fast Refresh] done in 22ms @ http://localhost:3000/_next/static/chunks/node_modules_next_dist_1e8vcs8._.js:776
[  432230ms] [LOG] [Fast Refresh] done in 22ms @ http://localhost:3000/_next/static/chunks/node_modules_next_dist_1e8vcs8._.js:776
[  432292ms] [LOG] [Fast Refresh] done in 22ms @ http://localhost:3000/_next/static/chunks/node_modules_next_dist_1e8vcs8._.js:776
[  432355ms] [LOG] [Fast Refresh] done in 22ms @ http://localhost:3000/_next/static/chunks/node_modules_next_dist_1e8vcs8._.js:776
[  432419ms] [LOG] [Fast Refresh] done in 22ms @ http://localhost:3000/_next/static/chunks/node_modules_next_dist_1e8vcs8._.js:776
[  432481ms] [LOG] [Fast Refresh] done in 22ms @ http://localhost:3000/_next/static/chunks/node_modules_next_dist_1e8vcs8._.js:776
[  432545ms] [LOG] [Fast Refresh] done in 22ms @ http://localhost:3000/_next/static/chunks/node_modules_next_dist_1e8vcs8._.js:776
[  432609ms] [LOG] [Fast Refresh] done in 22ms @ http://localhost:3000/_next/static/chunks/node_modules_next_dist_1e8vcs8._.js:776
[  432687ms] [LOG] [Fast Refresh] done in 22ms @ http://localhost:3000/_next/static/chunks/node_modules_next_dist_1e8vcs8._.js:776
[  432750ms] [LOG] [Fast Refresh] done in 22ms @ http://localhost:3000/_next/static/chunks/node_modules_next_dist_1e8vcs8._.js:776
[  432816ms] [LOG] [Fast Refresh] done in 22ms @ http://localhost:3000/_next/static/chunks/node_modules_next_dist_1e8vcs8._.js:776
[  432878ms] [LOG] [Fast Refresh] done in 22ms @ http://localhost:3000/_next/static/chunks/node_modules_next_dist_1e8vcs8._.js:776
[  432941ms] [LOG] [Fast Refresh] done in 22ms @ http://localhost:3000/_next/static/chunks/node_modules_next_dist_1e8vcs8._.js:776
[  433004ms] [LOG] [Fast Refresh] done in 22ms @ http://localhost:3000/_next/static/chunks/node_modules_next_dist_1e8vcs8._.js:776
[  433068ms] [LOG] [Fast Refresh] done in 22ms @ http://localhost:3000/_next/static/chunks/node_modules_next_dist_1e8vcs8._.js:776
[  433128ms] [LOG] [Fast Refresh] done in 22ms @ http://localhost:3000/_next/static/chunks/node_modules_next_dist_1e8vcs8._.js:776
[  433191ms] [LOG] [Fast Refresh] done in 22ms @ http://localhost:3000/_next/static/chunks/node_modules_next_dist_1e8vcs8._.js:776
[  433253ms] [LOG] [Fast Refresh] done in 22ms @ http://localhost:3000/_next/static/chunks/node_modules_next_dist_1e8vcs8._.js:776
[  433325ms] [LOG] [Fast Refresh] done in 22ms @ http://localhost:3000/_next/static/chunks/node_modules_next_dist_1e8vcs8._.js:776
[  433382ms] [LOG] [Fast Refresh] done in 22ms @ http://localhost:3000/_next/static/chunks/node_modules_next_dist_1e8vcs8._.js:776
[  433447ms] [LOG] [Fast Refresh] done in 22ms @ http://localhost:3000/_next/static/chunks/node_modules_next_dist_1e8vcs8._.js:776
[  433516ms] [LOG] [Fast Refresh] done in 22ms @ http://localhost:3000/_next/static/chunks/node_modules_next_dist_1e8vcs8._.js:776
[  433571ms] [LOG] [Fast Refresh] done in 22ms @ http://localhost:3000/_next/static/chunks/node_modules_next_dist_1e8vcs8._.js:776
[  433632ms] [LOG] [Fast Refresh] done in 22ms @ http://localhost:3000/_next/static/chunks/node_modules_next_dist_1e8vcs8._.js:776
[  433697ms] [LOG] [Fast Refresh] done in 22ms @ http://localhost:3000/_next/static/chunks/node_modules_next_dist_1e8vcs8._.js:776
[  433762ms] [LOG] [Fast Refresh] done in 22ms @ http://localhost:3000/_next/static/chunks/node_modules_next_dist_1e8vcs8._.js:776
[  433822ms] [LOG] [Fast Refresh] done in 22ms @ http://localhost:3000/_next/static/chunks/node_modules_next_dist_1e8vcs8._.js:776
[  433884ms] [LOG] [Fast Refresh] done in 22ms @ http://localhost:3000/_next/static/chunks/node_modules_next_dist_1e8vcs8._.js:776
[  433933ms] [LOG] [Fast Refresh] done in 22ms @ http://localhost:3000/_next/static/chunks/node_modules_next_dist_1e8vcs8._.js:776
[  433984ms] [LOG] [Fast Refresh] done in 22ms @ http://localhost:3000/_next/static/chunks/node_modules_next_dist_1e8vcs8._.js:776
[  434047ms] [LOG] [Fast Refresh] done in 22ms @ http://localhost:3000/_next/static/chunks/node_modules_next_dist_1e8vcs8._.js:776
[  434106ms] [LOG] [Fast Refresh] done in 22ms @ http://localhost:3000/_next/static/chunks/node_modules_next_dist_1e8vcs8._.js:776
[  434169ms] [LOG] [Fast Refresh] done in 22ms @ http://localhost:3000/_next/static/chunks/node_modules_next_dist_1e8vcs8._.js:776
[  434233ms] [LOG] [Fast Refresh] done in 22ms @ http://localhost:3000/_next/static/chunks/node_modules_next_dist_1e8vcs8._.js:776
[  434301ms] [LOG] [Fast Refresh] done in 22ms @ http://localhost:3000/_next/static/chunks/node_modules_next_dist_1e8vcs8._.js:776
[  434358ms] [LOG] [Fast Refresh] done in 22ms @ http://localhost:3000/_next/static/chunks/node_modules_next_dist_1e8vcs8._.js:776
[  434421ms] [LOG] [Fast Refresh] done in 22ms @ http://localhost:3000/_next/static/chunks/node_modules_next_dist_1e8vcs8._.js:776
[  434483ms] [LOG] [Fast Refresh] done in 22ms @ http://localhost:3000/_next/static/chunks/node_modules_next_dist_1e8vcs8._.js:776
[  434547ms] [LOG] [Fast Refresh] done in 22ms @ http://localhost:3000/_next/static/chunks/node_modules_next_dist_1e8vcs8._.js:776
[  434611ms] [LOG] [Fast Refresh] done in 22ms @ http://localhost:3000/_next/static/chunks/node_modules_next_dist_1e8vcs8._.js:776
[  434673ms] [LOG] [Fast Refresh] done in 22ms @ http://localhost:3000/_next/static/chunks/node_modules_next_dist_1e8vcs8._.js:776
[  434741ms] [LOG] [Fast Refresh] done in 22ms @ http://localhost:3000/_next/static/chunks/node_modules_next_dist_1e8vcs8._.js:776
[  434800ms] [LOG] [Fast Refresh] done in 22ms @ http://localhost:3000/_next/static/chunks/node_modules_next_dist_1e8vcs8._.js:776
[  434864ms] [LOG] [Fast Refresh] done in 22ms @ http://localhost:3000/_next/static/chunks/node_modules_next_dist_1e8vcs8._.js:776
[  434928ms] [LOG] [Fast Refresh] done in 22ms @ http://localhost:3000/_next/static/chunks/node_modules_next_dist_1e8vcs8._.js:776
[  434990ms] [LOG] [Fast Refresh] done in 22ms @ http://localhost:3000/_next/static/chunks/node_modules_next_dist_1e8vcs8._.js:776
[  435054ms] [LOG] [Fast Refresh] done in 22ms @ http://localhost:3000/_next/static/chunks/node_modules_next_dist_1e8vcs8._.js:776
[  435115ms] [LOG] [Fast Refresh] done in 22ms @ http://localhost:3000/_next/static/chunks/node_modules_next_dist_1e8vcs8._.js:776
[  435178ms] [LOG] [Fast Refresh] done in 22ms @ http://localhost:3000/_next/static/chunks/node_modules_next_dist_1e8vcs8._.js:776
[  435242ms] [LOG] [Fast Refresh] done in 22ms @ http://localhost:3000/_next/static/chunks/node_modules_next_dist_1e8vcs8._.js:776
[  435304ms] [LOG] [Fast Refresh] done in 22ms @ http://localhost:3000/_next/static/chunks/node_modules_next_dist_1e8vcs8._.js:776
[  435366ms] [LOG] [Fast Refresh] done in 22ms @ http://localhost:3000/_next/static/chunks/node_modules_next_dist_1e8vcs8._.js:776
[  435430ms] [LOG] [Fast Refresh] done in 22ms @ http://localhost:3000/_next/static/chunks/node_modules_next_dist_1e8vcs8._.js:776
[  435476ms] [LOG] [Fast Refresh] done in 22ms @ http://localhost:3000/_next/static/chunks/node_modules_next_dist_1e8vcs8._.js:776
[  435542ms] [LOG] [Fast Refresh] done in 22ms @ http://localhost:3000/_next/static/chunks/node_modules_next_dist_1e8vcs8._.js:776
[  435603ms] [LOG] [Fast Refresh] done in 22ms @ http://localhost:3000/_next/static/chunks/node_modules_next_dist_1e8vcs8._.js:776
[  435668ms] [LOG] [Fast Refresh] done in 22ms @ http://localhost:3000/_next/static/chunks/node_modules_next_dist_1e8vcs8._.js:776
[  435732ms] [LOG] [Fast Refresh] done in 22ms @ http://localhost:3000/_next/static/chunks/node_modules_next_dist_1e8vcs8._.js:776
[  435794ms] [LOG] [Fast Refresh] done in 22ms @ http://localhost:3000/_next/static/chunks/node_modules_next_dist_1e8vcs8._.js:776
[  435855ms] [LOG] [Fast Refresh] done in 22ms @ http://localhost:3000/_next/static/chunks/node_modules_next_dist_1e8vcs8._.js:776
[  435916ms] [LOG] [Fast Refresh] done in 22ms @ http://localhost:3000/_next/static/chunks/node_modules_next_dist_1e8vcs8._.js:776
[  435980ms] [LOG] [Fast Refresh] done in 22ms @ http://localhost:3000/_next/static/chunks/node_modules_next_dist_1e8vcs8._.js:776
[  436042ms] [LOG] [Fast Refresh] done in 22ms @ http://localhost:3000/_next/static/chunks/node_modules_next_dist_1e8vcs8._.js:776
[  436106ms] [LOG] [Fast Refresh] done in 22ms @ http://localhost:3000/_next/static/chunks/node_modules_next_dist_1e8vcs8._.js:776
[  436181ms] [LOG] [Fast Refresh] done in 22ms @ http://localhost:3000/_next/static/chunks/node_modules_next_dist_1e8vcs8._.js:776
[  436250ms] [LOG] [Fast Refresh] done in 22ms @ http://localhost:3000/_next/static/chunks/node_modules_next_dist_1e8vcs8._.js:776
[  436297ms] [LOG] [Fast Refresh] done in 22ms @ http://localhost:3000/_next/static/chunks/node_modules_next_dist_1e8vcs8._.js:776
[  436357ms] [LOG] [Fast Refresh] done in 22ms @ http://localhost:3000/_next/static/chunks/node_modules_next_dist_1e8vcs8._.js:776
[  436420ms] [LOG] [Fast Refresh] done in 22ms @ http://localhost:3000/_next/static/chunks/node_modules_next_dist_1e8vcs8._.js:776
[  436482ms] [LOG] [Fast Refresh] done in 22ms @ http://localhost:3000/_next/static/chunks/node_modules_next_dist_1e8vcs8._.js:776
[  436549ms] [LOG] [Fast Refresh] done in 22ms @ http://localhost:3000/_next/static/chunks/node_modules_next_dist_1e8vcs8._.js:776
[  436610ms] [LOG] [Fast Refresh] done in 22ms @ http://localhost:3000/_next/static/chunks/node_modules_next_dist_1e8vcs8._.js:776
[  436671ms] [LOG] [Fast Refresh] done in 22ms @ http://localhost:3000/_next/static/chunks/node_modules_next_dist_1e8vcs8._.js:776
[  436735ms] [LOG] [Fast Refresh] done in 22ms @ http://localhost:3000/_next/static/chunks/node_modules_next_dist_1e8vcs8._.js:776
[  436801ms] [LOG] [Fast Refresh] done in 22ms @ http://localhost:3000/_next/static/chunks/node_modules_next_dist_1e8vcs8._.js:776
[  436863ms] [LOG] [Fast Refresh] done in 22ms @ http://localhost:3000/_next/static/chunks/node_modules_next_dist_1e8vcs8._.js:776
[  436946ms] [LOG] [Fast Refresh] done in 22ms @ http://localhost:3000/_next/static/chunks/node_modules_next_dist_1e8vcs8._.js:776
[  437006ms] [LOG] [Fast Refresh] done in 22ms @ http://localhost:3000/_next/static/chunks/node_modules_next_dist_1e8vcs8._.js:776
[  437071ms] [LOG] [Fast Refresh] done in 22ms @ http://localhost:3000/_next/static/chunks/node_modules_next_dist_1e8vcs8._.js:776
[  437136ms] [LOG] [Fast Refresh] done in 22ms @ http://localhost:3000/_next/static/chunks/node_modules_next_dist_1e8vcs8._.js:776
[  437196ms] [LOG] [Fast Refresh] done in 22ms @ http://localhost:3000/_next/static/chunks/node_modules_next_dist_1e8vcs8._.js:776
[  437265ms] [LOG] [Fast Refresh] done in 22ms @ http://localhost:3000/_next/static/chunks/node_modules_next_dist_1e8vcs8._.js:776
[  437322ms] [LOG] [Fast Refresh] done in 22ms @ http://localhost:3000/_next/static/chunks/node_modules_next_dist_1e8vcs8._.js:776
[  437385ms] [LOG] [Fast Refresh] done in 22ms @ http://localhost:3000/_next/static/chunks/node_modules_next_dist_1e8vcs8._.js:776
[  437449ms] [LOG] [Fast Refresh] done in 22ms @ http://localhost:3000/_next/static/chunks/node_modules_next_dist_1e8vcs8._.js:776
[  437510ms] [LOG] [Fast Refresh] done in 22ms @ http://localhost:3000/_next/static/chunks/node_modules_next_dist_1e8vcs8._.js:776
[  437574ms] [LOG] [Fast Refresh] done in 22ms @ http://localhost:3000/_next/static/chunks/node_modules_next_dist_1e8vcs8._.js:776
[  437636ms] [LOG] [Fast Refresh] done in 22ms @ http://localhost:3000/_next/static/chunks/node_modules_next_dist_1e8vcs8._.js:776
[  437701ms] [LOG] [Fast Refresh] done in 22ms @ http://localhost:3000/_next/static/chunks/node_modules_next_dist_1e8vcs8._.js:776
[  437764ms] [LOG] [Fast Refresh] done in 22ms @ http://localhost:3000/_next/static/chunks/node_modules_next_dist_1e8vcs8._.js:776
[  437829ms] [LOG] [Fast Refresh] done in 22ms @ http://localhost:3000/_next/static/chunks/node_modules_next_dist_1e8vcs8._.js:776
[  437888ms] [LOG] [Fast Refresh] done in 22ms @ http://localhost:3000/_next/static/chunks/node_modules_next_dist_1e8vcs8._.js:776
[  437951ms] [LOG] [Fast Refresh] done in 22ms @ http://localhost:3000/_next/static/chunks/node_modules_next_dist_1e8vcs8._.js:776
[  438014ms] [LOG] [Fast Refresh] done in 22ms @ http://localhost:3000/_next/static/chunks/node_modules_next_dist_1e8vcs8._.js:776
[  438077ms] [LOG] [Fast Refresh] done in 22ms @ http://localhost:3000/_next/static/chunks/node_modules_next_dist_1e8vcs8._.js:776
[  438141ms] [LOG] [Fast Refresh] done in 22ms @ http://localhost:3000/_next/static/chunks/node_modules_next_dist_1e8vcs8._.js:776
[  438204ms] [LOG] [Fast Refresh] done in 22ms @ http://localhost:3000/_next/static/chunks/node_modules_next_dist_1e8vcs8._.js:776
[  438282ms] [LOG] [Fast Refresh] done in 22ms @ http://localhost:3000/_next/static/chunks/node_modules_next_dist_1e8vcs8._.js:776
[  438343ms] [LOG] [Fast Refresh] done in 22ms @ http://localhost:3000/_next/static/chunks/node_modules_next_dist_1e8vcs8._.js:776
[  438406ms] [LOG] [Fast Refresh] done in 22ms @ http://localhost:3000/_next/static/chunks/node_modules_next_dist_1e8vcs8._.js:776
[  438468ms] [LOG] [Fast Refresh] done in 22ms @ http://localhost:3000/_next/static/chunks/node_modules_next_dist_1e8vcs8._.js:776
[  438533ms] [LOG] [Fast Refresh] done in 22ms @ http://localhost:3000/_next/static/chunks/node_modules_next_dist_1e8vcs8._.js:776
[  438594ms] [LOG] [Fast Refresh] done in 22ms @ http://localhost:3000/_next/static/chunks/node_modules_next_dist_1e8vcs8._.js:776
[  438655ms] [LOG] [Fast Refresh] done in 22ms @ http://localhost:3000/_next/static/chunks/node_modules_next_dist_1e8vcs8._.js:776
[  438720ms] [LOG] [Fast Refresh] done in 22ms @ http://localhost:3000/_next/static/chunks/node_modules_next_dist_1e8vcs8._.js:776
[  438766ms] [LOG] [Fast Refresh] done in 22ms @ http://localhost:3000/_next/static/chunks/node_modules_next_dist_1e8vcs8._.js:776
[  438829ms] [LOG] [Fast Refresh] done in 22ms @ http://localhost:3000/_next/static/chunks/node_modules_next_dist_1e8vcs8._.js:776
[  438891ms] [LOG] [Fast Refresh] done in 22ms @ http://localhost:3000/_next/static/chunks/node_modules_next_dist_1e8vcs8._.js:776
[  438967ms] [LOG] [Fast Refresh] done in 22ms @ http://localhost:3000/_next/static/chunks/node_modules_next_dist_1e8vcs8._.js:776
[  439043ms] [LOG] [Fast Refresh] done in 22ms @ http://localhost:3000/_next/static/chunks/node_modules_next_dist_1e8vcs8._.js:776
[  439112ms] [LOG] [Fast Refresh] done in 22ms @ http://localhost:3000/_next/static/chunks/node_modules_next_dist_1e8vcs8._.js:776
[  439160ms] [LOG] [Fast Refresh] done in 22ms @ http://localhost:3000/_next/static/chunks/node_modules_next_dist_1e8vcs8._.js:776
[  439224ms] [LOG] [Fast Refresh] done in 22ms @ http://localhost:3000/_next/static/chunks/node_modules_next_dist_1e8vcs8._.js:776
[  439283ms] [LOG] [Fast Refresh] done in 22ms @ http://localhost:3000/_next/static/chunks/node_modules_next_dist_1e8vcs8._.js:776
[  440251ms] [LOG] [Fast Refresh] done in 22ms @ http://localhost:3000/_next/static/chunks/node_modules_next_dist_1e8vcs8._.js:776
[  441028ms] [LOG] [Fast Refresh] done in 22ms @ http://localhost:3000/_next/static/chunks/node_modules_next_dist_1e8vcs8._.js:776
[  441086ms] [LOG] [Fast Refresh] done in 22ms @ http://localhost:3000/_next/static/chunks/node_modules_next_dist_1e8vcs8._.js:776
[  441148ms] [LOG] [Fast Refresh] done in 22ms @ http://localhost:3000/_next/static/chunks/node_modules_next_dist_1e8vcs8._.js:776
[  441211ms] [LOG] [Fast Refresh] done in 22ms @ http://localhost:3000/_next/static/chunks/node_modules_next_dist_1e8vcs8._.js:776
[  441274ms] [LOG] [Fast Refresh] done in 22ms @ http://localhost:3000/_next/static/chunks/node_modules_next_dist_1e8vcs8._.js:776
[  441337ms] [LOG] [Fast Refresh] done in 22ms @ http://localhost:3000/_next/static/chunks/node_modules_next_dist_1e8vcs8._.js:776
[  441408ms] [LOG] [Fast Refresh] done in 22ms @ http://localhost:3000/_next/static/chunks/node_modules_next_dist_1e8vcs8._.js:776
[  441478ms] [LOG] [Fast Refresh] done in 22ms @ http://localhost:3000/_next/static/chunks/node_modules_next_dist_1e8vcs8._.js:776
[  441539ms] [LOG] [Fast Refresh] done in 22ms @ http://localhost:3000/_next/static/chunks/node_modules_next_dist_1e8vcs8._.js:776
[  441626ms] [LOG] [Fast Refresh] done in 22ms @ http://localhost:3000/_next/static/chunks/node_modules_next_dist_1e8vcs8._.js:776
[  441701ms] [LOG] [Fast Refresh] done in 22ms @ http://localhost:3000/_next/static/chunks/node_modules_next_dist_1e8vcs8._.js:776
[  441761ms] [LOG] [Fast Refresh] done in 22ms @ http://localhost:3000/_next/static/chunks/node_modules_next_dist_1e8vcs8._.js:776
[  441842ms] [LOG] [Fast Refresh] done in 22ms @ http://localhost:3000/_next/static/chunks/node_modules_next_dist_1e8vcs8._.js:776
[  441926ms] [LOG] [Fast Refresh] done in 22ms @ http://localhost:3000/_next/static/chunks/node_modules_next_dist_1e8vcs8._.js:776
[  441999ms] [LOG] [Fast Refresh] done in 22ms @ http://localhost:3000/_next/static/chunks/node_modules_next_dist_1e8vcs8._.js:776
[  442072ms] [LOG] [Fast Refresh] done in 22ms @ http://localhost:3000/_next/static/chunks/node_modules_next_dist_1e8vcs8._.js:776
[  442134ms] [LOG] [Fast Refresh] done in 22ms @ http://localhost:3000/_next/static/chunks/node_modules_next_dist_1e8vcs8._.js:776
[  442191ms] [LOG] [Fast Refresh] done in 22ms @ http://localhost:3000/_next/static/chunks/node_modules_next_dist_1e8vcs8._.js:776
[  442320ms] [LOG] [Fast Refresh] done in 22ms @ http://localhost:3000/_next/static/chunks/node_modules_next_dist_1e8vcs8._.js:776
[  442380ms] [LOG] [Fast Refresh] done in 22ms @ http://localhost:3000/_next/static/chunks/node_modules_next_dist_1e8vcs8._.js:776
[  442437ms] [LOG] [Fast Refresh] done in 22ms @ http://localhost:3000/_next/static/chunks/node_modules_next_dist_1e8vcs8._.js:776
[  442502ms] [LOG] [Fast Refresh] done in 22ms @ http://localhost:3000/_next/static/chunks/node_modules_next_dist_1e8vcs8._.js:776
[  442563ms] [LOG] [Fast Refresh] done in 22ms @ http://localhost:3000/_next/static/chunks/node_modules_next_dist_1e8vcs8._.js:776
[  442627ms] [LOG] [Fast Refresh] done in 22ms @ http://localhost:3000/_next/static/chunks/node_modules_next_dist_1e8vcs8._.js:776
[  442687ms] [LOG] [Fast Refresh] done in 22ms @ http://localhost:3000/_next/static/chunks/node_modules_next_dist_1e8vcs8._.js:776
[  442750ms] [LOG] [Fast Refresh] done in 22ms @ http://localhost:3000/_next/static/chunks/node_modules_next_dist_1e8vcs8._.js:776
[  442812ms] [LOG] [Fast Refresh] done in 22ms @ http://localhost:3000/_next/static/chunks/node_modules_next_dist_1e8vcs8._.js:776
[  442876ms] [LOG] [Fast Refresh] done in 22ms @ http://localhost:3000/_next/static/chunks/node_modules_next_dist_1e8vcs8._.js:776
[  442939ms] [LOG] [Fast Refresh] done in 22ms @ http://localhost:3000/_next/static/chunks/node_modules_next_dist_1e8vcs8._.js:776
[  443002ms] [LOG] [Fast Refresh] done in 22ms @ http://localhost:3000/_next/static/chunks/node_modules_next_dist_1e8vcs8._.js:776
[  443064ms] [LOG] [Fast Refresh] done in 22ms @ http://localhost:3000/_next/static/chunks/node_modules_next_dist_1e8vcs8._.js:776
[  443127ms] [LOG] [Fast Refresh] done in 22ms @ http://localhost:3000/_next/static/chunks/node_modules_next_dist_1e8vcs8._.js:776
[  443212ms] [LOG] [Fast Refresh] done in 22ms @ http://localhost:3000/_next/static/chunks/node_modules_next_dist_1e8vcs8._.js:776
[  443271ms] [LOG] [Fast Refresh] done in 22ms @ http://localhost:3000/_next/static/chunks/node_modules_next_dist_1e8vcs8._.js:776
[  443331ms] [LOG] [Fast Refresh] done in 22ms @ http://localhost:3000/_next/static/chunks/node_modules_next_dist_1e8vcs8._.js:776
[  443411ms] [LOG] [Fast Refresh] done in 22ms @ http://localhost:3000/_next/static/chunks/node_modules_next_dist_1e8vcs8._.js:776
[  443475ms] [LOG] [Fast Refresh] done in 22ms @ http://localhost:3000/_next/static/chunks/node_modules_next_dist_1e8vcs8._.js:776
[  443540ms] [LOG] [Fast Refresh] done in 22ms @ http://localhost:3000/_next/static/chunks/node_modules_next_dist_1e8vcs8._.js:776
[  443601ms] [LOG] [Fast Refresh] done in 22ms @ http://localhost:3000/_next/static/chunks/node_modules_next_dist_1e8vcs8._.js:776
[  443665ms] [LOG] [Fast Refresh] done in 22ms @ http://localhost:3000/_next/static/chunks/node_modules_next_dist_1e8vcs8._.js:776
[  443728ms] [LOG] [Fast Refresh] done in 22ms @ http://localhost:3000/_next/static/chunks/node_modules_next_dist_1e8vcs8._.js:776
[  443790ms] [LOG] [Fast Refresh] done in 22ms @ http://localhost:3000/_next/static/chunks/node_modules_next_dist_1e8vcs8._.js:776
[  443854ms] [LOG] [Fast Refresh] done in 22ms @ http://localhost:3000/_next/static/chunks/node_modules_next_dist_1e8vcs8._.js:776
[  443917ms] [LOG] [Fast Refresh] done in 22ms @ http://localhost:3000/_next/static/chunks/node_modules_next_dist_1e8vcs8._.js:776
[  443980ms] [LOG] [Fast Refresh] done in 22ms @ http://localhost:3000/_next/static/chunks/node_modules_next_dist_1e8vcs8._.js:776
[  444053ms] [LOG] [Fast Refresh] done in 22ms @ http://localhost:3000/_next/static/chunks/node_modules_next_dist_1e8vcs8._.js:776
[  444121ms] [LOG] [Fast Refresh] done in 22ms @ http://localhost:3000/_next/static/chunks/node_modules_next_dist_1e8vcs8._.js:776
[  444185ms] [LOG] [Fast Refresh] done in 22ms @ http://localhost:3000/_next/static/chunks/node_modules_next_dist_1e8vcs8._.js:776
[  444249ms] [LOG] [Fast Refresh] done in 22ms @ http://localhost:3000/_next/static/chunks/node_modules_next_dist_1e8vcs8._.js:776
[  444310ms] [LOG] [Fast Refresh] done in 22ms @ http://localhost:3000/_next/static/chunks/node_modules_next_dist_1e8vcs8._.js:776
[  444375ms] [LOG] [Fast Refresh] done in 22ms @ http://localhost:3000/_next/static/chunks/node_modules_next_dist_1e8vcs8._.js:776
[  444436ms] [LOG] [Fast Refresh] done in 22ms @ http://localhost:3000/_next/static/chunks/node_modules_next_dist_1e8vcs8._.js:776
[  444499ms] [LOG] [Fast Refresh] done in 22ms @ http://localhost:3000/_next/static/chunks/node_modules_next_dist_1e8vcs8._.js:776
[  444563ms] [LOG] [Fast Refresh] done in 22ms @ http://localhost:3000/_next/static/chunks/node_modules_next_dist_1e8vcs8._.js:776
[  444653ms] [LOG] [Fast Refresh] done in 22ms @ http://localhost:3000/_next/static/chunks/node_modules_next_dist_1e8vcs8._.js:776
[  444721ms] [LOG] [Fast Refresh] done in 22ms @ http://localhost:3000/_next/static/chunks/node_modules_next_dist_1e8vcs8._.js:776
[  444783ms] [LOG] [Fast Refresh] done in 22ms @ http://localhost:3000/_next/static/chunks/node_modules_next_dist_1e8vcs8._.js:776
[  444844ms] [LOG] [Fast Refresh] done in 22ms @ http://localhost:3000/_next/static/chunks/node_modules_next_dist_1e8vcs8._.js:776
[  444909ms] [LOG] [Fast Refresh] done in 22ms @ http://localhost:3000/_next/static/chunks/node_modules_next_dist_1e8vcs8._.js:776
[  444972ms] [LOG] [Fast Refresh] done in 22ms @ http://localhost:3000/_next/static/chunks/node_modules_next_dist_1e8vcs8._.js:776
[  445035ms] [LOG] [Fast Refresh] done in 22ms @ http://localhost:3000/_next/static/chunks/node_modules_next_dist_1e8vcs8._.js:776
[  445082ms] [LOG] [Fast Refresh] done in 22ms @ http://localhost:3000/_next/static/chunks/node_modules_next_dist_1e8vcs8._.js:776
[  445144ms] [LOG] [Fast Refresh] done in 22ms @ http://localhost:3000/_next/static/chunks/node_modules_next_dist_1e8vcs8._.js:776
[  445205ms] [LOG] [Fast Refresh] done in 22ms @ http://localhost:3000/_next/static/chunks/node_modules_next_dist_1e8vcs8._.js:776
[  445266ms] [LOG] [Fast Refresh] done in 22ms @ http://localhost:3000/_next/static/chunks/node_modules_next_dist_1e8vcs8._.js:776
[  445334ms] [LOG] [Fast Refresh] done in 22ms @ http://localhost:3000/_next/static/chunks/node_modules_next_dist_1e8vcs8._.js:776
[  445390ms] [LOG] [Fast Refresh] done in 22ms @ http://localhost:3000/_next/static/chunks/node_modules_next_dist_1e8vcs8._.js:776
[  445452ms] [LOG] [Fast Refresh] done in 22ms @ http://localhost:3000/_next/static/chunks/node_modules_next_dist_1e8vcs8._.js:776
[  445515ms] [LOG] [Fast Refresh] done in 22ms @ http://localhost:3000/_next/static/chunks/node_modules_next_dist_1e8vcs8._.js:776
[  445576ms] [LOG] [Fast Refresh] done in 22ms @ http://localhost:3000/_next/static/chunks/node_modules_next_dist_1e8vcs8._.js:776
[  445640ms] [LOG] [Fast Refresh] done in 22ms @ http://localhost:3000/_next/static/chunks/node_modules_next_dist_1e8vcs8._.js:776
[  445702ms] [LOG] [Fast Refresh] done in 22ms @ http://localhost:3000/_next/static/chunks/node_modules_next_dist_1e8vcs8._.js:776
[  445763ms] [LOG] [Fast Refresh] done in 22ms @ http://localhost:3000/_next/static/chunks/node_modules_next_dist_1e8vcs8._.js:776
[  445849ms] [LOG] [Fast Refresh] done in 22ms @ http://localhost:3000/_next/static/chunks/node_modules_next_dist_1e8vcs8._.js:776
[  445920ms] [LOG] [Fast Refresh] done in 22ms @ http://localhost:3000/_next/static/chunks/node_modules_next_dist_1e8vcs8._.js:776
[  446087ms] [LOG] [Fast Refresh] done in 22ms @ http://localhost:3000/_next/static/chunks/node_modules_next_dist_1e8vcs8._.js:776
[  446154ms] [LOG] [Fast Refresh] done in 22ms @ http://localhost:3000/_next/static/chunks/node_modules_next_dist_1e8vcs8._.js:776
[  446218ms] [LOG] [Fast Refresh] done in 22ms @ http://localhost:3000/_next/static/chunks/node_modules_next_dist_1e8vcs8._.js:776
[  446282ms] [LOG] [Fast Refresh] done in 22ms @ http://localhost:3000/_next/static/chunks/node_modules_next_dist_1e8vcs8._.js:776
[  446348ms] [LOG] [Fast Refresh] done in 22ms @ http://localhost:3000/_next/static/chunks/node_modules_next_dist_1e8vcs8._.js:776
[  446404ms] [LOG] [Fast Refresh] done in 22ms @ http://localhost:3000/_next/static/chunks/node_modules_next_dist_1e8vcs8._.js:776
[  446467ms] [LOG] [Fast Refresh] done in 22ms @ http://localhost:3000/_next/static/chunks/node_modules_next_dist_1e8vcs8._.js:776
[  446532ms] [LOG] [Fast Refresh] done in 22ms @ http://localhost:3000/_next/static/chunks/node_modules_next_dist_1e8vcs8._.js:776
[  446595ms] [LOG] [Fast Refresh] done in 22ms @ http://localhost:3000/_next/static/chunks/node_modules_next_dist_1e8vcs8._.js:776
[  446657ms] [LOG] [Fast Refresh] done in 22ms @ http://localhost:3000/_next/static/chunks/node_modules_next_dist_1e8vcs8._.js:776
[  446721ms] [LOG] [Fast Refresh] done in 22ms @ http://localhost:3000/_next/static/chunks/node_modules_next_dist_1e8vcs8._.js:776
[  446791ms] [LOG] [Fast Refresh] done in 22ms @ http://localhost:3000/_next/static/chunks/node_modules_next_dist_1e8vcs8._.js:776
[  446861ms] [LOG] [Fast Refresh] done in 22ms @ http://localhost:3000/_next/static/chunks/node_modules_next_dist_1e8vcs8._.js:776
[  446922ms] [LOG] [Fast Refresh] done in 22ms @ http://localhost:3000/_next/static/chunks/node_modules_next_dist_1e8vcs8._.js:776
[  446983ms] [LOG] [Fast Refresh] done in 22ms @ http://localhost:3000/_next/static/chunks/node_modules_next_dist_1e8vcs8._.js:776
[  447051ms] [LOG] [Fast Refresh] done in 22ms @ http://localhost:3000/_next/static/chunks/node_modules_next_dist_1e8vcs8._.js:776
[  447111ms] [LOG] [Fast Refresh] done in 22ms @ http://localhost:3000/_next/static/chunks/node_modules_next_dist_1e8vcs8._.js:776
[  447175ms] [LOG] [Fast Refresh] done in 22ms @ http://localhost:3000/_next/static/chunks/node_modules_next_dist_1e8vcs8._.js:776
[  447236ms] [LOG] [Fast Refresh] done in 22ms @ http://localhost:3000/_next/static/chunks/node_modules_next_dist_1e8vcs8._.js:776
[  447296ms] [LOG] [Fast Refresh] done in 22ms @ http://localhost:3000/_next/static/chunks/node_modules_next_dist_1e8vcs8._.js:776
[  447358ms] [LOG] [Fast Refresh] done in 22ms @ http://localhost:3000/_next/static/chunks/node_modules_next_dist_1e8vcs8._.js:776
[  447423ms] [LOG] [Fast Refresh] done in 22ms @ http://localhost:3000/_next/static/chunks/node_modules_next_dist_1e8vcs8._.js:776
[  447485ms] [LOG] [Fast Refresh] done in 22ms @ http://localhost:3000/_next/static/chunks/node_modules_next_dist_1e8vcs8._.js:776
[  447547ms] [LOG] [Fast Refresh] done in 22ms @ http://localhost:3000/_next/static/chunks/node_modules_next_dist_1e8vcs8._.js:776
[  447619ms] [LOG] [Fast Refresh] done in 22ms @ http://localhost:3000/_next/static/chunks/node_modules_next_dist_1e8vcs8._.js:776
[  447679ms] [LOG] [Fast Refresh] done in 22ms @ http://localhost:3000/_next/static/chunks/node_modules_next_dist_1e8vcs8._.js:776
[  447739ms] [LOG] [Fast Refresh] done in 22ms @ http://localhost:3000/_next/static/chunks/node_modules_next_dist_1e8vcs8._.js:776
[  447801ms] [LOG] [Fast Refresh] done in 22ms @ http://localhost:3000/_next/static/chunks/node_modules_next_dist_1e8vcs8._.js:776
[  447864ms] [LOG] [Fast Refresh] done in 22ms @ http://localhost:3000/_next/static/chunks/node_modules_next_dist_1e8vcs8._.js:776
[  447935ms] [LOG] [Fast Refresh] done in 22ms @ http://localhost:3000/_next/static/chunks/node_modules_next_dist_1e8vcs8._.js:776
[  447993ms] [LOG] [Fast Refresh] done in 22ms @ http://localhost:3000/_next/static/chunks/node_modules_next_dist_1e8vcs8._.js:776
[  448054ms] [LOG] [Fast Refresh] done in 22ms @ http://localhost:3000/_next/static/chunks/node_modules_next_dist_1e8vcs8._.js:776
[  448116ms] [LOG] [Fast Refresh] done in 22ms @ http://localhost:3000/_next/static/chunks/node_modules_next_dist_1e8vcs8._.js:776
[  448357ms] [LOG] [Fast Refresh] done in 22ms @ http://localhost:3000/_next/static/chunks/node_modules_next_dist_1e8vcs8._.js:776
[  448418ms] [LOG] [Fast Refresh] done in 22ms @ http://localhost:3000/_next/static/chunks/node_modules_next_dist_1e8vcs8._.js:776
[  448484ms] [LOG] [Fast Refresh] done in 22ms @ http://localhost:3000/_next/static/chunks/node_modules_next_dist_1e8vcs8._.js:776
[  448560ms] [LOG] [Fast Refresh] done in 22ms @ http://localhost:3000/_next/static/chunks/node_modules_next_dist_1e8vcs8._.js:776
[  448622ms] [LOG] [Fast Refresh] done in 22ms @ http://localhost:3000/_next/static/chunks/node_modules_next_dist_1e8vcs8._.js:776
[  448682ms] [LOG] [Fast Refresh] done in 22ms @ http://localhost:3000/_next/static/chunks/node_modules_next_dist_1e8vcs8._.js:776
[  448734ms] [LOG] [Fast Refresh] done in 22ms @ http://localhost:3000/_next/static/chunks/node_modules_next_dist_1e8vcs8._.js:776
[  448796ms] [LOG] [Fast Refresh] done in 22ms @ http://localhost:3000/_next/static/chunks/node_modules_next_dist_1e8vcs8._.js:776
[  448854ms] [LOG] [Fast Refresh] done in 22ms @ http://localhost:3000/_next/static/chunks/node_modules_next_dist_1e8vcs8._.js:776
[  448922ms] [LOG] [Fast Refresh] done in 22ms @ http://localhost:3000/_next/static/chunks/node_modules_next_dist_1e8vcs8._.js:776
[  448982ms] [LOG] [Fast Refresh] done in 22ms @ http://localhost:3000/_next/static/chunks/node_modules_next_dist_1e8vcs8._.js:776
[  449045ms] [LOG] [Fast Refresh] done in 22ms @ http://localhost:3000/_next/static/chunks/node_modules_next_dist_1e8vcs8._.js:776
[  449108ms] [LOG] [Fast Refresh] done in 22ms @ http://localhost:3000/_next/static/chunks/node_modules_next_dist_1e8vcs8._.js:776
[  449168ms] [LOG] [Fast Refresh] done in 22ms @ http://localhost:3000/_next/static/chunks/node_modules_next_dist_1e8vcs8._.js:776
[  449234ms] [LOG] [Fast Refresh] done in 22ms @ http://localhost:3000/_next/static/chunks/node_modules_next_dist_1e8vcs8._.js:776
[  449296ms] [LOG] [Fast Refresh] done in 22ms @ http://localhost:3000/_next/static/chunks/node_modules_next_dist_1e8vcs8._.js:776
[  449357ms] [LOG] [Fast Refresh] done in 22ms @ http://localhost:3000/_next/static/chunks/node_modules_next_dist_1e8vcs8._.js:776
[  449419ms] [LOG] [Fast Refresh] done in 22ms @ http://localhost:3000/_next/static/chunks/node_modules_next_dist_1e8vcs8._.js:776
[  449483ms] [LOG] [Fast Refresh] done in 22ms @ http://localhost:3000/_next/static/chunks/node_modules_next_dist_1e8vcs8._.js:776
[  449544ms] [LOG] [Fast Refresh] done in 22ms @ http://localhost:3000/_next/static/chunks/node_modules_next_dist_1e8vcs8._.js:776
[  449607ms] [LOG] [Fast Refresh] done in 22ms @ http://localhost:3000/_next/static/chunks/node_modules_next_dist_1e8vcs8._.js:776
[  449670ms] [LOG] [Fast Refresh] done in 22ms @ http://localhost:3000/_next/static/chunks/node_modules_next_dist_1e8vcs8._.js:776
[  449733ms] [LOG] [Fast Refresh] done in 22ms @ http://localhost:3000/_next/static/chunks/node_modules_next_dist_1e8vcs8._.js:776
[  449799ms] [LOG] [Fast Refresh] done in 22ms @ http://localhost:3000/_next/static/chunks/node_modules_next_dist_1e8vcs8._.js:776
[  449863ms] [LOG] [Fast Refresh] done in 22ms @ http://localhost:3000/_next/static/chunks/node_modules_next_dist_1e8vcs8._.js:776
[  449928ms] [LOG] [Fast Refresh] done in 22ms @ http://localhost:3000/_next/static/chunks/node_modules_next_dist_1e8vcs8._.js:776
[  449986ms] [LOG] [Fast Refresh] done in 22ms @ http://localhost:3000/_next/static/chunks/node_modules_next_dist_1e8vcs8._.js:776
[  450049ms] [LOG] [Fast Refresh] done in 22ms @ http://localhost:3000/_next/static/chunks/node_modules_next_dist_1e8vcs8._.js:776
[  450114ms] [LOG] [Fast Refresh] done in 22ms @ http://localhost:3000/_next/static/chunks/node_modules_next_dist_1e8vcs8._.js:776
[  450174ms] [LOG] [Fast Refresh] done in 22ms @ http://localhost:3000/_next/static/chunks/node_modules_next_dist_1e8vcs8._.js:776
[  450237ms] [LOG] [Fast Refresh] done in 22ms @ http://localhost:3000/_next/static/chunks/node_modules_next_dist_1e8vcs8._.js:776
[  450304ms] [LOG] [Fast Refresh] done in 22ms @ http://localhost:3000/_next/static/chunks/node_modules_next_dist_1e8vcs8._.js:776
[  450376ms] [LOG] [Fast Refresh] done in 22ms @ http://localhost:3000/_next/static/chunks/node_modules_next_dist_1e8vcs8._.js:776
[  450440ms] [LOG] [Fast Refresh] done in 22ms @ http://localhost:3000/_next/static/chunks/node_modules_next_dist_1e8vcs8._.js:776
[  450502ms] [LOG] [Fast Refresh] done in 22ms @ http://localhost:3000/_next/static/chunks/node_modules_next_dist_1e8vcs8._.js:776
[  450575ms] [LOG] [Fast Refresh] done in 22ms @ http://localhost:3000/_next/static/chunks/node_modules_next_dist_1e8vcs8._.js:776
[  450643ms] [LOG] [Fast Refresh] done in 22ms @ http://localhost:3000/_next/static/chunks/node_modules_next_dist_1e8vcs8._.js:776
[  450705ms] [LOG] [Fast Refresh] done in 22ms @ http://localhost:3000/_next/static/chunks/node_modules_next_dist_1e8vcs8._.js:776
[  450774ms] [LOG] [Fast Refresh] done in 22ms @ http://localhost:3000/_next/static/chunks/node_modules_next_dist_1e8vcs8._.js:776
[  450863ms] [LOG] [Fast Refresh] done in 22ms @ http://localhost:3000/_next/static/chunks/node_modules_next_dist_1e8vcs8._.js:776
[  450926ms] [LOG] [Fast Refresh] done in 22ms @ http://localhost:3000/_next/static/chunks/node_modules_next_dist_1e8vcs8._.js:776
[  450988ms] [LOG] [Fast Refresh] done in 22ms @ http://localhost:3000/_next/static/chunks/node_modules_next_dist_1e8vcs8._.js:776
[  451251ms] [LOG] [Fast Refresh] done in 22ms @ http://localhost:3000/_next/static/chunks/node_modules_next_dist_1e8vcs8._.js:776
[  451329ms] [LOG] [Fast Refresh] done in 22ms @ http://localhost:3000/_next/static/chunks/node_modules_next_dist_1e8vcs8._.js:776
[  451398ms] [LOG] [Fast Refresh] done in 22ms @ http://localhost:3000/_next/static/chunks/node_modules_next_dist_1e8vcs8._.js:776
[  451458ms] [LOG] [Fast Refresh] done in 22ms @ http://localhost:3000/_next/static/chunks/node_modules_next_dist_1e8vcs8._.js:776
[  451520ms] [LOG] [Fast Refresh] done in 22ms @ http://localhost:3000/_next/static/chunks/node_modules_next_dist_1e8vcs8._.js:776
[  451653ms] [LOG] [Fast Refresh] done in 22ms @ http://localhost:3000/_next/static/chunks/node_modules_next_dist_1e8vcs8._.js:776
[  451724ms] [LOG] [Fast Refresh] done in 22ms @ http://localhost:3000/_next/static/chunks/node_modules_next_dist_1e8vcs8._.js:776
[  451811ms] [LOG] [Fast Refresh] done in 22ms @ http://localhost:3000/_next/static/chunks/node_modules_next_dist_1e8vcs8._.js:776
[  451878ms] [LOG] [Fast Refresh] done in 22ms @ http://localhost:3000/_next/static/chunks/node_modules_next_dist_1e8vcs8._.js:776
[  451952ms] [LOG] [Fast Refresh] done in 22ms @ http://localhost:3000/_next/static/chunks/node_modules_next_dist_1e8vcs8._.js:776
[  452021ms] [LOG] [Fast Refresh] done in 22ms @ http://localhost:3000/_next/static/chunks/node_modules_next_dist_1e8vcs8._.js:776
[  452086ms] [LOG] [Fast Refresh] done in 22ms @ http://localhost:3000/_next/static/chunks/node_modules_next_dist_1e8vcs8._.js:776
[  452145ms] [LOG] [Fast Refresh] done in 22ms @ http://localhost:3000/_next/static/chunks/node_modules_next_dist_1e8vcs8._.js:776
[  452214ms] [LOG] [Fast Refresh] done in 22ms @ http://localhost:3000/_next/static/chunks/node_modules_next_dist_1e8vcs8._.js:776
[  452272ms] [LOG] [Fast Refresh] done in 22ms @ http://localhost:3000/_next/static/chunks/node_modules_next_dist_1e8vcs8._.js:776
[  452334ms] [LOG] [Fast Refresh] done in 22ms @ http://localhost:3000/_next/static/chunks/node_modules_next_dist_1e8vcs8._.js:776
[  452395ms] [LOG] [Fast Refresh] done in 22ms @ http://localhost:3000/_next/static/chunks/node_modules_next_dist_1e8vcs8._.js:776
[  452457ms] [LOG] [Fast Refresh] done in 22ms @ http://localhost:3000/_next/static/chunks/node_modules_next_dist_1e8vcs8._.js:776
[  452519ms] [LOG] [Fast Refresh] done in 22ms @ http://localhost:3000/_next/static/chunks/node_modules_next_dist_1e8vcs8._.js:776
[  452570ms] [LOG] [Fast Refresh] done in 22ms @ http://localhost:3000/_next/static/chunks/node_modules_next_dist_1e8vcs8._.js:776
[  452630ms] [LOG] [Fast Refresh] done in 22ms @ http://localhost:3000/_next/static/chunks/node_modules_next_dist_1e8vcs8._.js:776
[  452695ms] [LOG] [Fast Refresh] done in 22ms @ http://localhost:3000/_next/static/chunks/node_modules_next_dist_1e8vcs8._.js:776
[  452757ms] [LOG] [Fast Refresh] done in 22ms @ http://localhost:3000/_next/static/chunks/node_modules_next_dist_1e8vcs8._.js:776
[  452821ms] [LOG] [Fast Refresh] done in 22ms @ http://localhost:3000/_next/static/chunks/node_modules_next_dist_1e8vcs8._.js:776
[  452883ms] [LOG] [Fast Refresh] done in 22ms @ http://localhost:3000/_next/static/chunks/node_modules_next_dist_1e8vcs8._.js:776
[  452948ms] [LOG] [Fast Refresh] done in 22ms @ http://localhost:3000/_next/static/chunks/node_modules_next_dist_1e8vcs8._.js:776
[  453009ms] [LOG] [Fast Refresh] done in 22ms @ http://localhost:3000/_next/static/chunks/node_modules_next_dist_1e8vcs8._.js:776
[  453069ms] [LOG] [Fast Refresh] done in 22ms @ http://localhost:3000/_next/static/chunks/node_modules_next_dist_1e8vcs8._.js:776
[  453130ms] [LOG] [Fast Refresh] done in 22ms @ http://localhost:3000/_next/static/chunks/node_modules_next_dist_1e8vcs8._.js:776
[  453193ms] [LOG] [Fast Refresh] done in 22ms @ http://localhost:3000/_next/static/chunks/node_modules_next_dist_1e8vcs8._.js:776
[  453278ms] [LOG] [Fast Refresh] done in 22ms @ http://localhost:3000/_next/static/chunks/node_modules_next_dist_1e8vcs8._.js:776
[  453367ms] [LOG] [Fast Refresh] done in 22ms @ http://localhost:3000/_next/static/chunks/node_modules_next_dist_1e8vcs8._.js:776
[  453429ms] [LOG] [Fast Refresh] done in 22ms @ http://localhost:3000/_next/static/chunks/node_modules_next_dist_1e8vcs8._.js:776
[  453493ms] [LOG] [Fast Refresh] done in 22ms @ http://localhost:3000/_next/static/chunks/node_modules_next_dist_1e8vcs8._.js:776
[  453558ms] [LOG] [Fast Refresh] done in 22ms @ http://localhost:3000/_next/static/chunks/node_modules_next_dist_1e8vcs8._.js:776
[  453619ms] [LOG] [Fast Refresh] done in 22ms @ http://localhost:3000/_next/static/chunks/node_modules_next_dist_1e8vcs8._.js:776
[  453682ms] [LOG] [Fast Refresh] done in 22ms @ http://localhost:3000/_next/static/chunks/node_modules_next_dist_1e8vcs8._.js:776
[  453745ms] [LOG] [Fast Refresh] done in 22ms @ http://localhost:3000/_next/static/chunks/node_modules_next_dist_1e8vcs8._.js:776
[  453806ms] [LOG] [Fast Refresh] done in 22ms @ http://localhost:3000/_next/static/chunks/node_modules_next_dist_1e8vcs8._.js:776
[  453869ms] [LOG] [Fast Refresh] done in 22ms @ http://localhost:3000/_next/static/chunks/node_modules_next_dist_1e8vcs8._.js:776
[  453929ms] [LOG] [Fast Refresh] done in 22ms @ http://localhost:3000/_next/static/chunks/node_modules_next_dist_1e8vcs8._.js:776
[  453992ms] [LOG] [Fast Refresh] done in 22ms @ http://localhost:3000/_next/static/chunks/node_modules_next_dist_1e8vcs8._.js:776
[  454054ms] [LOG] [Fast Refresh] done in 22ms @ http://localhost:3000/_next/static/chunks/node_modules_next_dist_1e8vcs8._.js:776
[  454159ms] [LOG] [Fast Refresh] done in 22ms @ http://localhost:3000/_next/static/chunks/node_modules_next_dist_1e8vcs8._.js:776
[  454237ms] [LOG] [Fast Refresh] done in 22ms @ http://localhost:3000/_next/static/chunks/node_modules_next_dist_1e8vcs8._.js:776
[  454304ms] [LOG] [Fast Refresh] done in 22ms @ http://localhost:3000/_next/static/chunks/node_modules_next_dist_1e8vcs8._.js:776
[  454352ms] [LOG] [Fast Refresh] done in 22ms @ http://localhost:3000/_next/static/chunks/node_modules_next_dist_1e8vcs8._.js:776
[  454424ms] [LOG] [Fast Refresh] done in 22ms @ http://localhost:3000/_next/static/chunks/node_modules_next_dist_1e8vcs8._.js:776
[  454493ms] [LOG] [Fast Refresh] done in 22ms @ http://localhost:3000/_next/static/chunks/node_modules_next_dist_1e8vcs8._.js:776
[  454537ms] [LOG] [Fast Refresh] done in 22ms @ http://localhost:3000/_next/static/chunks/node_modules_next_dist_1e8vcs8._.js:776
[  454601ms] [LOG] [Fast Refresh] done in 22ms @ http://localhost:3000/_next/static/chunks/node_modules_next_dist_1e8vcs8._.js:776
[  454666ms] [LOG] [Fast Refresh] done in 22ms @ http://localhost:3000/_next/static/chunks/node_modules_next_dist_1e8vcs8._.js:776
[  454727ms] [LOG] [Fast Refresh] done in 22ms @ http://localhost:3000/_next/static/chunks/node_modules_next_dist_1e8vcs8._.js:776
[  454788ms] [LOG] [Fast Refresh] done in 22ms @ http://localhost:3000/_next/static/chunks/node_modules_next_dist_1e8vcs8._.js:776
[  454851ms] [LOG] [Fast Refresh] done in 22ms @ http://localhost:3000/_next/static/chunks/node_modules_next_dist_1e8vcs8._.js:776
[  454914ms] [LOG] [Fast Refresh] done in 22ms @ http://localhost:3000/_next/static/chunks/node_modules_next_dist_1e8vcs8._.js:776
[  454977ms] [LOG] [Fast Refresh] done in 22ms @ http://localhost:3000/_next/static/chunks/node_modules_next_dist_1e8vcs8._.js:776
[  455038ms] [LOG] [Fast Refresh] done in 22ms @ http://localhost:3000/_next/static/chunks/node_modules_next_dist_1e8vcs8._.js:776
[  455103ms] [LOG] [Fast Refresh] done in 22ms @ http://localhost:3000/_next/static/chunks/node_modules_next_dist_1e8vcs8._.js:776
[  455161ms] [LOG] [Fast Refresh] done in 22ms @ http://localhost:3000/_next/static/chunks/node_modules_next_dist_1e8vcs8._.js:776
[  455223ms] [LOG] [Fast Refresh] done in 22ms @ http://localhost:3000/_next/static/chunks/node_modules_next_dist_1e8vcs8._.js:776
[  455288ms] [LOG] [Fast Refresh] done in 22ms @ http://localhost:3000/_next/static/chunks/node_modules_next_dist_1e8vcs8._.js:776
[  455349ms] [LOG] [Fast Refresh] done in 22ms @ http://localhost:3000/_next/static/chunks/node_modules_next_dist_1e8vcs8._.js:776
[  455418ms] [LOG] [Fast Refresh] done in 22ms @ http://localhost:3000/_next/static/chunks/node_modules_next_dist_1e8vcs8._.js:776
[  455489ms] [LOG] [Fast Refresh] done in 22ms @ http://localhost:3000/_next/static/chunks/node_modules_next_dist_1e8vcs8._.js:776
[  455551ms] [LOG] [Fast Refresh] done in 22ms @ http://localhost:3000/_next/static/chunks/node_modules_next_dist_1e8vcs8._.js:776
[  455615ms] [LOG] [Fast Refresh] done in 22ms @ http://localhost:3000/_next/static/chunks/node_modules_next_dist_1e8vcs8._.js:776
[  455681ms] [LOG] [Fast Refresh] done in 22ms @ http://localhost:3000/_next/static/chunks/node_modules_next_dist_1e8vcs8._.js:776
[  455742ms] [LOG] [Fast Refresh] done in 22ms @ http://localhost:3000/_next/static/chunks/node_modules_next_dist_1e8vcs8._.js:776
[  455804ms] [LOG] [Fast Refresh] done in 22ms @ http://localhost:3000/_next/static/chunks/node_modules_next_dist_1e8vcs8._.js:776
[  455867ms] [LOG] [Fast Refresh] done in 22ms @ http://localhost:3000/_next/static/chunks/node_modules_next_dist_1e8vcs8._.js:776
[  455931ms] [LOG] [Fast Refresh] done in 22ms @ http://localhost:3000/_next/static/chunks/node_modules_next_dist_1e8vcs8._.js:776
[  455993ms] [LOG] [Fast Refresh] done in 22ms @ http://localhost:3000/_next/static/chunks/node_modules_next_dist_1e8vcs8._.js:776
[  456055ms] [LOG] [Fast Refresh] done in 22ms @ http://localhost:3000/_next/static/chunks/node_modules_next_dist_1e8vcs8._.js:776
[  456118ms] [LOG] [Fast Refresh] done in 22ms @ http://localhost:3000/_next/static/chunks/node_modules_next_dist_1e8vcs8._.js:776
[  456180ms] [LOG] [Fast Refresh] done in 22ms @ http://localhost:3000/_next/static/chunks/node_modules_next_dist_1e8vcs8._.js:776
[  456242ms] [LOG] [Fast Refresh] done in 22ms @ http://localhost:3000/_next/static/chunks/node_modules_next_dist_1e8vcs8._.js:776
[  456305ms] [LOG] [Fast Refresh] done in 22ms @ http://localhost:3000/_next/static/chunks/node_modules_next_dist_1e8vcs8._.js:776
[  456366ms] [LOG] [Fast Refresh] done in 22ms @ http://localhost:3000/_next/static/chunks/node_modules_next_dist_1e8vcs8._.js:776
[  456430ms] [LOG] [Fast Refresh] done in 22ms @ http://localhost:3000/_next/static/chunks/node_modules_next_dist_1e8vcs8._.js:776
[  456491ms] [LOG] [Fast Refresh] done in 22ms @ http://localhost:3000/_next/static/chunks/node_modules_next_dist_1e8vcs8._.js:776
[  456555ms] [LOG] [Fast Refresh] done in 22ms @ http://localhost:3000/_next/static/chunks/node_modules_next_dist_1e8vcs8._.js:776
[  456618ms] [LOG] [Fast Refresh] done in 22ms @ http://localhost:3000/_next/static/chunks/node_modules_next_dist_1e8vcs8._.js:776
[  456684ms] [LOG] [Fast Refresh] done in 22ms @ http://localhost:3000/_next/static/chunks/node_modules_next_dist_1e8vcs8._.js:776
[  456742ms] [LOG] [Fast Refresh] done in 22ms @ http://localhost:3000/_next/static/chunks/node_modules_next_dist_1e8vcs8._.js:776
[  456805ms] [LOG] [Fast Refresh] done in 22ms @ http://localhost:3000/_next/static/chunks/node_modules_next_dist_1e8vcs8._.js:776
[  456868ms] [LOG] [Fast Refresh] done in 22ms @ http://localhost:3000/_next/static/chunks/node_modules_next_dist_1e8vcs8._.js:776
[  456931ms] [LOG] [Fast Refresh] done in 22ms @ http://localhost:3000/_next/static/chunks/node_modules_next_dist_1e8vcs8._.js:776
[  456983ms] [LOG] [Fast Refresh] done in 22ms @ http://localhost:3000/_next/static/chunks/node_modules_next_dist_1e8vcs8._.js:776
[  457043ms] [LOG] [Fast Refresh] done in 22ms @ http://localhost:3000/_next/static/chunks/node_modules_next_dist_1e8vcs8._.js:776
[  457108ms] [LOG] [Fast Refresh] done in 22ms @ http://localhost:3000/_next/static/chunks/node_modules_next_dist_1e8vcs8._.js:776
[  457169ms] [LOG] [Fast Refresh] done in 22ms @ http://localhost:3000/_next/static/chunks/node_modules_next_dist_1e8vcs8._.js:776
[  457247ms] [LOG] [Fast Refresh] done in 22ms @ http://localhost:3000/_next/static/chunks/node_modules_next_dist_1e8vcs8._.js:776
[  457337ms] [LOG] [Fast Refresh] done in 22ms @ http://localhost:3000/_next/static/chunks/node_modules_next_dist_1e8vcs8._.js:776
[  457405ms] [LOG] [Fast Refresh] done in 22ms @ http://localhost:3000/_next/static/chunks/node_modules_next_dist_1e8vcs8._.js:776
[  457467ms] [LOG] [Fast Refresh] done in 22ms @ http://localhost:3000/_next/static/chunks/node_modules_next_dist_1e8vcs8._.js:776
[  457535ms] [LOG] [Fast Refresh] done in 22ms @ http://localhost:3000/_next/static/chunks/node_modules_next_dist_1e8vcs8._.js:776
[  457621ms] [LOG] [Fast Refresh] done in 22ms @ http://localhost:3000/_next/static/chunks/node_modules_next_dist_1e8vcs8._.js:776
[  457692ms] [LOG] [Fast Refresh] done in 22ms @ http://localhost:3000/_next/static/chunks/node_modules_next_dist_1e8vcs8._.js:776
[  457753ms] [LOG] [Fast Refresh] done in 22ms @ http://localhost:3000/_next/static/chunks/node_modules_next_dist_1e8vcs8._.js:776
[  457817ms] [LOG] [Fast Refresh] done in 22ms @ http://localhost:3000/_next/static/chunks/node_modules_next_dist_1e8vcs8._.js:776
[  457879ms] [LOG] [Fast Refresh] done in 22ms @ http://localhost:3000/_next/static/chunks/node_modules_next_dist_1e8vcs8._.js:776
[  457942ms] [LOG] [Fast Refresh] done in 22ms @ http://localhost:3000/_next/static/chunks/node_modules_next_dist_1e8vcs8._.js:776
[  458005ms] [LOG] [Fast Refresh] done in 22ms @ http://localhost:3000/_next/static/chunks/node_modules_next_dist_1e8vcs8._.js:776
[  458067ms] [LOG] [Fast Refresh] done in 22ms @ http://localhost:3000/_next/static/chunks/node_modules_next_dist_1e8vcs8._.js:776
[  458128ms] [LOG] [Fast Refresh] done in 22ms @ http://localhost:3000/_next/static/chunks/node_modules_next_dist_1e8vcs8._.js:776
[  458190ms] [LOG] [Fast Refresh] done in 22ms @ http://localhost:3000/_next/static/chunks/node_modules_next_dist_1e8vcs8._.js:776
[  458252ms] [LOG] [Fast Refresh] done in 22ms @ http://localhost:3000/_next/static/chunks/node_modules_next_dist_1e8vcs8._.js:776
[  458315ms] [LOG] [Fast Refresh] done in 22ms @ http://localhost:3000/_next/static/chunks/node_modules_next_dist_1e8vcs8._.js:776
[  458378ms] [LOG] [Fast Refresh] done in 22ms @ http://localhost:3000/_next/static/chunks/node_modules_next_dist_1e8vcs8._.js:776
[  458442ms] [LOG] [Fast Refresh] done in 22ms @ http://localhost:3000/_next/static/chunks/node_modules_next_dist_1e8vcs8._.js:776
[  458504ms] [LOG] [Fast Refresh] done in 22ms @ http://localhost:3000/_next/static/chunks/node_modules_next_dist_1e8vcs8._.js:776
[  458567ms] [LOG] [Fast Refresh] done in 22ms @ http://localhost:3000/_next/static/chunks/node_modules_next_dist_1e8vcs8._.js:776
[  458630ms] [LOG] [Fast Refresh] done in 22ms @ http://localhost:3000/_next/static/chunks/node_modules_next_dist_1e8vcs8._.js:776
[  458694ms] [LOG] [Fast Refresh] done in 22ms @ http://localhost:3000/_next/static/chunks/node_modules_next_dist_1e8vcs8._.js:776
[  458755ms] [LOG] [Fast Refresh] done in 22ms @ http://localhost:3000/_next/static/chunks/node_modules_next_dist_1e8vcs8._.js:776
[  458818ms] [LOG] [Fast Refresh] done in 22ms @ http://localhost:3000/_next/static/chunks/node_modules_next_dist_1e8vcs8._.js:776
[  458880ms] [LOG] [Fast Refresh] done in 22ms @ http://localhost:3000/_next/static/chunks/node_modules_next_dist_1e8vcs8._.js:776
[  458942ms] [LOG] [Fast Refresh] done in 22ms @ http://localhost:3000/_next/static/chunks/node_modules_next_dist_1e8vcs8._.js:776
[  459006ms] [LOG] [Fast Refresh] done in 22ms @ http://localhost:3000/_next/static/chunks/node_modules_next_dist_1e8vcs8._.js:776
[  459067ms] [LOG] [Fast Refresh] done in 22ms @ http://localhost:3000/_next/static/chunks/node_modules_next_dist_1e8vcs8._.js:776
[  459130ms] [LOG] [Fast Refresh] done in 22ms @ http://localhost:3000/_next/static/chunks/node_modules_next_dist_1e8vcs8._.js:776
[  459192ms] [LOG] [Fast Refresh] done in 22ms @ http://localhost:3000/_next/static/chunks/node_modules_next_dist_1e8vcs8._.js:776
[  459255ms] [LOG] [Fast Refresh] done in 22ms @ http://localhost:3000/_next/static/chunks/node_modules_next_dist_1e8vcs8._.js:776
[  459320ms] [LOG] [Fast Refresh] done in 22ms @ http://localhost:3000/_next/static/chunks/node_modules_next_dist_1e8vcs8._.js:776
[  459383ms] [LOG] [Fast Refresh] done in 22ms @ http://localhost:3000/_next/static/chunks/node_modules_next_dist_1e8vcs8._.js:776
[  459446ms] [LOG] [Fast Refresh] done in 22ms @ http://localhost:3000/_next/static/chunks/node_modules_next_dist_1e8vcs8._.js:776
[  459510ms] [LOG] [Fast Refresh] done in 22ms @ http://localhost:3000/_next/static/chunks/node_modules_next_dist_1e8vcs8._.js:776
[  459572ms] [LOG] [Fast Refresh] done in 22ms @ http://localhost:3000/_next/static/chunks/node_modules_next_dist_1e8vcs8._.js:776
[  459635ms] [LOG] [Fast Refresh] done in 22ms @ http://localhost:3000/_next/static/chunks/node_modules_next_dist_1e8vcs8._.js:776
[  459695ms] [LOG] [Fast Refresh] done in 22ms @ http://localhost:3000/_next/static/chunks/node_modules_next_dist_1e8vcs8._.js:776
[  459761ms] [LOG] [Fast Refresh] done in 22ms @ http://localhost:3000/_next/static/chunks/node_modules_next_dist_1e8vcs8._.js:776
[  459824ms] [LOG] [Fast Refresh] done in 22ms @ http://localhost:3000/_next/static/chunks/node_modules_next_dist_1e8vcs8._.js:776
[  459887ms] [LOG] [Fast Refresh] done in 22ms @ http://localhost:3000/_next/static/chunks/node_modules_next_dist_1e8vcs8._.js:776
[  459949ms] [LOG] [Fast Refresh] done in 22ms @ http://localhost:3000/_next/static/chunks/node_modules_next_dist_1e8vcs8._.js:776
[  460013ms] [LOG] [Fast Refresh] done in 22ms @ http://localhost:3000/_next/static/chunks/node_modules_next_dist_1e8vcs8._.js:776
[  460076ms] [LOG] [Fast Refresh] done in 22ms @ http://localhost:3000/_next/static/chunks/node_modules_next_dist_1e8vcs8._.js:776
[  460140ms] [LOG] [Fast Refresh] done in 22ms @ http://localhost:3000/_next/static/chunks/node_modules_next_dist_1e8vcs8._.js:776
[  460189ms] [LOG] [Fast Refresh] done in 22ms @ http://localhost:3000/_next/static/chunks/node_modules_next_dist_1e8vcs8._.js:776
[  460265ms] [LOG] [Fast Refresh] done in 22ms @ http://localhost:3000/_next/static/chunks/node_modules_next_dist_1e8vcs8._.js:776
[  460322ms] [LOG] [Fast Refresh] done in 22ms @ http://localhost:3000/_next/static/chunks/node_modules_next_dist_1e8vcs8._.js:776
[  460391ms] [LOG] [Fast Refresh] done in 22ms @ http://localhost:3000/_next/static/chunks/node_modules_next_dist_1e8vcs8._.js:776
[  460453ms] [LOG] [Fast Refresh] done in 22ms @ http://localhost:3000/_next/static/chunks/node_modules_next_dist_1e8vcs8._.js:776
[  460515ms] [LOG] [Fast Refresh] done in 22ms @ http://localhost:3000/_next/static/chunks/node_modules_next_dist_1e8vcs8._.js:776
[  460580ms] [LOG] [Fast Refresh] done in 22ms @ http://localhost:3000/_next/static/chunks/node_modules_next_dist_1e8vcs8._.js:776
[  460646ms] [LOG] [Fast Refresh] done in 22ms @ http://localhost:3000/_next/static/chunks/node_modules_next_dist_1e8vcs8._.js:776
[  460709ms] [LOG] [Fast Refresh] done in 22ms @ http://localhost:3000/_next/static/chunks/node_modules_next_dist_1e8vcs8._.js:776
[  460770ms] [LOG] [Fast Refresh] done in 22ms @ http://localhost:3000/_next/static/chunks/node_modules_next_dist_1e8vcs8._.js:776
[  460832ms] [LOG] [Fast Refresh] done in 22ms @ http://localhost:3000/_next/static/chunks/node_modules_next_dist_1e8vcs8._.js:776
[  460894ms] [LOG] [Fast Refresh] done in 22ms @ http://localhost:3000/_next/static/chunks/node_modules_next_dist_1e8vcs8._.js:776
[  460957ms] [LOG] [Fast Refresh] done in 22ms @ http://localhost:3000/_next/static/chunks/node_modules_next_dist_1e8vcs8._.js:776
[  461021ms] [LOG] [Fast Refresh] done in 22ms @ http://localhost:3000/_next/static/chunks/node_modules_next_dist_1e8vcs8._.js:776
[  461085ms] [LOG] [Fast Refresh] done in 22ms @ http://localhost:3000/_next/static/chunks/node_modules_next_dist_1e8vcs8._.js:776
[  461148ms] [LOG] [Fast Refresh] done in 22ms @ http://localhost:3000/_next/static/chunks/node_modules_next_dist_1e8vcs8._.js:776
[  461211ms] [LOG] [Fast Refresh] done in 22ms @ http://localhost:3000/_next/static/chunks/node_modules_next_dist_1e8vcs8._.js:776
[  461276ms] [LOG] [Fast Refresh] done in 22ms @ http://localhost:3000/_next/static/chunks/node_modules_next_dist_1e8vcs8._.js:776
[  461337ms] [LOG] [Fast Refresh] done in 22ms @ http://localhost:3000/_next/static/chunks/node_modules_next_dist_1e8vcs8._.js:776
[  461401ms] [LOG] [Fast Refresh] done in 22ms @ http://localhost:3000/_next/static/chunks/node_modules_next_dist_1e8vcs8._.js:776
[  461465ms] [LOG] [Fast Refresh] done in 22ms @ http://localhost:3000/_next/static/chunks/node_modules_next_dist_1e8vcs8._.js:776
[  461525ms] [LOG] [Fast Refresh] done in 22ms @ http://localhost:3000/_next/static/chunks/node_modules_next_dist_1e8vcs8._.js:776
[  461589ms] [LOG] [Fast Refresh] done in 22ms @ http://localhost:3000/_next/static/chunks/node_modules_next_dist_1e8vcs8._.js:776
[  461653ms] [LOG] [Fast Refresh] done in 22ms @ http://localhost:3000/_next/static/chunks/node_modules_next_dist_1e8vcs8._.js:776
[  461718ms] [LOG] [Fast Refresh] done in 22ms @ http://localhost:3000/_next/static/chunks/node_modules_next_dist_1e8vcs8._.js:776
[  461779ms] [LOG] [Fast Refresh] done in 22ms @ http://localhost:3000/_next/static/chunks/node_modules_next_dist_1e8vcs8._.js:776
[  461844ms] [LOG] [Fast Refresh] done in 22ms @ http://localhost:3000/_next/static/chunks/node_modules_next_dist_1e8vcs8._.js:776
[  461908ms] [LOG] [Fast Refresh] done in 22ms @ http://localhost:3000/_next/static/chunks/node_modules_next_dist_1e8vcs8._.js:776
[  461971ms] [LOG] [Fast Refresh] done in 22ms @ http://localhost:3000/_next/static/chunks/node_modules_next_dist_1e8vcs8._.js:776
[  462036ms] [LOG] [Fast Refresh] done in 22ms @ http://localhost:3000/_next/static/chunks/node_modules_next_dist_1e8vcs8._.js:776
[  462099ms] [LOG] [Fast Refresh] done in 22ms @ http://localhost:3000/_next/static/chunks/node_modules_next_dist_1e8vcs8._.js:776
[  462162ms] [LOG] [Fast Refresh] done in 22ms @ http://localhost:3000/_next/static/chunks/node_modules_next_dist_1e8vcs8._.js:776
[  462227ms] [LOG] [Fast Refresh] done in 22ms @ http://localhost:3000/_next/static/chunks/node_modules_next_dist_1e8vcs8._.js:776
[  462290ms] [LOG] [Fast Refresh] done in 22ms @ http://localhost:3000/_next/static/chunks/node_modules_next_dist_1e8vcs8._.js:776
[  462352ms] [LOG] [Fast Refresh] done in 22ms @ http://localhost:3000/_next/static/chunks/node_modules_next_dist_1e8vcs8._.js:776
[  462418ms] [LOG] [Fast Refresh] done in 22ms @ http://localhost:3000/_next/static/chunks/node_modules_next_dist_1e8vcs8._.js:776
[  462492ms] [LOG] [Fast Refresh] done in 22ms @ http://localhost:3000/_next/static/chunks/node_modules_next_dist_1e8vcs8._.js:776
[  462558ms] [LOG] [Fast Refresh] done in 22ms @ http://localhost:3000/_next/static/chunks/node_modules_next_dist_1e8vcs8._.js:776
[  462621ms] [LOG] [Fast Refresh] done in 22ms @ http://localhost:3000/_next/static/chunks/node_modules_next_dist_1e8vcs8._.js:776
[  462681ms] [LOG] [Fast Refresh] done in 22ms @ http://localhost:3000/_next/static/chunks/node_modules_next_dist_1e8vcs8._.js:776
[  462754ms] [LOG] [Fast Refresh] done in 22ms @ http://localhost:3000/_next/static/chunks/node_modules_next_dist_1e8vcs8._.js:776
[  463018ms] [LOG] [Fast Refresh] done in 22ms @ http://localhost:3000/_next/static/chunks/node_modules_next_dist_1e8vcs8._.js:776
[  463113ms] [LOG] [Fast Refresh] done in 22ms @ http://localhost:3000/_next/static/chunks/node_modules_next_dist_1e8vcs8._.js:776
[  463173ms] [LOG] [Fast Refresh] done in 22ms @ http://localhost:3000/_next/static/chunks/node_modules_next_dist_1e8vcs8._.js:776
[  463239ms] [LOG] [Fast Refresh] done in 22ms @ http://localhost:3000/_next/static/chunks/node_modules_next_dist_1e8vcs8._.js:776
[  463322ms] [LOG] [Fast Refresh] done in 22ms @ http://localhost:3000/_next/static/chunks/node_modules_next_dist_1e8vcs8._.js:776
[  463440ms] [LOG] [Fast Refresh] done in 22ms @ http://localhost:3000/_next/static/chunks/node_modules_next_dist_1e8vcs8._.js:776
[  463504ms] [LOG] [Fast Refresh] done in 22ms @ http://localhost:3000/_next/static/chunks/node_modules_next_dist_1e8vcs8._.js:776
[  463571ms] [LOG] [Fast Refresh] done in 22ms @ http://localhost:3000/_next/static/chunks/node_modules_next_dist_1e8vcs8._.js:776
[  463630ms] [LOG] [Fast Refresh] done in 22ms @ http://localhost:3000/_next/static/chunks/node_modules_next_dist_1e8vcs8._.js:776
[  463694ms] [LOG] [Fast Refresh] done in 22ms @ http://localhost:3000/_next/static/chunks/node_modules_next_dist_1e8vcs8._.js:776
[  463814ms] [LOG] [Fast Refresh] done in 22ms @ http://localhost:3000/_next/static/chunks/node_modules_next_dist_1e8vcs8._.js:776
[  463900ms] [LOG] [Fast Refresh] done in 22ms @ http://localhost:3000/_next/static/chunks/node_modules_next_dist_1e8vcs8._.js:776
[  463966ms] [LOG] [Fast Refresh] done in 22ms @ http://localhost:3000/_next/static/chunks/node_modules_next_dist_1e8vcs8._.js:776
[  464027ms] [LOG] [Fast Refresh] done in 22ms @ http://localhost:3000/_next/static/chunks/node_modules_next_dist_1e8vcs8._.js:776
[  464096ms] [LOG] [Fast Refresh] done in 22ms @ http://localhost:3000/_next/static/chunks/node_modules_next_dist_1e8vcs8._.js:776
[  464173ms] [LOG] [Fast Refresh] done in 22ms @ http://localhost:3000/_next/static/chunks/node_modules_next_dist_1e8vcs8._.js:776
[  464234ms] [LOG] [Fast Refresh] done in 22ms @ http://localhost:3000/_next/static/chunks/node_modules_next_dist_1e8vcs8._.js:776
[  464299ms] [LOG] [Fast Refresh] done in 22ms @ http://localhost:3000/_next/static/chunks/node_modules_next_dist_1e8vcs8._.js:776
[  464346ms] [LOG] [Fast Refresh] done in 22ms @ http://localhost:3000/_next/static/chunks/node_modules_next_dist_1e8vcs8._.js:776
[  464408ms] [LOG] [Fast Refresh] done in 22ms @ http://localhost:3000/_next/static/chunks/node_modules_next_dist_1e8vcs8._.js:776
[  464474ms] [LOG] [Fast Refresh] done in 22ms @ http://localhost:3000/_next/static/chunks/node_modules_next_dist_1e8vcs8._.js:776
[  464534ms] [LOG] [Fast Refresh] done in 22ms @ http://localhost:3000/_next/static/chunks/node_modules_next_dist_1e8vcs8._.js:776
[  464596ms] [LOG] [Fast Refresh] done in 22ms @ http://localhost:3000/_next/static/chunks/node_modules_next_dist_1e8vcs8._.js:776
[  464659ms] [LOG] [Fast Refresh] done in 22ms @ http://localhost:3000/_next/static/chunks/node_modules_next_dist_1e8vcs8._.js:776
[  464723ms] [LOG] [Fast Refresh] done in 22ms @ http://localhost:3000/_next/static/chunks/node_modules_next_dist_1e8vcs8._.js:776
[  464789ms] [LOG] [Fast Refresh] done in 22ms @ http://localhost:3000/_next/static/chunks/node_modules_next_dist_1e8vcs8._.js:776
[  464945ms] [LOG] [Fast Refresh] done in 22ms @ http://localhost:3000/_next/static/chunks/node_modules_next_dist_1e8vcs8._.js:776
[  465009ms] [LOG] [Fast Refresh] done in 22ms @ http://localhost:3000/_next/static/chunks/node_modules_next_dist_1e8vcs8._.js:776
[  465073ms] [LOG] [Fast Refresh] done in 22ms @ http://localhost:3000/_next/static/chunks/node_modules_next_dist_1e8vcs8._.js:776
[  465136ms] [LOG] [Fast Refresh] done in 22ms @ http://localhost:3000/_next/static/chunks/node_modules_next_dist_1e8vcs8._.js:776
[  465201ms] [LOG] [Fast Refresh] done in 22ms @ http://localhost:3000/_next/static/chunks/node_modules_next_dist_1e8vcs8._.js:776
[  465264ms] [LOG] [Fast Refresh] done in 22ms @ http://localhost:3000/_next/static/chunks/node_modules_next_dist_1e8vcs8._.js:776
[  465327ms] [LOG] [Fast Refresh] done in 22ms @ http://localhost:3000/_next/static/chunks/node_modules_next_dist_1e8vcs8._.js:776
[  465387ms] [LOG] [Fast Refresh] done in 22ms @ http://localhost:3000/_next/static/chunks/node_modules_next_dist_1e8vcs8._.js:776
[  465490ms] [LOG] [Fast Refresh] done in 22ms @ http://localhost:3000/_next/static/chunks/node_modules_next_dist_1e8vcs8._.js:776
[  465560ms] [LOG] [Fast Refresh] done in 22ms @ http://localhost:3000/_next/static/chunks/node_modules_next_dist_1e8vcs8._.js:776
[  465624ms] [LOG] [Fast Refresh] done in 22ms @ http://localhost:3000/_next/static/chunks/node_modules_next_dist_1e8vcs8._.js:776
[  465688ms] [LOG] [Fast Refresh] done in 22ms @ http://localhost:3000/_next/static/chunks/node_modules_next_dist_1e8vcs8._.js:776
[  465753ms] [LOG] [Fast Refresh] done in 22ms @ http://localhost:3000/_next/static/chunks/node_modules_next_dist_1e8vcs8._.js:776
[  465814ms] [LOG] [Fast Refresh] done in 22ms @ http://localhost:3000/_next/static/chunks/node_modules_next_dist_1e8vcs8._.js:776
[  465878ms] [LOG] [Fast Refresh] done in 22ms @ http://localhost:3000/_next/static/chunks/node_modules_next_dist_1e8vcs8._.js:776
[  465963ms] [LOG] [Fast Refresh] done in 22ms @ http://localhost:3000/_next/static/chunks/node_modules_next_dist_1e8vcs8._.js:776
[  466034ms] [LOG] [Fast Refresh] done in 22ms @ http://localhost:3000/_next/static/chunks/node_modules_next_dist_1e8vcs8._.js:776
[  466100ms] [LOG] [Fast Refresh] done in 22ms @ http://localhost:3000/_next/static/chunks/node_modules_next_dist_1e8vcs8._.js:776
[  466165ms] [LOG] [Fast Refresh] done in 22ms @ http://localhost:3000/_next/static/chunks/node_modules_next_dist_1e8vcs8._.js:776
[  466232ms] [LOG] [Fast Refresh] done in 22ms @ http://localhost:3000/_next/static/chunks/node_modules_next_dist_1e8vcs8._.js:776
[  466293ms] [LOG] [Fast Refresh] done in 22ms @ http://localhost:3000/_next/static/chunks/node_modules_next_dist_1e8vcs8._.js:776
[  466355ms] [LOG] [Fast Refresh] done in 22ms @ http://localhost:3000/_next/static/chunks/node_modules_next_dist_1e8vcs8._.js:776
[  466417ms] [LOG] [Fast Refresh] done in 22ms @ http://localhost:3000/_next/static/chunks/node_modules_next_dist_1e8vcs8._.js:776
[  466482ms] [LOG] [Fast Refresh] done in 22ms @ http://localhost:3000/_next/static/chunks/node_modules_next_dist_1e8vcs8._.js:776
[  466545ms] [LOG] [Fast Refresh] done in 22ms @ http://localhost:3000/_next/static/chunks/node_modules_next_dist_1e8vcs8._.js:776
[  466609ms] [LOG] [Fast Refresh] done in 22ms @ http://localhost:3000/_next/static/chunks/node_modules_next_dist_1e8vcs8._.js:776
[  466672ms] [LOG] [Fast Refresh] done in 22ms @ http://localhost:3000/_next/static/chunks/node_modules_next_dist_1e8vcs8._.js:776
[  466737ms] [LOG] [Fast Refresh] done in 22ms @ http://localhost:3000/_next/static/chunks/node_modules_next_dist_1e8vcs8._.js:776
[  466801ms] [LOG] [Fast Refresh] done in 22ms @ http://localhost:3000/_next/static/chunks/node_modules_next_dist_1e8vcs8._.js:776
[  466865ms] [LOG] [Fast Refresh] done in 22ms @ http://localhost:3000/_next/static/chunks/node_modules_next_dist_1e8vcs8._.js:776
[  466929ms] [LOG] [Fast Refresh] done in 22ms @ http://localhost:3000/_next/static/chunks/node_modules_next_dist_1e8vcs8._.js:776
[  466992ms] [LOG] [Fast Refresh] done in 22ms @ http://localhost:3000/_next/static/chunks/node_modules_next_dist_1e8vcs8._.js:776
[  467056ms] [LOG] [Fast Refresh] done in 22ms @ http://localhost:3000/_next/static/chunks/node_modules_next_dist_1e8vcs8._.js:776
[  467120ms] [LOG] [Fast Refresh] done in 22ms @ http://localhost:3000/_next/static/chunks/node_modules_next_dist_1e8vcs8._.js:776
[  467167ms] [LOG] [Fast Refresh] done in 22ms @ http://localhost:3000/_next/static/chunks/node_modules_next_dist_1e8vcs8._.js:776
[  467231ms] [LOG] [Fast Refresh] done in 22ms @ http://localhost:3000/_next/static/chunks/node_modules_next_dist_1e8vcs8._.js:776
[  467295ms] [LOG] [Fast Refresh] done in 22ms @ http://localhost:3000/_next/static/chunks/node_modules_next_dist_1e8vcs8._.js:776
[  467357ms] [LOG] [Fast Refresh] done in 22ms @ http://localhost:3000/_next/static/chunks/node_modules_next_dist_1e8vcs8._.js:776
[  467422ms] [LOG] [Fast Refresh] done in 22ms @ http://localhost:3000/_next/static/chunks/node_modules_next_dist_1e8vcs8._.js:776
[  467485ms] [LOG] [Fast Refresh] done in 22ms @ http://localhost:3000/_next/static/chunks/node_modules_next_dist_1e8vcs8._.js:776
[  467549ms] [LOG] [Fast Refresh] done in 22ms @ http://localhost:3000/_next/static/chunks/node_modules_next_dist_1e8vcs8._.js:776
[  467613ms] [LOG] [Fast Refresh] done in 22ms @ http://localhost:3000/_next/static/chunks/node_modules_next_dist_1e8vcs8._.js:776
[  467676ms] [LOG] [Fast Refresh] done in 22ms @ http://localhost:3000/_next/static/chunks/node_modules_next_dist_1e8vcs8._.js:776
[  467740ms] [LOG] [Fast Refresh] done in 22ms @ http://localhost:3000/_next/static/chunks/node_modules_next_dist_1e8vcs8._.js:776
[  467803ms] [LOG] [Fast Refresh] done in 22ms @ http://localhost:3000/_next/static/chunks/node_modules_next_dist_1e8vcs8._.js:776
[  467866ms] [LOG] [Fast Refresh] done in 22ms @ http://localhost:3000/_next/static/chunks/node_modules_next_dist_1e8vcs8._.js:776
[  467929ms] [LOG] [Fast Refresh] done in 22ms @ http://localhost:3000/_next/static/chunks/node_modules_next_dist_1e8vcs8._.js:776
[  467997ms] [LOG] [Fast Refresh] done in 22ms @ http://localhost:3000/_next/static/chunks/node_modules_next_dist_1e8vcs8._.js:776
[  468057ms] [LOG] [Fast Refresh] done in 22ms @ http://localhost:3000/_next/static/chunks/node_modules_next_dist_1e8vcs8._.js:776
[  468120ms] [LOG] [Fast Refresh] done in 22ms @ http://localhost:3000/_next/static/chunks/node_modules_next_dist_1e8vcs8._.js:776
[  468183ms] [LOG] [Fast Refresh] done in 22ms @ http://localhost:3000/_next/static/chunks/node_modules_next_dist_1e8vcs8._.js:776
[  468247ms] [LOG] [Fast Refresh] done in 22ms @ http://localhost:3000/_next/static/chunks/node_modules_next_dist_1e8vcs8._.js:776
[  468308ms] [LOG] [Fast Refresh] done in 22ms @ http://localhost:3000/_next/static/chunks/node_modules_next_dist_1e8vcs8._.js:776
[  468371ms] [LOG] [Fast Refresh] done in 22ms @ http://localhost:3000/_next/static/chunks/node_modules_next_dist_1e8vcs8._.js:776
[  468435ms] [LOG] [Fast Refresh] done in 22ms @ http://localhost:3000/_next/static/chunks/node_modules_next_dist_1e8vcs8._.js:776
[  468500ms] [LOG] [Fast Refresh] done in 22ms @ http://localhost:3000/_next/static/chunks/node_modules_next_dist_1e8vcs8._.js:776
[  468562ms] [LOG] [Fast Refresh] done in 22ms @ http://localhost:3000/_next/static/chunks/node_modules_next_dist_1e8vcs8._.js:776
[  468611ms] [LOG] [Fast Refresh] done in 22ms @ http://localhost:3000/_next/static/chunks/node_modules_next_dist_1e8vcs8._.js:776
[  468673ms] [LOG] [Fast Refresh] done in 22ms @ http://localhost:3000/_next/static/chunks/node_modules_next_dist_1e8vcs8._.js:776
[  468736ms] [LOG] [Fast Refresh] done in 22ms @ http://localhost:3000/_next/static/chunks/node_modules_next_dist_1e8vcs8._.js:776
[  468797ms] [LOG] [Fast Refresh] done in 22ms @ http://localhost:3000/_next/static/chunks/node_modules_next_dist_1e8vcs8._.js:776
[  468862ms] [LOG] [Fast Refresh] done in 22ms @ http://localhost:3000/_next/static/chunks/node_modules_next_dist_1e8vcs8._.js:776
[  468932ms] [LOG] [Fast Refresh] done in 22ms @ http://localhost:3000/_next/static/chunks/node_modules_next_dist_1e8vcs8._.js:776
[  469000ms] [LOG] [Fast Refresh] done in 22ms @ http://localhost:3000/_next/static/chunks/node_modules_next_dist_1e8vcs8._.js:776
[  469063ms] [LOG] [Fast Refresh] done in 22ms @ http://localhost:3000/_next/static/chunks/node_modules_next_dist_1e8vcs8._.js:776
[  469127ms] [LOG] [Fast Refresh] done in 22ms @ http://localhost:3000/_next/static/chunks/node_modules_next_dist_1e8vcs8._.js:776
[  469191ms] [LOG] [Fast Refresh] done in 22ms @ http://localhost:3000/_next/static/chunks/node_modules_next_dist_1e8vcs8._.js:776
[  469256ms] [LOG] [Fast Refresh] done in 22ms @ http://localhost:3000/_next/static/chunks/node_modules_next_dist_1e8vcs8._.js:776
[  469320ms] [LOG] [Fast Refresh] done in 22ms @ http://localhost:3000/_next/static/chunks/node_modules_next_dist_1e8vcs8._.js:776
[  469382ms] [LOG] [Fast Refresh] done in 22ms @ http://localhost:3000/_next/static/chunks/node_modules_next_dist_1e8vcs8._.js:776
[  469446ms] [LOG] [Fast Refresh] done in 22ms @ http://localhost:3000/_next/static/chunks/node_modules_next_dist_1e8vcs8._.js:776
[  469511ms] [LOG] [Fast Refresh] done in 22ms @ http://localhost:3000/_next/static/chunks/node_modules_next_dist_1e8vcs8._.js:776
[  469573ms] [LOG] [Fast Refresh] done in 22ms @ http://localhost:3000/_next/static/chunks/node_modules_next_dist_1e8vcs8._.js:776
[  469637ms] [LOG] [Fast Refresh] done in 22ms @ http://localhost:3000/_next/static/chunks/node_modules_next_dist_1e8vcs8._.js:776
[  469701ms] [LOG] [Fast Refresh] done in 22ms @ http://localhost:3000/_next/static/chunks/node_modules_next_dist_1e8vcs8._.js:776
[  469764ms] [LOG] [Fast Refresh] done in 22ms @ http://localhost:3000/_next/static/chunks/node_modules_next_dist_1e8vcs8._.js:776
[  469827ms] [LOG] [Fast Refresh] done in 22ms @ http://localhost:3000/_next/static/chunks/node_modules_next_dist_1e8vcs8._.js:776
[  469890ms] [LOG] [Fast Refresh] done in 22ms @ http://localhost:3000/_next/static/chunks/node_modules_next_dist_1e8vcs8._.js:776
[  469957ms] [LOG] [Fast Refresh] done in 22ms @ http://localhost:3000/_next/static/chunks/node_modules_next_dist_1e8vcs8._.js:776
[  470019ms] [LOG] [Fast Refresh] done in 22ms @ http://localhost:3000/_next/static/chunks/node_modules_next_dist_1e8vcs8._.js:776
[  470081ms] [LOG] [Fast Refresh] done in 22ms @ http://localhost:3000/_next/static/chunks/node_modules_next_dist_1e8vcs8._.js:776
[  470146ms] [LOG] [Fast Refresh] done in 22ms @ http://localhost:3000/_next/static/chunks/node_modules_next_dist_1e8vcs8._.js:776
[  470207ms] [LOG] [Fast Refresh] done in 22ms @ http://localhost:3000/_next/static/chunks/node_modules_next_dist_1e8vcs8._.js:776
[  470269ms] [LOG] [Fast Refresh] done in 22ms @ http://localhost:3000/_next/static/chunks/node_modules_next_dist_1e8vcs8._.js:776
[  470335ms] [LOG] [Fast Refresh] done in 22ms @ http://localhost:3000/_next/static/chunks/node_modules_next_dist_1e8vcs8._.js:776
[  470414ms] [LOG] [Fast Refresh] done in 22ms @ http://localhost:3000/_next/static/chunks/node_modules_next_dist_1e8vcs8._.js:776
[  470478ms] [LOG] [Fast Refresh] done in 22ms @ http://localhost:3000/_next/static/chunks/node_modules_next_dist_1e8vcs8._.js:776
[  470542ms] [LOG] [Fast Refresh] done in 22ms @ http://localhost:3000/_next/static/chunks/node_modules_next_dist_1e8vcs8._.js:776
[  470604ms] [LOG] [Fast Refresh] done in 22ms @ http://localhost:3000/_next/static/chunks/node_modules_next_dist_1e8vcs8._.js:776
[  470667ms] [LOG] [Fast Refresh] done in 22ms @ http://localhost:3000/_next/static/chunks/node_modules_next_dist_1e8vcs8._.js:776
[  470731ms] [LOG] [Fast Refresh] done in 22ms @ http://localhost:3000/_next/static/chunks/node_modules_next_dist_1e8vcs8._.js:776
[  470793ms] [LOG] [Fast Refresh] done in 22ms @ http://localhost:3000/_next/static/chunks/node_modules_next_dist_1e8vcs8._.js:776
[  470857ms] [LOG] [Fast Refresh] done in 22ms @ http://localhost:3000/_next/static/chunks/node_modules_next_dist_1e8vcs8._.js:776
[  470920ms] [LOG] [Fast Refresh] done in 22ms @ http://localhost:3000/_next/static/chunks/node_modules_next_dist_1e8vcs8._.js:776
[  470984ms] [LOG] [Fast Refresh] done in 22ms @ http://localhost:3000/_next/static/chunks/node_modules_next_dist_1e8vcs8._.js:776
[  471048ms] [LOG] [Fast Refresh] done in 22ms @ http://localhost:3000/_next/static/chunks/node_modules_next_dist_1e8vcs8._.js:776
[  471111ms] [LOG] [Fast Refresh] done in 22ms @ http://localhost:3000/_next/static/chunks/node_modules_next_dist_1e8vcs8._.js:776
[  471175ms] [LOG] [Fast Refresh] done in 22ms @ http://localhost:3000/_next/static/chunks/node_modules_next_dist_1e8vcs8._.js:776
[  471239ms] [LOG] [Fast Refresh] done in 22ms @ http://localhost:3000/_next/static/chunks/node_modules_next_dist_1e8vcs8._.js:776
[  471302ms] [LOG] [Fast Refresh] done in 22ms @ http://localhost:3000/_next/static/chunks/node_modules_next_dist_1e8vcs8._.js:776
[  471366ms] [LOG] [Fast Refresh] done in 22ms @ http://localhost:3000/_next/static/chunks/node_modules_next_dist_1e8vcs8._.js:776
[  471428ms] [LOG] [Fast Refresh] done in 22ms @ http://localhost:3000/_next/static/chunks/node_modules_next_dist_1e8vcs8._.js:776
[  471492ms] [LOG] [Fast Refresh] done in 22ms @ http://localhost:3000/_next/static/chunks/node_modules_next_dist_1e8vcs8._.js:776
[  471555ms] [LOG] [Fast Refresh] done in 22ms @ http://localhost:3000/_next/static/chunks/node_modules_next_dist_1e8vcs8._.js:776
[  471618ms] [LOG] [Fast Refresh] done in 22ms @ http://localhost:3000/_next/static/chunks/node_modules_next_dist_1e8vcs8._.js:776
