[    1257ms] [INFO] %cDownload the React DevTools for a better development experience: https://react.dev/link/react-devtools font-weight:bold @ http://localhost:3000/_next/static/chunks/node_modules_next_dist_1e8vcs8._.js:776
[    1673ms] [LOG] [HMR] connected @ http://localhost:3000/_next/static/chunks/node_modules_next_dist_1e8vcs8._.js:776
[   17619ms] [LOG] [Fast Refresh] rebuilding @ http://localhost:3000/_next/static/chunks/node_modules_next_dist_1e8vcs8._.js:776
[   17621ms] [LOG] [Fast Refresh] done in 110ms @ http://localhost:3000/_next/static/chunks/node_modules_next_dist_1e8vcs8._.js:776
[   18172ms] [LOG] [Fast Refresh] rebuilding @ http://localhost:3000/_next/static/chunks/node_modules_next_dist_1e8vcs8._.js:776
[   18458ms] [LOG] [Fast Refresh] done in 255ms @ http://localhost:3000/_next/static/chunks/node_modules_next_dist_1e8vcs8._.js:776
[   18525ms] [LOG] [Fast Refresh] done in 255ms @ http://localhost:3000/_next/static/chunks/node_modules_next_dist_1e8vcs8._.js:776
[   18600ms] [LOG] [Fast Refresh] done in 255ms @ http://localhost:3000/_next/static/chunks/node_modules_next_dist_1e8vcs8._.js:776
[   18608ms] [LOG] [Fast Refresh] done in 255ms @ http://localhost:3000/_next/static/chunks/node_modules_next_dist_1e8vcs8._.js:776
[   18684ms] [LOG] [Fast Refresh] done in 255ms @ http://localhost:3000/_next/static/chunks/node_modules_next_dist_1e8vcs8._.js:776
[   18694ms] [LOG] [Fast Refresh] done in 255ms @ http://localhost:3000/_next/static/chunks/node_modules_next_dist_1e8vcs8._.js:776
[   18762ms] [LOG] [Fast Refresh] done in 255ms @ http://localhost:3000/_next/static/chunks/node_modules_next_dist_1e8vcs8._.js:776
[   18831ms] [LOG] [Fast Refresh] done in 255ms @ http://localhost:3000/_next/static/chunks/node_modules_next_dist_1e8vcs8._.js:776
[   18897ms] [LOG] [Fast Refresh] done in 255ms @ http://localhost:3000/_next/static/chunks/node_modules_next_dist_1e8vcs8._.js:776
[   18998ms] [LOG] [Fast Refresh] done in 255ms @ http://localhost:3000/_next/static/chunks/node_modules_next_dist_1e8vcs8._.js:776
[   19069ms] [LOG] [Fast Refresh] done in 255ms @ http://localhost:3000/_next/static/chunks/node_modules_next_dist_1e8vcs8._.js:776
[   19132ms] [LOG] [Fast Refresh] done in 255ms @ http://localhost:3000/_next/static/chunks/node_modules_next_dist_1e8vcs8._.js:776
[   19194ms] [LOG] [Fast Refresh] done in 255ms @ http://localhost:3000/_next/static/chunks/node_modules_next_dist_1e8vcs8._.js:776
[   19254ms] [LOG] [Fast Refresh] done in 255ms @ http://localhost:3000/_next/static/chunks/node_modules_next_dist_1e8vcs8._.js:776
[   19336ms] [LOG] [Fast Refresh] done in 255ms @ http://localhost:3000/_next/static/chunks/node_modules_next_dist_1e8vcs8._.js:776
[   19398ms] [LOG] [Fast Refresh] done in 255ms @ http://localhost:3000/_next/static/chunks/node_modules_next_dist_1e8vcs8._.js:776
[   19462ms] [LOG] [Fast Refresh] done in 255ms @ http://localhost:3000/_next/static/chunks/node_modules_next_dist_1e8vcs8._.js:776
[   19717ms] [LOG] [Fast Refresh] done in 255ms @ http://localhost:3000/_next/static/chunks/node_modules_next_dist_1e8vcs8._.js:776
[   20080ms] [LOG] [Fast Refresh] done in 255ms @ http://localhost:3000/_next/static/chunks/node_modules_next_dist_1e8vcs8._.js:776
[   20143ms] [LOG] [Fast Refresh] done in 255ms @ http://localhost:3000/_next/static/chunks/node_modules_next_dist_1e8vcs8._.js:776
[   20230ms] [LOG] [Fast Refresh] done in 255ms @ http://localhost:3000/_next/static/chunks/node_modules_next_dist_1e8vcs8._.js:776
[   20298ms] [LOG] [Fast Refresh] done in 255ms @ http://localhost:3000/_next/static/chunks/node_modules_next_dist_1e8vcs8._.js:776
[   20363ms] [LOG] [Fast Refresh] done in 255ms @ http://localhost:3000/_next/static/chunks/node_modules_next_dist_1e8vcs8._.js:776
[   20425ms] [LOG] [Fast Refresh] done in 255ms @ http://localhost:3000/_next/static/chunks/node_modules_next_dist_1e8vcs8._.js:776
[   20486ms] [LOG] [Fast Refresh] done in 255ms @ http://localhost:3000/_next/static/chunks/node_modules_next_dist_1e8vcs8._.js:776
[   20550ms] [LOG] [Fast Refresh] done in 255ms @ http://localhost:3000/_next/static/chunks/node_modules_next_dist_1e8vcs8._.js:776
[   20615ms] [LOG] [Fast Refresh] done in 255ms @ http://localhost:3000/_next/static/chunks/node_modules_next_dist_1e8vcs8._.js:776
[   20677ms] [LOG] [Fast Refresh] done in 255ms @ http://localhost:3000/_next/static/chunks/node_modules_next_dist_1e8vcs8._.js:776
[   20741ms] [LOG] [Fast Refresh] done in 255ms @ http://localhost:3000/_next/static/chunks/node_modules_next_dist_1e8vcs8._.js:776
[   20804ms] [LOG] [Fast Refresh] done in 255ms @ http://localhost:3000/_next/static/chunks/node_modules_next_dist_1e8vcs8._.js:776
[   20890ms] [LOG] [Fast Refresh] done in 255ms @ http://localhost:3000/_next/static/chunks/node_modules_next_dist_1e8vcs8._.js:776
[   21024ms] [LOG] [Fast Refresh] done in 255ms @ http://localhost:3000/_next/static/chunks/node_modules_next_dist_1e8vcs8._.js:776
[   21154ms] [LOG] [Fast Refresh] done in 255ms @ http://localhost:3000/_next/static/chunks/node_modules_next_dist_1e8vcs8._.js:776
[   21282ms] [LOG] [Fast Refresh] done in 255ms @ http://localhost:3000/_next/static/chunks/node_modules_next_dist_1e8vcs8._.js:776
[   21345ms] [LOG] [Fast Refresh] done in 255ms @ http://localhost:3000/_next/static/chunks/node_modules_next_dist_1e8vcs8._.js:776
[   21407ms] [LOG] [Fast Refresh] done in 255ms @ http://localhost:3000/_next/static/chunks/node_modules_next_dist_1e8vcs8._.js:776
[   21472ms] [LOG] [Fast Refresh] done in 255ms @ http://localhost:3000/_next/static/chunks/node_modules_next_dist_1e8vcs8._.js:776
[   21531ms] [LOG] [Fast Refresh] done in 255ms @ http://localhost:3000/_next/static/chunks/node_modules_next_dist_1e8vcs8._.js:776
[   21596ms] [LOG] [Fast Refresh] done in 255ms @ http://localhost:3000/_next/static/chunks/node_modules_next_dist_1e8vcs8._.js:776
[   21695ms] [LOG] [Fast Refresh] done in 255ms @ http://localhost:3000/_next/static/chunks/node_modules_next_dist_1e8vcs8._.js:776
[   21760ms] [LOG] [Fast Refresh] done in 255ms @ http://localhost:3000/_next/static/chunks/node_modules_next_dist_1e8vcs8._.js:776
[   21816ms] [LOG] [Fast Refresh] done in 255ms @ http://localhost:3000/_next/static/chunks/node_modules_next_dist_1e8vcs8._.js:776
[   21877ms] [LOG] [Fast Refresh] done in 255ms @ http://localhost:3000/_next/static/chunks/node_modules_next_dist_1e8vcs8._.js:776
[   21940ms] [LOG] [Fast Refresh] done in 255ms @ http://localhost:3000/_next/static/chunks/node_modules_next_dist_1e8vcs8._.js:776
[   22004ms] [LOG] [Fast Refresh] done in 255ms @ http://localhost:3000/_next/static/chunks/node_modules_next_dist_1e8vcs8._.js:776
[   22067ms] [LOG] [Fast Refresh] done in 255ms @ http://localhost:3000/_next/static/chunks/node_modules_next_dist_1e8vcs8._.js:776
[   22130ms] [LOG] [Fast Refresh] done in 255ms @ http://localhost:3000/_next/static/chunks/node_modules_next_dist_1e8vcs8._.js:776
[   22192ms] [LOG] [Fast Refresh] done in 255ms @ http://localhost:3000/_next/static/chunks/node_modules_next_dist_1e8vcs8._.js:776
[   22257ms] [LOG] [Fast Refresh] done in 255ms @ http://localhost:3000/_next/static/chunks/node_modules_next_dist_1e8vcs8._.js:776
[   22317ms] [LOG] [Fast Refresh] done in 255ms @ http://localhost:3000/_next/static/chunks/node_modules_next_dist_1e8vcs8._.js:776
[   22380ms] [LOG] [Fast Refresh] done in 255ms @ http://localhost:3000/_next/static/chunks/node_modules_next_dist_1e8vcs8._.js:776
[   22446ms] [LOG] [Fast Refresh] done in 255ms @ http://localhost:3000/_next/static/chunks/node_modules_next_dist_1e8vcs8._.js:776
[   22505ms] [LOG] [Fast Refresh] done in 255ms @ http://localhost:3000/_next/static/chunks/node_modules_next_dist_1e8vcs8._.js:776
[   22567ms] [LOG] [Fast Refresh] done in 255ms @ http://localhost:3000/_next/static/chunks/node_modules_next_dist_1e8vcs8._.js:776
[   22631ms] [LOG] [Fast Refresh] done in 255ms @ http://localhost:3000/_next/static/chunks/node_modules_next_dist_1e8vcs8._.js:776
[   22694ms] [LOG] [Fast Refresh] done in 255ms @ http://localhost:3000/_next/static/chunks/node_modules_next_dist_1e8vcs8._.js:776
[   22756ms] [LOG] [Fast Refresh] done in 255ms @ http://localhost:3000/_next/static/chunks/node_modules_next_dist_1e8vcs8._.js:776
[   22817ms] [LOG] [Fast Refresh] done in 255ms @ http://localhost:3000/_next/static/chunks/node_modules_next_dist_1e8vcs8._.js:776
[   22881ms] [LOG] [Fast Refresh] done in 255ms @ http://localhost:3000/_next/static/chunks/node_modules_next_dist_1e8vcs8._.js:776
[   22946ms] [LOG] [Fast Refresh] done in 255ms @ http://localhost:3000/_next/static/chunks/node_modules_next_dist_1e8vcs8._.js:776
[   23008ms] [LOG] [Fast Refresh] done in 255ms @ http://localhost:3000/_next/static/chunks/node_modules_next_dist_1e8vcs8._.js:776
[   23071ms] [LOG] [Fast Refresh] done in 255ms @ http://localhost:3000/_next/static/chunks/node_modules_next_dist_1e8vcs8._.js:776
[   23134ms] [LOG] [Fast Refresh] done in 255ms @ http://localhost:3000/_next/static/chunks/node_modules_next_dist_1e8vcs8._.js:776
[   23199ms] [LOG] [Fast Refresh] done in 255ms @ http://localhost:3000/_next/static/chunks/node_modules_next_dist_1e8vcs8._.js:776
[   23261ms] [LOG] [Fast Refresh] done in 255ms @ http://localhost:3000/_next/static/chunks/node_modules_next_dist_1e8vcs8._.js:776
[   23323ms] [LOG] [Fast Refresh] done in 255ms @ http://localhost:3000/_next/static/chunks/node_modules_next_dist_1e8vcs8._.js:776
[   23387ms] [LOG] [Fast Refresh] done in 255ms @ http://localhost:3000/_next/static/chunks/node_modules_next_dist_1e8vcs8._.js:776
[   23449ms] [LOG] [Fast Refresh] done in 255ms @ http://localhost:3000/_next/static/chunks/node_modules_next_dist_1e8vcs8._.js:776
[   23513ms] [LOG] [Fast Refresh] done in 255ms @ http://localhost:3000/_next/static/chunks/node_modules_next_dist_1e8vcs8._.js:776
[   23574ms] [LOG] [Fast Refresh] done in 255ms @ http://localhost:3000/_next/static/chunks/node_modules_next_dist_1e8vcs8._.js:776
[   23637ms] [LOG] [Fast Refresh] done in 255ms @ http://localhost:3000/_next/static/chunks/node_modules_next_dist_1e8vcs8._.js:776
[   23701ms] [LOG] [Fast Refresh] done in 255ms @ http://localhost:3000/_next/static/chunks/node_modules_next_dist_1e8vcs8._.js:776
[   23765ms] [LOG] [Fast Refresh] done in 255ms @ http://localhost:3000/_next/static/chunks/node_modules_next_dist_1e8vcs8._.js:776
[   23829ms] [LOG] [Fast Refresh] done in 255ms @ http://localhost:3000/_next/static/chunks/node_modules_next_dist_1e8vcs8._.js:776
[   23889ms] [LOG] [Fast Refresh] done in 255ms @ http://localhost:3000/_next/static/chunks/node_modules_next_dist_1e8vcs8._.js:776
[   23954ms] [LOG] [Fast Refresh] done in 255ms @ http://localhost:3000/_next/static/chunks/node_modules_next_dist_1e8vcs8._.js:776
[   24017ms] [LOG] [Fast Refresh] done in 255ms @ http://localhost:3000/_next/static/chunks/node_modules_next_dist_1e8vcs8._.js:776
[   24080ms] [LOG] [Fast Refresh] done in 255ms @ http://localhost:3000/_next/static/chunks/node_modules_next_dist_1e8vcs8._.js:776
[   24146ms] [LOG] [Fast Refresh] done in 255ms @ http://localhost:3000/_next/static/chunks/node_modules_next_dist_1e8vcs8._.js:776
[   24205ms] [LOG] [Fast Refresh] done in 255ms @ http://localhost:3000/_next/static/chunks/node_modules_next_dist_1e8vcs8._.js:776
[   24270ms] [LOG] [Fast Refresh] done in 255ms @ http://localhost:3000/_next/static/chunks/node_modules_next_dist_1e8vcs8._.js:776
[   24342ms] [LOG] [Fast Refresh] done in 255ms @ http://localhost:3000/_next/static/chunks/node_modules_next_dist_1e8vcs8._.js:776
[   24429ms] [LOG] [Fast Refresh] done in 255ms @ http://localhost:3000/_next/static/chunks/node_modules_next_dist_1e8vcs8._.js:776
[   24493ms] [LOG] [Fast Refresh] done in 255ms @ http://localhost:3000/_next/static/chunks/node_modules_next_dist_1e8vcs8._.js:776
[   24556ms] [LOG] [Fast Refresh] done in 255ms @ http://localhost:3000/_next/static/chunks/node_modules_next_dist_1e8vcs8._.js:776
[   24620ms] [LOG] [Fast Refresh] done in 255ms @ http://localhost:3000/_next/static/chunks/node_modules_next_dist_1e8vcs8._.js:776
[   24683ms] [LOG] [Fast Refresh] done in 255ms @ http://localhost:3000/_next/static/chunks/node_modules_next_dist_1e8vcs8._.js:776
[   24744ms] [LOG] [Fast Refresh] done in 255ms @ http://localhost:3000/_next/static/chunks/node_modules_next_dist_1e8vcs8._.js:776
[   24810ms] [LOG] [Fast Refresh] done in 255ms @ http://localhost:3000/_next/static/chunks/node_modules_next_dist_1e8vcs8._.js:776
[   24873ms] [LOG] [Fast Refresh] done in 255ms @ http://localhost:3000/_next/static/chunks/node_modules_next_dist_1e8vcs8._.js:776
[   24934ms] [LOG] [Fast Refresh] done in 255ms @ http://localhost:3000/_next/static/chunks/node_modules_next_dist_1e8vcs8._.js:776
[   24997ms] [LOG] [Fast Refresh] done in 255ms @ http://localhost:3000/_next/static/chunks/node_modules_next_dist_1e8vcs8._.js:776
[   25060ms] [LOG] [Fast Refresh] done in 255ms @ http://localhost:3000/_next/static/chunks/node_modules_next_dist_1e8vcs8._.js:776
[   25122ms] [LOG] [Fast Refresh] done in 255ms @ http://localhost:3000/_next/static/chunks/node_modules_next_dist_1e8vcs8._.js:776
[   25185ms] [LOG] [Fast Refresh] done in 255ms @ http://localhost:3000/_next/static/chunks/node_modules_next_dist_1e8vcs8._.js:776
[   25249ms] [LOG] [Fast Refresh] done in 255ms @ http://localhost:3000/_next/static/chunks/node_modules_next_dist_1e8vcs8._.js:776
[   25312ms] [LOG] [Fast Refresh] done in 255ms @ http://localhost:3000/_next/static/chunks/node_modules_next_dist_1e8vcs8._.js:776
[   25376ms] [LOG] [Fast Refresh] done in 255ms @ http://localhost:3000/_next/static/chunks/node_modules_next_dist_1e8vcs8._.js:776
[   25439ms] [LOG] [Fast Refresh] done in 255ms @ http://localhost:3000/_next/static/chunks/node_modules_next_dist_1e8vcs8._.js:776
[   25503ms] [LOG] [Fast Refresh] done in 255ms @ http://localhost:3000/_next/static/chunks/node_modules_next_dist_1e8vcs8._.js:776
[   25565ms] [LOG] [Fast Refresh] done in 255ms @ http://localhost:3000/_next/static/chunks/node_modules_next_dist_1e8vcs8._.js:776
[   25632ms] [LOG] [Fast Refresh] done in 255ms @ http://localhost:3000/_next/static/chunks/node_modules_next_dist_1e8vcs8._.js:776
[   25693ms] [LOG] [Fast Refresh] done in 255ms @ http://localhost:3000/_next/static/chunks/node_modules_next_dist_1e8vcs8._.js:776
[   25758ms] [LOG] [Fast Refresh] done in 255ms @ http://localhost:3000/_next/static/chunks/node_modules_next_dist_1e8vcs8._.js:776
[   25821ms] [LOG] [Fast Refresh] done in 255ms @ http://localhost:3000/_next/static/chunks/node_modules_next_dist_1e8vcs8._.js:776
[   25895ms] [LOG] [Fast Refresh] done in 255ms @ http://localhost:3000/_next/static/chunks/node_modules_next_dist_1e8vcs8._.js:776
[   25962ms] [LOG] [Fast Refresh] done in 255ms @ http://localhost:3000/_next/static/chunks/node_modules_next_dist_1e8vcs8._.js:776
[   26025ms] [LOG] [Fast Refresh] done in 255ms @ http://localhost:3000/_next/static/chunks/node_modules_next_dist_1e8vcs8._.js:776
[   26089ms] [LOG] [Fast Refresh] done in 255ms @ http://localhost:3000/_next/static/chunks/node_modules_next_dist_1e8vcs8._.js:776
[   26153ms] [LOG] [Fast Refresh] done in 255ms @ http://localhost:3000/_next/static/chunks/node_modules_next_dist_1e8vcs8._.js:776
[   26218ms] [LOG] [Fast Refresh] done in 255ms @ http://localhost:3000/_next/static/chunks/node_modules_next_dist_1e8vcs8._.js:776
[   26284ms] [LOG] [Fast Refresh] done in 255ms @ http://localhost:3000/_next/static/chunks/node_modules_next_dist_1e8vcs8._.js:776
[   26342ms] [LOG] [Fast Refresh] done in 255ms @ http://localhost:3000/_next/static/chunks/node_modules_next_dist_1e8vcs8._.js:776
[   26425ms] [LOG] [Fast Refresh] done in 255ms @ http://localhost:3000/_next/static/chunks/node_modules_next_dist_1e8vcs8._.js:776
[   26502ms] [LOG] [Fast Refresh] done in 255ms @ http://localhost:3000/_next/static/chunks/node_modules_next_dist_1e8vcs8._.js:776
[   26573ms] [LOG] [Fast Refresh] done in 255ms @ http://localhost:3000/_next/static/chunks/node_modules_next_dist_1e8vcs8._.js:776
[   26642ms] [LOG] [Fast Refresh] done in 255ms @ http://localhost:3000/_next/static/chunks/node_modules_next_dist_1e8vcs8._.js:776
[   26706ms] [LOG] [Fast Refresh] done in 255ms @ http://localhost:3000/_next/static/chunks/node_modules_next_dist_1e8vcs8._.js:776
[   26774ms] [LOG] [Fast Refresh] done in 255ms @ http://localhost:3000/_next/static/chunks/node_modules_next_dist_1e8vcs8._.js:776
[   26832ms] [LOG] [Fast Refresh] done in 255ms @ http://localhost:3000/_next/static/chunks/node_modules_next_dist_1e8vcs8._.js:776
[   26897ms] [LOG] [Fast Refresh] done in 255ms @ http://localhost:3000/_next/static/chunks/node_modules_next_dist_1e8vcs8._.js:776
[   26961ms] [LOG] [Fast Refresh] done in 255ms @ http://localhost:3000/_next/static/chunks/node_modules_next_dist_1e8vcs8._.js:776
[   27023ms] [LOG] [Fast Refresh] done in 255ms @ http://localhost:3000/_next/static/chunks/node_modules_next_dist_1e8vcs8._.js:776
[   27086ms] [LOG] [Fast Refresh] done in 255ms @ http://localhost:3000/_next/static/chunks/node_modules_next_dist_1e8vcs8._.js:776
[   27146ms] [LOG] [Fast Refresh] done in 255ms @ http://localhost:3000/_next/static/chunks/node_modules_next_dist_1e8vcs8._.js:776
[   27210ms] [LOG] [Fast Refresh] done in 255ms @ http://localhost:3000/_next/static/chunks/node_modules_next_dist_1e8vcs8._.js:776
[   27285ms] [LOG] [Fast Refresh] done in 255ms @ http://localhost:3000/_next/static/chunks/node_modules_next_dist_1e8vcs8._.js:776
[   27358ms] [LOG] [Fast Refresh] done in 255ms @ http://localhost:3000/_next/static/chunks/node_modules_next_dist_1e8vcs8._.js:776
[   27433ms] [LOG] [Fast Refresh] done in 255ms @ http://localhost:3000/_next/static/chunks/node_modules_next_dist_1e8vcs8._.js:776
[   27496ms] [LOG] [Fast Refresh] done in 255ms @ http://localhost:3000/_next/static/chunks/node_modules_next_dist_1e8vcs8._.js:776
[   27560ms] [LOG] [Fast Refresh] done in 255ms @ http://localhost:3000/_next/static/chunks/node_modules_next_dist_1e8vcs8._.js:776
[   27623ms] [LOG] [Fast Refresh] done in 255ms @ http://localhost:3000/_next/static/chunks/node_modules_next_dist_1e8vcs8._.js:776
[   27686ms] [LOG] [Fast Refresh] done in 255ms @ http://localhost:3000/_next/static/chunks/node_modules_next_dist_1e8vcs8._.js:776
[   27749ms] [LOG] [Fast Refresh] done in 255ms @ http://localhost:3000/_next/static/chunks/node_modules_next_dist_1e8vcs8._.js:776
[   27814ms] [LOG] [Fast Refresh] done in 255ms @ http://localhost:3000/_next/static/chunks/node_modules_next_dist_1e8vcs8._.js:776
[   27880ms] [LOG] [Fast Refresh] done in 255ms @ http://localhost:3000/_next/static/chunks/node_modules_next_dist_1e8vcs8._.js:776
[   28030ms] [LOG] [Fast Refresh] done in 255ms @ http://localhost:3000/_next/static/chunks/node_modules_next_dist_1e8vcs8._.js:776
[   28100ms] [LOG] [Fast Refresh] done in 255ms @ http://localhost:3000/_next/static/chunks/node_modules_next_dist_1e8vcs8._.js:776
[   28163ms] [LOG] [Fast Refresh] done in 255ms @ http://localhost:3000/_next/static/chunks/node_modules_next_dist_1e8vcs8._.js:776
[   28221ms] [LOG] [Fast Refresh] done in 255ms @ http://localhost:3000/_next/static/chunks/node_modules_next_dist_1e8vcs8._.js:776
[   28283ms] [LOG] [Fast Refresh] done in 255ms @ http://localhost:3000/_next/static/chunks/node_modules_next_dist_1e8vcs8._.js:776
[   28346ms] [LOG] [Fast Refresh] done in 255ms @ http://localhost:3000/_next/static/chunks/node_modules_next_dist_1e8vcs8._.js:776
[   28412ms] [LOG] [Fast Refresh] done in 255ms @ http://localhost:3000/_next/static/chunks/node_modules_next_dist_1e8vcs8._.js:776
[   28473ms] [LOG] [Fast Refresh] done in 255ms @ http://localhost:3000/_next/static/chunks/node_modules_next_dist_1e8vcs8._.js:776
[   28538ms] [LOG] [Fast Refresh] done in 255ms @ http://localhost:3000/_next/static/chunks/node_modules_next_dist_1e8vcs8._.js:776
[   28599ms] [LOG] [Fast Refresh] done in 255ms @ http://localhost:3000/_next/static/chunks/node_modules_next_dist_1e8vcs8._.js:776
[   28663ms] [LOG] [Fast Refresh] done in 255ms @ http://localhost:3000/_next/static/chunks/node_modules_next_dist_1e8vcs8._.js:776
[   28725ms] [LOG] [Fast Refresh] done in 255ms @ http://localhost:3000/_next/static/chunks/node_modules_next_dist_1e8vcs8._.js:776
[   28790ms] [LOG] [Fast Refresh] done in 255ms @ http://localhost:3000/_next/static/chunks/node_modules_next_dist_1e8vcs8._.js:776
[   28853ms] [LOG] [Fast Refresh] done in 255ms @ http://localhost:3000/_next/static/chunks/node_modules_next_dist_1e8vcs8._.js:776
[   29867ms] [LOG] [Fast Refresh] done in 255ms @ http://localhost:3000/_next/static/chunks/node_modules_next_dist_1e8vcs8._.js:776
[   30107ms] [LOG] [Fast Refresh] done in 255ms @ http://localhost:3000/_next/static/chunks/node_modules_next_dist_1e8vcs8._.js:776
[   30178ms] [LOG] [Fast Refresh] done in 255ms @ http://localhost:3000/_next/static/chunks/node_modules_next_dist_1e8vcs8._.js:776
[   30241ms] [LOG] [Fast Refresh] done in 255ms @ http://localhost:3000/_next/static/chunks/node_modules_next_dist_1e8vcs8._.js:776
[   30302ms] [LOG] [Fast Refresh] done in 255ms @ http://localhost:3000/_next/static/chunks/node_modules_next_dist_1e8vcs8._.js:776
[   30366ms] [LOG] [Fast Refresh] done in 255ms @ http://localhost:3000/_next/static/chunks/node_modules_next_dist_1e8vcs8._.js:776
[   30428ms] [LOG] [Fast Refresh] done in 255ms @ http://localhost:3000/_next/static/chunks/node_modules_next_dist_1e8vcs8._.js:776
[   30492ms] [LOG] [Fast Refresh] done in 255ms @ http://localhost:3000/_next/static/chunks/node_modules_next_dist_1e8vcs8._.js:776
[   30566ms] [LOG] [Fast Refresh] done in 255ms @ http://localhost:3000/_next/static/chunks/node_modules_next_dist_1e8vcs8._.js:776
[   30636ms] [LOG] [Fast Refresh] done in 255ms @ http://localhost:3000/_next/static/chunks/node_modules_next_dist_1e8vcs8._.js:776
[   30698ms] [LOG] [Fast Refresh] done in 255ms @ http://localhost:3000/_next/static/chunks/node_modules_next_dist_1e8vcs8._.js:776
[   30774ms] [LOG] [Fast Refresh] done in 255ms @ http://localhost:3000/_next/static/chunks/node_modules_next_dist_1e8vcs8._.js:776
[   30837ms] [LOG] [Fast Refresh] done in 255ms @ http://localhost:3000/_next/static/chunks/node_modules_next_dist_1e8vcs8._.js:776
[   30902ms] [LOG] [Fast Refresh] done in 255ms @ http://localhost:3000/_next/static/chunks/node_modules_next_dist_1e8vcs8._.js:776
[   30970ms] [LOG] [Fast Refresh] done in 255ms @ http://localhost:3000/_next/static/chunks/node_modules_next_dist_1e8vcs8._.js:776
[   31036ms] [LOG] [Fast Refresh] done in 255ms @ http://localhost:3000/_next/static/chunks/node_modules_next_dist_1e8vcs8._.js:776
[   31113ms] [LOG] [Fast Refresh] done in 255ms @ http://localhost:3000/_next/static/chunks/node_modules_next_dist_1e8vcs8._.js:776
[   31178ms] [LOG] [Fast Refresh] done in 255ms @ http://localhost:3000/_next/static/chunks/node_modules_next_dist_1e8vcs8._.js:776
[   31236ms] [LOG] [Fast Refresh] done in 255ms @ http://localhost:3000/_next/static/chunks/node_modules_next_dist_1e8vcs8._.js:776
[   31302ms] [LOG] [Fast Refresh] done in 255ms @ http://localhost:3000/_next/static/chunks/node_modules_next_dist_1e8vcs8._.js:776
[   31361ms] [LOG] [Fast Refresh] done in 255ms @ http://localhost:3000/_next/static/chunks/node_modules_next_dist_1e8vcs8._.js:776
[   31427ms] [LOG] [Fast Refresh] done in 255ms @ http://localhost:3000/_next/static/chunks/node_modules_next_dist_1e8vcs8._.js:776
[   31489ms] [LOG] [Fast Refresh] done in 255ms @ http://localhost:3000/_next/static/chunks/node_modules_next_dist_1e8vcs8._.js:776
[   31584ms] [LOG] [Fast Refresh] done in 255ms @ http://localhost:3000/_next/static/chunks/node_modules_next_dist_1e8vcs8._.js:776
[   31667ms] [LOG] [Fast Refresh] done in 255ms @ http://localhost:3000/_next/static/chunks/node_modules_next_dist_1e8vcs8._.js:776
[   31725ms] [LOG] [Fast Refresh] done in 255ms @ http://localhost:3000/_next/static/chunks/node_modules_next_dist_1e8vcs8._.js:776
[   31788ms] [LOG] [Fast Refresh] done in 255ms @ http://localhost:3000/_next/static/chunks/node_modules_next_dist_1e8vcs8._.js:776
[   31852ms] [LOG] [Fast Refresh] done in 255ms @ http://localhost:3000/_next/static/chunks/node_modules_next_dist_1e8vcs8._.js:776
[   31912ms] [LOG] [Fast Refresh] done in 255ms @ http://localhost:3000/_next/static/chunks/node_modules_next_dist_1e8vcs8._.js:776
[   32017ms] [LOG] [Fast Refresh] done in 255ms @ http://localhost:3000/_next/static/chunks/node_modules_next_dist_1e8vcs8._.js:776
[   32089ms] [LOG] [Fast Refresh] done in 255ms @ http://localhost:3000/_next/static/chunks/node_modules_next_dist_1e8vcs8._.js:776
[   32155ms] [LOG] [Fast Refresh] done in 255ms @ http://localhost:3000/_next/static/chunks/node_modules_next_dist_1e8vcs8._.js:776
[   32216ms] [LOG] [Fast Refresh] done in 255ms @ http://localhost:3000/_next/static/chunks/node_modules_next_dist_1e8vcs8._.js:776
[   32284ms] [LOG] [Fast Refresh] done in 255ms @ http://localhost:3000/_next/static/chunks/node_modules_next_dist_1e8vcs8._.js:776
[   32391ms] [LOG] [Fast Refresh] done in 255ms @ http://localhost:3000/_next/static/chunks/node_modules_next_dist_1e8vcs8._.js:776
[   32487ms] [LOG] [Fast Refresh] done in 255ms @ http://localhost:3000/_next/static/chunks/node_modules_next_dist_1e8vcs8._.js:776
[   32564ms] [LOG] [Fast Refresh] done in 255ms @ http://localhost:3000/_next/static/chunks/node_modules_next_dist_1e8vcs8._.js:776
[   32628ms] [LOG] [Fast Refresh] done in 255ms @ http://localhost:3000/_next/static/chunks/node_modules_next_dist_1e8vcs8._.js:776
[   32692ms] [LOG] [Fast Refresh] done in 255ms @ http://localhost:3000/_next/static/chunks/node_modules_next_dist_1e8vcs8._.js:776
[   32755ms] [LOG] [Fast Refresh] done in 255ms @ http://localhost:3000/_next/static/chunks/node_modules_next_dist_1e8vcs8._.js:776
[   32818ms] [LOG] [Fast Refresh] done in 255ms @ http://localhost:3000/_next/static/chunks/node_modules_next_dist_1e8vcs8._.js:776
[   32881ms] [LOG] [Fast Refresh] done in 255ms @ http://localhost:3000/_next/static/chunks/node_modules_next_dist_1e8vcs8._.js:776
[   32943ms] [LOG] [Fast Refresh] done in 255ms @ http://localhost:3000/_next/static/chunks/node_modules_next_dist_1e8vcs8._.js:776
[   33027ms] [LOG] [Fast Refresh] done in 255ms @ http://localhost:3000/_next/static/chunks/node_modules_next_dist_1e8vcs8._.js:776
[   33089ms] [LOG] [Fast Refresh] done in 255ms @ http://localhost:3000/_next/static/chunks/node_modules_next_dist_1e8vcs8._.js:776
[   33151ms] [LOG] [Fast Refresh] done in 255ms @ http://localhost:3000/_next/static/chunks/node_modules_next_dist_1e8vcs8._.js:776
[   33215ms] [LOG] [Fast Refresh] done in 255ms @ http://localhost:3000/_next/static/chunks/node_modules_next_dist_1e8vcs8._.js:776
[   33278ms] [LOG] [Fast Refresh] done in 255ms @ http://localhost:3000/_next/static/chunks/node_modules_next_dist_1e8vcs8._.js:776
[   33342ms] [LOG] [Fast Refresh] done in 255ms @ http://localhost:3000/_next/static/chunks/node_modules_next_dist_1e8vcs8._.js:776
[   33406ms] [LOG] [Fast Refresh] done in 255ms @ http://localhost:3000/_next/static/chunks/node_modules_next_dist_1e8vcs8._.js:776
[   33469ms] [LOG] [Fast Refresh] done in 255ms @ http://localhost:3000/_next/static/chunks/node_modules_next_dist_1e8vcs8._.js:776
[   33531ms] [LOG] [Fast Refresh] done in 255ms @ http://localhost:3000/_next/static/chunks/node_modules_next_dist_1e8vcs8._.js:776
[   33591ms] [LOG] [Fast Refresh] done in 255ms @ http://localhost:3000/_next/static/chunks/node_modules_next_dist_1e8vcs8._.js:776
[   33656ms] [LOG] [Fast Refresh] done in 255ms @ http://localhost:3000/_next/static/chunks/node_modules_next_dist_1e8vcs8._.js:776
[   33718ms] [LOG] [Fast Refresh] done in 255ms @ http://localhost:3000/_next/static/chunks/node_modules_next_dist_1e8vcs8._.js:776
[   33780ms] [LOG] [Fast Refresh] done in 255ms @ http://localhost:3000/_next/static/chunks/node_modules_next_dist_1e8vcs8._.js:776
[   33843ms] [LOG] [Fast Refresh] done in 255ms @ http://localhost:3000/_next/static/chunks/node_modules_next_dist_1e8vcs8._.js:776
[   33906ms] [LOG] [Fast Refresh] done in 255ms @ http://localhost:3000/_next/static/chunks/node_modules_next_dist_1e8vcs8._.js:776
[   33968ms] [LOG] [Fast Refresh] done in 255ms @ http://localhost:3000/_next/static/chunks/node_modules_next_dist_1e8vcs8._.js:776
[   34032ms] [LOG] [Fast Refresh] done in 255ms @ http://localhost:3000/_next/static/chunks/node_modules_next_dist_1e8vcs8._.js:776
[   34097ms] [LOG] [Fast Refresh] done in 255ms @ http://localhost:3000/_next/static/chunks/node_modules_next_dist_1e8vcs8._.js:776
[   34160ms] [LOG] [Fast Refresh] done in 255ms @ http://localhost:3000/_next/static/chunks/node_modules_next_dist_1e8vcs8._.js:776
[   34221ms] [LOG] [Fast Refresh] done in 255ms @ http://localhost:3000/_next/static/chunks/node_modules_next_dist_1e8vcs8._.js:776
[   34284ms] [LOG] [Fast Refresh] done in 255ms @ http://localhost:3000/_next/static/chunks/node_modules_next_dist_1e8vcs8._.js:776
[   34348ms] [LOG] [Fast Refresh] done in 255ms @ http://localhost:3000/_next/static/chunks/node_modules_next_dist_1e8vcs8._.js:776
[   34412ms] [LOG] [Fast Refresh] done in 255ms @ http://localhost:3000/_next/static/chunks/node_modules_next_dist_1e8vcs8._.js:776
[   34476ms] [LOG] [Fast Refresh] done in 255ms @ http://localhost:3000/_next/static/chunks/node_modules_next_dist_1e8vcs8._.js:776
[   34538ms] [LOG] [Fast Refresh] done in 255ms @ http://localhost:3000/_next/static/chunks/node_modules_next_dist_1e8vcs8._.js:776
[   34602ms] [LOG] [Fast Refresh] done in 255ms @ http://localhost:3000/_next/static/chunks/node_modules_next_dist_1e8vcs8._.js:776
[   34666ms] [LOG] [Fast Refresh] done in 255ms @ http://localhost:3000/_next/static/chunks/node_modules_next_dist_1e8vcs8._.js:776
[   34730ms] [LOG] [Fast Refresh] done in 255ms @ http://localhost:3000/_next/static/chunks/node_modules_next_dist_1e8vcs8._.js:776
[   34798ms] [LOG] [Fast Refresh] done in 255ms @ http://localhost:3000/_next/static/chunks/node_modules_next_dist_1e8vcs8._.js:776
[   34855ms] [LOG] [Fast Refresh] done in 255ms @ http://localhost:3000/_next/static/chunks/node_modules_next_dist_1e8vcs8._.js:776
[   34922ms] [LOG] [Fast Refresh] done in 255ms @ http://localhost:3000/_next/static/chunks/node_modules_next_dist_1e8vcs8._.js:776
[   34984ms] [LOG] [Fast Refresh] done in 255ms @ http://localhost:3000/_next/static/chunks/node_modules_next_dist_1e8vcs8._.js:776
[   35048ms] [LOG] [Fast Refresh] done in 255ms @ http://localhost:3000/_next/static/chunks/node_modules_next_dist_1e8vcs8._.js:776
[   35108ms] [LOG] [Fast Refresh] done in 255ms @ http://localhost:3000/_next/static/chunks/node_modules_next_dist_1e8vcs8._.js:776
[   35172ms] [LOG] [Fast Refresh] done in 255ms @ http://localhost:3000/_next/static/chunks/node_modules_next_dist_1e8vcs8._.js:776
[   35236ms] [LOG] [Fast Refresh] done in 255ms @ http://localhost:3000/_next/static/chunks/node_modules_next_dist_1e8vcs8._.js:776
[   35299ms] [LOG] [Fast Refresh] done in 255ms @ http://localhost:3000/_next/static/chunks/node_modules_next_dist_1e8vcs8._.js:776
[   35360ms] [LOG] [Fast Refresh] done in 255ms @ http://localhost:3000/_next/static/chunks/node_modules_next_dist_1e8vcs8._.js:776
[   35425ms] [LOG] [Fast Refresh] done in 255ms @ http://localhost:3000/_next/static/chunks/node_modules_next_dist_1e8vcs8._.js:776
[   35488ms] [LOG] [Fast Refresh] done in 255ms @ http://localhost:3000/_next/static/chunks/node_modules_next_dist_1e8vcs8._.js:776
[   35550ms] [LOG] [Fast Refresh] done in 255ms @ http://localhost:3000/_next/static/chunks/node_modules_next_dist_1e8vcs8._.js:776
[   35613ms] [LOG] [Fast Refresh] done in 255ms @ http://localhost:3000/_next/static/chunks/node_modules_next_dist_1e8vcs8._.js:776
[   35675ms] [LOG] [Fast Refresh] done in 255ms @ http://localhost:3000/_next/static/chunks/node_modules_next_dist_1e8vcs8._.js:776
[   35738ms] [LOG] [Fast Refresh] done in 255ms @ http://localhost:3000/_next/static/chunks/node_modules_next_dist_1e8vcs8._.js:776
[   35801ms] [LOG] [Fast Refresh] done in 255ms @ http://localhost:3000/_next/static/chunks/node_modules_next_dist_1e8vcs8._.js:776
[   35865ms] [LOG] [Fast Refresh] done in 255ms @ http://localhost:3000/_next/static/chunks/node_modules_next_dist_1e8vcs8._.js:776
[   35929ms] [LOG] [Fast Refresh] done in 255ms @ http://localhost:3000/_next/static/chunks/node_modules_next_dist_1e8vcs8._.js:776
[   35992ms] [LOG] [Fast Refresh] done in 255ms @ http://localhost:3000/_next/static/chunks/node_modules_next_dist_1e8vcs8._.js:776
[   36055ms] [LOG] [Fast Refresh] done in 255ms @ http://localhost:3000/_next/static/chunks/node_modules_next_dist_1e8vcs8._.js:776
[   36119ms] [LOG] [Fast Refresh] done in 255ms @ http://localhost:3000/_next/static/chunks/node_modules_next_dist_1e8vcs8._.js:776
[   36181ms] [LOG] [Fast Refresh] done in 255ms @ http://localhost:3000/_next/static/chunks/node_modules_next_dist_1e8vcs8._.js:776
[   36245ms] [LOG] [Fast Refresh] done in 255ms @ http://localhost:3000/_next/static/chunks/node_modules_next_dist_1e8vcs8._.js:776
[   36308ms] [LOG] [Fast Refresh] done in 255ms @ http://localhost:3000/_next/static/chunks/node_modules_next_dist_1e8vcs8._.js:776
[   36374ms] [LOG] [Fast Refresh] done in 255ms @ http://localhost:3000/_next/static/chunks/node_modules_next_dist_1e8vcs8._.js:776
[   36434ms] [LOG] [Fast Refresh] done in 255ms @ http://localhost:3000/_next/static/chunks/node_modules_next_dist_1e8vcs8._.js:776
[   36496ms] [LOG] [Fast Refresh] done in 255ms @ http://localhost:3000/_next/static/chunks/node_modules_next_dist_1e8vcs8._.js:776
[   36561ms] [LOG] [Fast Refresh] done in 255ms @ http://localhost:3000/_next/static/chunks/node_modules_next_dist_1e8vcs8._.js:776
[   36623ms] [LOG] [Fast Refresh] done in 255ms @ http://localhost:3000/_next/static/chunks/node_modules_next_dist_1e8vcs8._.js:776
[   36687ms] [LOG] [Fast Refresh] done in 255ms @ http://localhost:3000/_next/static/chunks/node_modules_next_dist_1e8vcs8._.js:776
[   36749ms] [LOG] [Fast Refresh] done in 255ms @ http://localhost:3000/_next/static/chunks/node_modules_next_dist_1e8vcs8._.js:776
[   36810ms] [LOG] [Fast Refresh] done in 255ms @ http://localhost:3000/_next/static/chunks/node_modules_next_dist_1e8vcs8._.js:776
[   36874ms] [LOG] [Fast Refresh] done in 255ms @ http://localhost:3000/_next/static/chunks/node_modules_next_dist_1e8vcs8._.js:776
[   36936ms] [LOG] [Fast Refresh] done in 255ms @ http://localhost:3000/_next/static/chunks/node_modules_next_dist_1e8vcs8._.js:776
[   37001ms] [LOG] [Fast Refresh] done in 255ms @ http://localhost:3000/_next/static/chunks/node_modules_next_dist_1e8vcs8._.js:776
[   37064ms] [LOG] [Fast Refresh] done in 255ms @ http://localhost:3000/_next/static/chunks/node_modules_next_dist_1e8vcs8._.js:776
[   37129ms] [LOG] [Fast Refresh] done in 255ms @ http://localhost:3000/_next/static/chunks/node_modules_next_dist_1e8vcs8._.js:776
[   37190ms] [LOG] [Fast Refresh] done in 255ms @ http://localhost:3000/_next/static/chunks/node_modules_next_dist_1e8vcs8._.js:776
[   37255ms] [LOG] [Fast Refresh] done in 255ms @ http://localhost:3000/_next/static/chunks/node_modules_next_dist_1e8vcs8._.js:776
[   37319ms] [LOG] [Fast Refresh] done in 255ms @ http://localhost:3000/_next/static/chunks/node_modules_next_dist_1e8vcs8._.js:776
[   37384ms] [LOG] [Fast Refresh] done in 255ms @ http://localhost:3000/_next/static/chunks/node_modules_next_dist_1e8vcs8._.js:776
[   37445ms] [LOG] [Fast Refresh] done in 255ms @ http://localhost:3000/_next/static/chunks/node_modules_next_dist_1e8vcs8._.js:776
[   37508ms] [LOG] [Fast Refresh] done in 255ms @ http://localhost:3000/_next/static/chunks/node_modules_next_dist_1e8vcs8._.js:776
[   37572ms] [LOG] [Fast Refresh] done in 255ms @ http://localhost:3000/_next/static/chunks/node_modules_next_dist_1e8vcs8._.js:776
[   37636ms] [LOG] [Fast Refresh] done in 255ms @ http://localhost:3000/_next/static/chunks/node_modules_next_dist_1e8vcs8._.js:776
[   37699ms] [LOG] [Fast Refresh] done in 255ms @ http://localhost:3000/_next/static/chunks/node_modules_next_dist_1e8vcs8._.js:776
[   37760ms] [LOG] [Fast Refresh] done in 255ms @ http://localhost:3000/_next/static/chunks/node_modules_next_dist_1e8vcs8._.js:776
[   37823ms] [LOG] [Fast Refresh] done in 255ms @ http://localhost:3000/_next/static/chunks/node_modules_next_dist_1e8vcs8._.js:776
[   37887ms] [LOG] [Fast Refresh] done in 255ms @ http://localhost:3000/_next/static/chunks/node_modules_next_dist_1e8vcs8._.js:776
[   37951ms] [LOG] [Fast Refresh] done in 255ms @ http://localhost:3000/_next/static/chunks/node_modules_next_dist_1e8vcs8._.js:776
[   38014ms] [LOG] [Fast Refresh] done in 255ms @ http://localhost:3000/_next/static/chunks/node_modules_next_dist_1e8vcs8._.js:776
[   38077ms] [LOG] [Fast Refresh] done in 255ms @ http://localhost:3000/_next/static/chunks/node_modules_next_dist_1e8vcs8._.js:776
[   38141ms] [LOG] [Fast Refresh] done in 255ms @ http://localhost:3000/_next/static/chunks/node_modules_next_dist_1e8vcs8._.js:776
[   38204ms] [LOG] [Fast Refresh] done in 255ms @ http://localhost:3000/_next/static/chunks/node_modules_next_dist_1e8vcs8._.js:776
[   38269ms] [LOG] [Fast Refresh] done in 255ms @ http://localhost:3000/_next/static/chunks/node_modules_next_dist_1e8vcs8._.js:776
[   38330ms] [LOG] [Fast Refresh] done in 255ms @ http://localhost:3000/_next/static/chunks/node_modules_next_dist_1e8vcs8._.js:776
[   38393ms] [LOG] [Fast Refresh] done in 255ms @ http://localhost:3000/_next/static/chunks/node_modules_next_dist_1e8vcs8._.js:776
[   38457ms] [LOG] [Fast Refresh] done in 255ms @ http://localhost:3000/_next/static/chunks/node_modules_next_dist_1e8vcs8._.js:776
[   38521ms] [LOG] [Fast Refresh] done in 255ms @ http://localhost:3000/_next/static/chunks/node_modules_next_dist_1e8vcs8._.js:776
[   38585ms] [LOG] [Fast Refresh] done in 255ms @ http://localhost:3000/_next/static/chunks/node_modules_next_dist_1e8vcs8._.js:776
[   38650ms] [LOG] [Fast Refresh] done in 255ms @ http://localhost:3000/_next/static/chunks/node_modules_next_dist_1e8vcs8._.js:776
[   38719ms] [LOG] [Fast Refresh] done in 255ms @ http://localhost:3000/_next/static/chunks/node_modules_next_dist_1e8vcs8._.js:776
[   38793ms] [LOG] [Fast Refresh] done in 255ms @ http://localhost:3000/_next/static/chunks/node_modules_next_dist_1e8vcs8._.js:776
[   38856ms] [LOG] [Fast Refresh] done in 255ms @ http://localhost:3000/_next/static/chunks/node_modules_next_dist_1e8vcs8._.js:776
[   38917ms] [LOG] [Fast Refresh] done in 255ms @ http://localhost:3000/_next/static/chunks/node_modules_next_dist_1e8vcs8._.js:776
[   38980ms] [LOG] [Fast Refresh] done in 255ms @ http://localhost:3000/_next/static/chunks/node_modules_next_dist_1e8vcs8._.js:776
[   39043ms] [LOG] [Fast Refresh] done in 255ms @ http://localhost:3000/_next/static/chunks/node_modules_next_dist_1e8vcs8._.js:776
[   39106ms] [LOG] [Fast Refresh] done in 255ms @ http://localhost:3000/_next/static/chunks/node_modules_next_dist_1e8vcs8._.js:776
[   39171ms] [LOG] [Fast Refresh] done in 255ms @ http://localhost:3000/_next/static/chunks/node_modules_next_dist_1e8vcs8._.js:776
[   39235ms] [LOG] [Fast Refresh] done in 255ms @ http://localhost:3000/_next/static/chunks/node_modules_next_dist_1e8vcs8._.js:776
[   39299ms] [LOG] [Fast Refresh] done in 255ms @ http://localhost:3000/_next/static/chunks/node_modules_next_dist_1e8vcs8._.js:776
[   39361ms] [LOG] [Fast Refresh] done in 255ms @ http://localhost:3000/_next/static/chunks/node_modules_next_dist_1e8vcs8._.js:776
[   39427ms] [LOG] [Fast Refresh] done in 255ms @ http://localhost:3000/_next/static/chunks/node_modules_next_dist_1e8vcs8._.js:776
[   39487ms] [LOG] [Fast Refresh] done in 255ms @ http://localhost:3000/_next/static/chunks/node_modules_next_dist_1e8vcs8._.js:776
[   39551ms] [LOG] [Fast Refresh] done in 255ms @ http://localhost:3000/_next/static/chunks/node_modules_next_dist_1e8vcs8._.js:776
[   39613ms] [LOG] [Fast Refresh] done in 255ms @ http://localhost:3000/_next/static/chunks/node_modules_next_dist_1e8vcs8._.js:776
[   39676ms] [LOG] [Fast Refresh] done in 255ms @ http://localhost:3000/_next/static/chunks/node_modules_next_dist_1e8vcs8._.js:776
[   39739ms] [LOG] [Fast Refresh] done in 255ms @ http://localhost:3000/_next/static/chunks/node_modules_next_dist_1e8vcs8._.js:776
[   39802ms] [LOG] [Fast Refresh] done in 255ms @ http://localhost:3000/_next/static/chunks/node_modules_next_dist_1e8vcs8._.js:776
[   39865ms] [LOG] [Fast Refresh] done in 255ms @ http://localhost:3000/_next/static/chunks/node_modules_next_dist_1e8vcs8._.js:776
[   39937ms] [LOG] [Fast Refresh] done in 255ms @ http://localhost:3000/_next/static/chunks/node_modules_next_dist_1e8vcs8._.js:776
[   40009ms] [LOG] [Fast Refresh] done in 255ms @ http://localhost:3000/_next/static/chunks/node_modules_next_dist_1e8vcs8._.js:776
[   40072ms] [LOG] [Fast Refresh] done in 255ms @ http://localhost:3000/_next/static/chunks/node_modules_next_dist_1e8vcs8._.js:776
[   40134ms] [LOG] [Fast Refresh] done in 255ms @ http://localhost:3000/_next/static/chunks/node_modules_next_dist_1e8vcs8._.js:776
[   40197ms] [LOG] [Fast Refresh] done in 255ms @ http://localhost:3000/_next/static/chunks/node_modules_next_dist_1e8vcs8._.js:776
[   40260ms] [LOG] [Fast Refresh] done in 255ms @ http://localhost:3000/_next/static/chunks/node_modules_next_dist_1e8vcs8._.js:776
[   40324ms] [LOG] [Fast Refresh] done in 255ms @ http://localhost:3000/_next/static/chunks/node_modules_next_dist_1e8vcs8._.js:776
[   40405ms] [LOG] [Fast Refresh] done in 255ms @ http://localhost:3000/_next/static/chunks/node_modules_next_dist_1e8vcs8._.js:776
[   40465ms] [LOG] [Fast Refresh] done in 255ms @ http://localhost:3000/_next/static/chunks/node_modules_next_dist_1e8vcs8._.js:776
[   40527ms] [LOG] [Fast Refresh] done in 255ms @ http://localhost:3000/_next/static/chunks/node_modules_next_dist_1e8vcs8._.js:776
[   40593ms] [LOG] [Fast Refresh] done in 255ms @ http://localhost:3000/_next/static/chunks/node_modules_next_dist_1e8vcs8._.js:776
[   40656ms] [LOG] [Fast Refresh] done in 255ms @ http://localhost:3000/_next/static/chunks/node_modules_next_dist_1e8vcs8._.js:776
[   40719ms] [LOG] [Fast Refresh] done in 255ms @ http://localhost:3000/_next/static/chunks/node_modules_next_dist_1e8vcs8._.js:776
[   40783ms] [LOG] [Fast Refresh] done in 255ms @ http://localhost:3000/_next/static/chunks/node_modules_next_dist_1e8vcs8._.js:776
[   40843ms] [LOG] [Fast Refresh] done in 255ms @ http://localhost:3000/_next/static/chunks/node_modules_next_dist_1e8vcs8._.js:776
[   40909ms] [LOG] [Fast Refresh] done in 255ms @ http://localhost:3000/_next/static/chunks/node_modules_next_dist_1e8vcs8._.js:776
[   40972ms] [LOG] [Fast Refresh] done in 255ms @ http://localhost:3000/_next/static/chunks/node_modules_next_dist_1e8vcs8._.js:776
[   41035ms] [LOG] [Fast Refresh] done in 255ms @ http://localhost:3000/_next/static/chunks/node_modules_next_dist_1e8vcs8._.js:776
[   41098ms] [LOG] [Fast Refresh] done in 255ms @ http://localhost:3000/_next/static/chunks/node_modules_next_dist_1e8vcs8._.js:776
[   41163ms] [LOG] [Fast Refresh] done in 255ms @ http://localhost:3000/_next/static/chunks/node_modules_next_dist_1e8vcs8._.js:776
[   41225ms] [LOG] [Fast Refresh] done in 255ms @ http://localhost:3000/_next/static/chunks/node_modules_next_dist_1e8vcs8._.js:776
[   41289ms] [LOG] [Fast Refresh] done in 255ms @ http://localhost:3000/_next/static/chunks/node_modules_next_dist_1e8vcs8._.js:776
[   41351ms] [LOG] [Fast Refresh] done in 255ms @ http://localhost:3000/_next/static/chunks/node_modules_next_dist_1e8vcs8._.js:776
[   41415ms] [LOG] [Fast Refresh] done in 255ms @ http://localhost:3000/_next/static/chunks/node_modules_next_dist_1e8vcs8._.js:776
[   41477ms] [LOG] [Fast Refresh] done in 255ms @ http://localhost:3000/_next/static/chunks/node_modules_next_dist_1e8vcs8._.js:776
[   41543ms] [LOG] [Fast Refresh] done in 255ms @ http://localhost:3000/_next/static/chunks/node_modules_next_dist_1e8vcs8._.js:776
[   41605ms] [LOG] [Fast Refresh] done in 255ms @ http://localhost:3000/_next/static/chunks/node_modules_next_dist_1e8vcs8._.js:776
[   41668ms] [LOG] [Fast Refresh] done in 255ms @ http://localhost:3000/_next/static/chunks/node_modules_next_dist_1e8vcs8._.js:776
[   41730ms] [LOG] [Fast Refresh] done in 255ms @ http://localhost:3000/_next/static/chunks/node_modules_next_dist_1e8vcs8._.js:776
[   41794ms] [LOG] [Fast Refresh] done in 255ms @ http://localhost:3000/_next/static/chunks/node_modules_next_dist_1e8vcs8._.js:776
[   41855ms] [LOG] [Fast Refresh] done in 255ms @ http://localhost:3000/_next/static/chunks/node_modules_next_dist_1e8vcs8._.js:776
[   41918ms] [LOG] [Fast Refresh] done in 255ms @ http://localhost:3000/_next/static/chunks/node_modules_next_dist_1e8vcs8._.js:776
[   41983ms] [LOG] [Fast Refresh] done in 255ms @ http://localhost:3000/_next/static/chunks/node_modules_next_dist_1e8vcs8._.js:776
[   42046ms] [LOG] [Fast Refresh] done in 255ms @ http://localhost:3000/_next/static/chunks/node_modules_next_dist_1e8vcs8._.js:776
[   42127ms] [LOG] [Fast Refresh] done in 255ms @ http://localhost:3000/_next/static/chunks/node_modules_next_dist_1e8vcs8._.js:776
[   42189ms] [LOG] [Fast Refresh] done in 255ms @ http://localhost:3000/_next/static/chunks/node_modules_next_dist_1e8vcs8._.js:776
[   42250ms] [LOG] [Fast Refresh] done in 255ms @ http://localhost:3000/_next/static/chunks/node_modules_next_dist_1e8vcs8._.js:776
[   42313ms] [LOG] [Fast Refresh] done in 255ms @ http://localhost:3000/_next/static/chunks/node_modules_next_dist_1e8vcs8._.js:776
[   42377ms] [LOG] [Fast Refresh] done in 255ms @ http://localhost:3000/_next/static/chunks/node_modules_next_dist_1e8vcs8._.js:776
[   42439ms] [LOG] [Fast Refresh] done in 255ms @ http://localhost:3000/_next/static/chunks/node_modules_next_dist_1e8vcs8._.js:776
[   42504ms] [LOG] [Fast Refresh] done in 255ms @ http://localhost:3000/_next/static/chunks/node_modules_next_dist_1e8vcs8._.js:776
[   42566ms] [LOG] [Fast Refresh] done in 255ms @ http://localhost:3000/_next/static/chunks/node_modules_next_dist_1e8vcs8._.js:776
[   42630ms] [LOG] [Fast Refresh] done in 255ms @ http://localhost:3000/_next/static/chunks/node_modules_next_dist_1e8vcs8._.js:776
[   42694ms] [LOG] [Fast Refresh] done in 255ms @ http://localhost:3000/_next/static/chunks/node_modules_next_dist_1e8vcs8._.js:776
[   42757ms] [LOG] [Fast Refresh] done in 255ms @ http://localhost:3000/_next/static/chunks/node_modules_next_dist_1e8vcs8._.js:776
[   42820ms] [LOG] [Fast Refresh] done in 255ms @ http://localhost:3000/_next/static/chunks/node_modules_next_dist_1e8vcs8._.js:776
[   42885ms] [LOG] [Fast Refresh] done in 255ms @ http://localhost:3000/_next/static/chunks/node_modules_next_dist_1e8vcs8._.js:776
[   42944ms] [LOG] [Fast Refresh] done in 255ms @ http://localhost:3000/_next/static/chunks/node_modules_next_dist_1e8vcs8._.js:776
[   43008ms] [LOG] [Fast Refresh] done in 255ms @ http://localhost:3000/_next/static/chunks/node_modules_next_dist_1e8vcs8._.js:776
[   43075ms] [LOG] [Fast Refresh] done in 255ms @ http://localhost:3000/_next/static/chunks/node_modules_next_dist_1e8vcs8._.js:776
[   43133ms] [LOG] [Fast Refresh] done in 255ms @ http://localhost:3000/_next/static/chunks/node_modules_next_dist_1e8vcs8._.js:776
[   43198ms] [LOG] [Fast Refresh] done in 255ms @ http://localhost:3000/_next/static/chunks/node_modules_next_dist_1e8vcs8._.js:776
[   43269ms] [LOG] [Fast Refresh] done in 255ms @ http://localhost:3000/_next/static/chunks/node_modules_next_dist_1e8vcs8._.js:776
[   43340ms] [LOG] [Fast Refresh] done in 255ms @ http://localhost:3000/_next/static/chunks/node_modules_next_dist_1e8vcs8._.js:776
[   43405ms] [LOG] [Fast Refresh] done in 255ms @ http://localhost:3000/_next/static/chunks/node_modules_next_dist_1e8vcs8._.js:776
[   43470ms] [LOG] [Fast Refresh] done in 255ms @ http://localhost:3000/_next/static/chunks/node_modules_next_dist_1e8vcs8._.js:776
[   43530ms] [LOG] [Fast Refresh] done in 255ms @ http://localhost:3000/_next/static/chunks/node_modules_next_dist_1e8vcs8._.js:776
[   43594ms] [LOG] [Fast Refresh] done in 255ms @ http://localhost:3000/_next/static/chunks/node_modules_next_dist_1e8vcs8._.js:776
[   43656ms] [LOG] [Fast Refresh] done in 255ms @ http://localhost:3000/_next/static/chunks/node_modules_next_dist_1e8vcs8._.js:776
[   43735ms] [LOG] [Fast Refresh] done in 255ms @ http://localhost:3000/_next/static/chunks/node_modules_next_dist_1e8vcs8._.js:776
[   43797ms] [LOG] [Fast Refresh] done in 255ms @ http://localhost:3000/_next/static/chunks/node_modules_next_dist_1e8vcs8._.js:776
[   43861ms] [LOG] [Fast Refresh] done in 255ms @ http://localhost:3000/_next/static/chunks/node_modules_next_dist_1e8vcs8._.js:776
[   43923ms] [LOG] [Fast Refresh] done in 255ms @ http://localhost:3000/_next/static/chunks/node_modules_next_dist_1e8vcs8._.js:776
[   43987ms] [LOG] [Fast Refresh] done in 255ms @ http://localhost:3000/_next/static/chunks/node_modules_next_dist_1e8vcs8._.js:776
[   44051ms] [LOG] [Fast Refresh] done in 255ms @ http://localhost:3000/_next/static/chunks/node_modules_next_dist_1e8vcs8._.js:776
[   44113ms] [LOG] [Fast Refresh] done in 255ms @ http://localhost:3000/_next/static/chunks/node_modules_next_dist_1e8vcs8._.js:776
[   44176ms] [LOG] [Fast Refresh] done in 255ms @ http://localhost:3000/_next/static/chunks/node_modules_next_dist_1e8vcs8._.js:776
[   44240ms] [LOG] [Fast Refresh] done in 255ms @ http://localhost:3000/_next/static/chunks/node_modules_next_dist_1e8vcs8._.js:776
[   44304ms] [LOG] [Fast Refresh] done in 255ms @ http://localhost:3000/_next/static/chunks/node_modules_next_dist_1e8vcs8._.js:776
[   44372ms] [LOG] [Fast Refresh] done in 255ms @ http://localhost:3000/_next/static/chunks/node_modules_next_dist_1e8vcs8._.js:776
[   44431ms] [LOG] [Fast Refresh] done in 255ms @ http://localhost:3000/_next/static/chunks/node_modules_next_dist_1e8vcs8._.js:776
[   44494ms] [LOG] [Fast Refresh] done in 255ms @ http://localhost:3000/_next/static/chunks/node_modules_next_dist_1e8vcs8._.js:776
[   44558ms] [LOG] [Fast Refresh] done in 255ms @ http://localhost:3000/_next/static/chunks/node_modules_next_dist_1e8vcs8._.js:776
[   44622ms] [LOG] [Fast Refresh] done in 255ms @ http://localhost:3000/_next/static/chunks/node_modules_next_dist_1e8vcs8._.js:776
[   44683ms] [LOG] [Fast Refresh] done in 255ms @ http://localhost:3000/_next/static/chunks/node_modules_next_dist_1e8vcs8._.js:776
[   44760ms] [LOG] [Fast Refresh] done in 255ms @ http://localhost:3000/_next/static/chunks/node_modules_next_dist_1e8vcs8._.js:776
[   44824ms] [LOG] [Fast Refresh] done in 255ms @ http://localhost:3000/_next/static/chunks/node_modules_next_dist_1e8vcs8._.js:776
[   44889ms] [LOG] [Fast Refresh] done in 255ms @ http://localhost:3000/_next/static/chunks/node_modules_next_dist_1e8vcs8._.js:776
[   44952ms] [LOG] [Fast Refresh] done in 255ms @ http://localhost:3000/_next/static/chunks/node_modules_next_dist_1e8vcs8._.js:776
[   45015ms] [LOG] [Fast Refresh] done in 255ms @ http://localhost:3000/_next/static/chunks/node_modules_next_dist_1e8vcs8._.js:776
[   45077ms] [LOG] [Fast Refresh] done in 255ms @ http://localhost:3000/_next/static/chunks/node_modules_next_dist_1e8vcs8._.js:776
[   45139ms] [LOG] [Fast Refresh] done in 255ms @ http://localhost:3000/_next/static/chunks/node_modules_next_dist_1e8vcs8._.js:776
[   45202ms] [LOG] [Fast Refresh] done in 255ms @ http://localhost:3000/_next/static/chunks/node_modules_next_dist_1e8vcs8._.js:776
[   45265ms] [LOG] [Fast Refresh] done in 255ms @ http://localhost:3000/_next/static/chunks/node_modules_next_dist_1e8vcs8._.js:776
[   45327ms] [LOG] [Fast Refresh] done in 255ms @ http://localhost:3000/_next/static/chunks/node_modules_next_dist_1e8vcs8._.js:776
[   45390ms] [LOG] [Fast Refresh] done in 255ms @ http://localhost:3000/_next/static/chunks/node_modules_next_dist_1e8vcs8._.js:776
[   45457ms] [LOG] [Fast Refresh] done in 255ms @ http://localhost:3000/_next/static/chunks/node_modules_next_dist_1e8vcs8._.js:776
[   45519ms] [LOG] [Fast Refresh] done in 255ms @ http://localhost:3000/_next/static/chunks/node_modules_next_dist_1e8vcs8._.js:776
[   45580ms] [LOG] [Fast Refresh] done in 255ms @ http://localhost:3000/_next/static/chunks/node_modules_next_dist_1e8vcs8._.js:776
[   45644ms] [LOG] [Fast Refresh] done in 255ms @ http://localhost:3000/_next/static/chunks/node_modules_next_dist_1e8vcs8._.js:776
[   45705ms] [LOG] [Fast Refresh] done in 255ms @ http://localhost:3000/_next/static/chunks/node_modules_next_dist_1e8vcs8._.js:776
[   45767ms] [LOG] [Fast Refresh] done in 255ms @ http://localhost:3000/_next/static/chunks/node_modules_next_dist_1e8vcs8._.js:776
[   45831ms] [LOG] [Fast Refresh] done in 255ms @ http://localhost:3000/_next/static/chunks/node_modules_next_dist_1e8vcs8._.js:776
[   45895ms] [LOG] [Fast Refresh] done in 255ms @ http://localhost:3000/_next/static/chunks/node_modules_next_dist_1e8vcs8._.js:776
[   45955ms] [LOG] [Fast Refresh] done in 255ms @ http://localhost:3000/_next/static/chunks/node_modules_next_dist_1e8vcs8._.js:776
[   46020ms] [LOG] [Fast Refresh] done in 255ms @ http://localhost:3000/_next/static/chunks/node_modules_next_dist_1e8vcs8._.js:776
[   46082ms] [LOG] [Fast Refresh] done in 255ms @ http://localhost:3000/_next/static/chunks/node_modules_next_dist_1e8vcs8._.js:776
[   46146ms] [LOG] [Fast Refresh] done in 255ms @ http://localhost:3000/_next/static/chunks/node_modules_next_dist_1e8vcs8._.js:776
[   46206ms] [LOG] [Fast Refresh] done in 255ms @ http://localhost:3000/_next/static/chunks/node_modules_next_dist_1e8vcs8._.js:776
[   46268ms] [LOG] [Fast Refresh] done in 255ms @ http://localhost:3000/_next/static/chunks/node_modules_next_dist_1e8vcs8._.js:776
[   46333ms] [LOG] [Fast Refresh] done in 255ms @ http://localhost:3000/_next/static/chunks/node_modules_next_dist_1e8vcs8._.js:776
[   46396ms] [LOG] [Fast Refresh] done in 255ms @ http://localhost:3000/_next/static/chunks/node_modules_next_dist_1e8vcs8._.js:776
[   46459ms] [LOG] [Fast Refresh] done in 255ms @ http://localhost:3000/_next/static/chunks/node_modules_next_dist_1e8vcs8._.js:776
[   46524ms] [LOG] [Fast Refresh] done in 255ms @ http://localhost:3000/_next/static/chunks/node_modules_next_dist_1e8vcs8._.js:776
[   46585ms] [LOG] [Fast Refresh] done in 255ms @ http://localhost:3000/_next/static/chunks/node_modules_next_dist_1e8vcs8._.js:776
[   46651ms] [LOG] [Fast Refresh] done in 255ms @ http://localhost:3000/_next/static/chunks/node_modules_next_dist_1e8vcs8._.js:776
[   46714ms] [LOG] [Fast Refresh] done in 255ms @ http://localhost:3000/_next/static/chunks/node_modules_next_dist_1e8vcs8._.js:776
[   46777ms] [LOG] [Fast Refresh] done in 255ms @ http://localhost:3000/_next/static/chunks/node_modules_next_dist_1e8vcs8._.js:776
[   46843ms] [LOG] [Fast Refresh] done in 255ms @ http://localhost:3000/_next/static/chunks/node_modules_next_dist_1e8vcs8._.js:776
[   46901ms] [LOG] [Fast Refresh] done in 255ms @ http://localhost:3000/_next/static/chunks/node_modules_next_dist_1e8vcs8._.js:776
[   46965ms] [LOG] [Fast Refresh] done in 255ms @ http://localhost:3000/_next/static/chunks/node_modules_next_dist_1e8vcs8._.js:776
[   47029ms] [LOG] [Fast Refresh] done in 255ms @ http://localhost:3000/_next/static/chunks/node_modules_next_dist_1e8vcs8._.js:776
[   47092ms] [LOG] [Fast Refresh] done in 255ms @ http://localhost:3000/_next/static/chunks/node_modules_next_dist_1e8vcs8._.js:776
[   47159ms] [LOG] [Fast Refresh] done in 255ms @ http://localhost:3000/_next/static/chunks/node_modules_next_dist_1e8vcs8._.js:776
[   47218ms] [LOG] [Fast Refresh] done in 255ms @ http://localhost:3000/_next/static/chunks/node_modules_next_dist_1e8vcs8._.js:776
[   47283ms] [LOG] [Fast Refresh] done in 255ms @ http://localhost:3000/_next/static/chunks/node_modules_next_dist_1e8vcs8._.js:776
[   47344ms] [LOG] [Fast Refresh] done in 255ms @ http://localhost:3000/_next/static/chunks/node_modules_next_dist_1e8vcs8._.js:776
[   47407ms] [LOG] [Fast Refresh] done in 255ms @ http://localhost:3000/_next/static/chunks/node_modules_next_dist_1e8vcs8._.js:776
[   47469ms] [LOG] [Fast Refresh] done in 255ms @ http://localhost:3000/_next/static/chunks/node_modules_next_dist_1e8vcs8._.js:776
[   47533ms] [LOG] [Fast Refresh] done in 255ms @ http://localhost:3000/_next/static/chunks/node_modules_next_dist_1e8vcs8._.js:776
[   47596ms] [LOG] [Fast Refresh] done in 255ms @ http://localhost:3000/_next/static/chunks/node_modules_next_dist_1e8vcs8._.js:776
[   47659ms] [LOG] [Fast Refresh] done in 255ms @ http://localhost:3000/_next/static/chunks/node_modules_next_dist_1e8vcs8._.js:776
[   47721ms] [LOG] [Fast Refresh] done in 255ms @ http://localhost:3000/_next/static/chunks/node_modules_next_dist_1e8vcs8._.js:776
[   47804ms] [LOG] [Fast Refresh] done in 255ms @ http://localhost:3000/_next/static/chunks/node_modules_next_dist_1e8vcs8._.js:776
[   47879ms] [LOG] [Fast Refresh] done in 255ms @ http://localhost:3000/_next/static/chunks/node_modules_next_dist_1e8vcs8._.js:776
[   47946ms] [LOG] [Fast Refresh] done in 255ms @ http://localhost:3000/_next/static/chunks/node_modules_next_dist_1e8vcs8._.js:776
[   48020ms] [LOG] [Fast Refresh] done in 255ms @ http://localhost:3000/_next/static/chunks/node_modules_next_dist_1e8vcs8._.js:776
[   48085ms] [LOG] [Fast Refresh] done in 255ms @ http://localhost:3000/_next/static/chunks/node_modules_next_dist_1e8vcs8._.js:776
[   48147ms] [LOG] [Fast Refresh] done in 255ms @ http://localhost:3000/_next/static/chunks/node_modules_next_dist_1e8vcs8._.js:776
[   48210ms] [LOG] [Fast Refresh] done in 255ms @ http://localhost:3000/_next/static/chunks/node_modules_next_dist_1e8vcs8._.js:776
[   48272ms] [LOG] [Fast Refresh] done in 255ms @ http://localhost:3000/_next/static/chunks/node_modules_next_dist_1e8vcs8._.js:776
[   48338ms] [LOG] [Fast Refresh] done in 255ms @ http://localhost:3000/_next/static/chunks/node_modules_next_dist_1e8vcs8._.js:776
[   48399ms] [LOG] [Fast Refresh] done in 255ms @ http://localhost:3000/_next/static/chunks/node_modules_next_dist_1e8vcs8._.js:776
[   48463ms] [LOG] [Fast Refresh] done in 255ms @ http://localhost:3000/_next/static/chunks/node_modules_next_dist_1e8vcs8._.js:776
[   48526ms] [LOG] [Fast Refresh] done in 255ms @ http://localhost:3000/_next/static/chunks/node_modules_next_dist_1e8vcs8._.js:776
[   48590ms] [LOG] [Fast Refresh] done in 255ms @ http://localhost:3000/_next/static/chunks/node_modules_next_dist_1e8vcs8._.js:776
[   48652ms] [LOG] [Fast Refresh] done in 255ms @ http://localhost:3000/_next/static/chunks/node_modules_next_dist_1e8vcs8._.js:776
[   48717ms] [LOG] [Fast Refresh] done in 255ms @ http://localhost:3000/_next/static/chunks/node_modules_next_dist_1e8vcs8._.js:776
[   48780ms] [LOG] [Fast Refresh] done in 255ms @ http://localhost:3000/_next/static/chunks/node_modules_next_dist_1e8vcs8._.js:776
[   48842ms] [LOG] [Fast Refresh] done in 255ms @ http://localhost:3000/_next/static/chunks/node_modules_next_dist_1e8vcs8._.js:776
[   48908ms] [LOG] [Fast Refresh] done in 255ms @ http://localhost:3000/_next/static/chunks/node_modules_next_dist_1e8vcs8._.js:776
[   48973ms] [LOG] [Fast Refresh] done in 255ms @ http://localhost:3000/_next/static/chunks/node_modules_next_dist_1e8vcs8._.js:776
[   49034ms] [LOG] [Fast Refresh] done in 255ms @ http://localhost:3000/_next/static/chunks/node_modules_next_dist_1e8vcs8._.js:776
[   49102ms] [LOG] [Fast Refresh] done in 255ms @ http://localhost:3000/_next/static/chunks/node_modules_next_dist_1e8vcs8._.js:776
[   49160ms] [LOG] [Fast Refresh] done in 255ms @ http://localhost:3000/_next/static/chunks/node_modules_next_dist_1e8vcs8._.js:776
[   49225ms] [LOG] [Fast Refresh] done in 255ms @ http://localhost:3000/_next/static/chunks/node_modules_next_dist_1e8vcs8._.js:776
[   49286ms] [LOG] [Fast Refresh] done in 255ms @ http://localhost:3000/_next/static/chunks/node_modules_next_dist_1e8vcs8._.js:776
[   49351ms] [LOG] [Fast Refresh] done in 255ms @ http://localhost:3000/_next/static/chunks/node_modules_next_dist_1e8vcs8._.js:776
[   49416ms] [LOG] [Fast Refresh] done in 255ms @ http://localhost:3000/_next/static/chunks/node_modules_next_dist_1e8vcs8._.js:776
[   49479ms] [LOG] [Fast Refresh] done in 255ms @ http://localhost:3000/_next/static/chunks/node_modules_next_dist_1e8vcs8._.js:776
[   49540ms] [LOG] [Fast Refresh] done in 255ms @ http://localhost:3000/_next/static/chunks/node_modules_next_dist_1e8vcs8._.js:776
[   49605ms] [LOG] [Fast Refresh] done in 255ms @ http://localhost:3000/_next/static/chunks/node_modules_next_dist_1e8vcs8._.js:776
[   49670ms] [LOG] [Fast Refresh] done in 255ms @ http://localhost:3000/_next/static/chunks/node_modules_next_dist_1e8vcs8._.js:776
[   49731ms] [LOG] [Fast Refresh] done in 255ms @ http://localhost:3000/_next/static/chunks/node_modules_next_dist_1e8vcs8._.js:776
[   49794ms] [LOG] [Fast Refresh] done in 255ms @ http://localhost:3000/_next/static/chunks/node_modules_next_dist_1e8vcs8._.js:776
[   49856ms] [LOG] [Fast Refresh] done in 255ms @ http://localhost:3000/_next/static/chunks/node_modules_next_dist_1e8vcs8._.js:776
[   49923ms] [LOG] [Fast Refresh] done in 255ms @ http://localhost:3000/_next/static/chunks/node_modules_next_dist_1e8vcs8._.js:776
[   49985ms] [LOG] [Fast Refresh] done in 255ms @ http://localhost:3000/_next/static/chunks/node_modules_next_dist_1e8vcs8._.js:776
[   50048ms] [LOG] [Fast Refresh] done in 255ms @ http://localhost:3000/_next/static/chunks/node_modules_next_dist_1e8vcs8._.js:776
[   50114ms] [LOG] [Fast Refresh] done in 255ms @ http://localhost:3000/_next/static/chunks/node_modules_next_dist_1e8vcs8._.js:776
[   50183ms] [LOG] [Fast Refresh] done in 255ms @ http://localhost:3000/_next/static/chunks/node_modules_next_dist_1e8vcs8._.js:776
[   50265ms] [LOG] [Fast Refresh] done in 255ms @ http://localhost:3000/_next/static/chunks/node_modules_next_dist_1e8vcs8._.js:776
[   50335ms] [LOG] [Fast Refresh] done in 255ms @ http://localhost:3000/_next/static/chunks/node_modules_next_dist_1e8vcs8._.js:776
[   50396ms] [LOG] [Fast Refresh] done in 255ms @ http://localhost:3000/_next/static/chunks/node_modules_next_dist_1e8vcs8._.js:776
[   50463ms] [LOG] [Fast Refresh] done in 255ms @ http://localhost:3000/_next/static/chunks/node_modules_next_dist_1e8vcs8._.js:776
[   50528ms] [LOG] [Fast Refresh] done in 255ms @ http://localhost:3000/_next/static/chunks/node_modules_next_dist_1e8vcs8._.js:776
[   50588ms] [LOG] [Fast Refresh] done in 255ms @ http://localhost:3000/_next/static/chunks/node_modules_next_dist_1e8vcs8._.js:776
[   50652ms] [LOG] [Fast Refresh] done in 255ms @ http://localhost:3000/_next/static/chunks/node_modules_next_dist_1e8vcs8._.js:776
[   50713ms] [LOG] [Fast Refresh] done in 255ms @ http://localhost:3000/_next/static/chunks/node_modules_next_dist_1e8vcs8._.js:776
[   50776ms] [LOG] [Fast Refresh] done in 255ms @ http://localhost:3000/_next/static/chunks/node_modules_next_dist_1e8vcs8._.js:776
[   50840ms] [LOG] [Fast Refresh] done in 255ms @ http://localhost:3000/_next/static/chunks/node_modules_next_dist_1e8vcs8._.js:776
[   50902ms] [LOG] [Fast Refresh] done in 255ms @ http://localhost:3000/_next/static/chunks/node_modules_next_dist_1e8vcs8._.js:776
[   50964ms] [LOG] [Fast Refresh] done in 255ms @ http://localhost:3000/_next/static/chunks/node_modules_next_dist_1e8vcs8._.js:776
[   51029ms] [LOG] [Fast Refresh] done in 255ms @ http://localhost:3000/_next/static/chunks/node_modules_next_dist_1e8vcs8._.js:776
[   51091ms] [LOG] [Fast Refresh] done in 255ms @ http://localhost:3000/_next/static/chunks/node_modules_next_dist_1e8vcs8._.js:776
[   51157ms] [LOG] [Fast Refresh] done in 255ms @ http://localhost:3000/_next/static/chunks/node_modules_next_dist_1e8vcs8._.js:776
[   51219ms] [LOG] [Fast Refresh] done in 255ms @ http://localhost:3000/_next/static/chunks/node_modules_next_dist_1e8vcs8._.js:776
[   51282ms] [LOG] [Fast Refresh] done in 255ms @ http://localhost:3000/_next/static/chunks/node_modules_next_dist_1e8vcs8._.js:776
[   51343ms] [LOG] [Fast Refresh] done in 255ms @ http://localhost:3000/_next/static/chunks/node_modules_next_dist_1e8vcs8._.js:776
[   51407ms] [LOG] [Fast Refresh] done in 255ms @ http://localhost:3000/_next/static/chunks/node_modules_next_dist_1e8vcs8._.js:776
[   51476ms] [LOG] [Fast Refresh] done in 255ms @ http://localhost:3000/_next/static/chunks/node_modules_next_dist_1e8vcs8._.js:776
[   51549ms] [LOG] [Fast Refresh] done in 255ms @ http://localhost:3000/_next/static/chunks/node_modules_next_dist_1e8vcs8._.js:776
[   51614ms] [LOG] [Fast Refresh] done in 255ms @ http://localhost:3000/_next/static/chunks/node_modules_next_dist_1e8vcs8._.js:776
[   51677ms] [LOG] [Fast Refresh] done in 255ms @ http://localhost:3000/_next/static/chunks/node_modules_next_dist_1e8vcs8._.js:776
[   51739ms] [LOG] [Fast Refresh] done in 255ms @ http://localhost:3000/_next/static/chunks/node_modules_next_dist_1e8vcs8._.js:776
[   51804ms] [LOG] [Fast Refresh] done in 255ms @ http://localhost:3000/_next/static/chunks/node_modules_next_dist_1e8vcs8._.js:776
[   51868ms] [LOG] [Fast Refresh] done in 255ms @ http://localhost:3000/_next/static/chunks/node_modules_next_dist_1e8vcs8._.js:776
[   51930ms] [LOG] [Fast Refresh] done in 255ms @ http://localhost:3000/_next/static/chunks/node_modules_next_dist_1e8vcs8._.js:776
[   51995ms] [LOG] [Fast Refresh] done in 255ms @ http://localhost:3000/_next/static/chunks/node_modules_next_dist_1e8vcs8._.js:776
[   52055ms] [LOG] [Fast Refresh] done in 255ms @ http://localhost:3000/_next/static/chunks/node_modules_next_dist_1e8vcs8._.js:776
[   52304ms] [LOG] [Fast Refresh] done in 255ms @ http://localhost:3000/_next/static/chunks/node_modules_next_dist_1e8vcs8._.js:776
[   52376ms] [LOG] [Fast Refresh] done in 255ms @ http://localhost:3000/_next/static/chunks/node_modules_next_dist_1e8vcs8._.js:776
[   52451ms] [LOG] [Fast Refresh] done in 255ms @ http://localhost:3000/_next/static/chunks/node_modules_next_dist_1e8vcs8._.js:776
[   52513ms] [LOG] [Fast Refresh] done in 255ms @ http://localhost:3000/_next/static/chunks/node_modules_next_dist_1e8vcs8._.js:776
[   52593ms] [LOG] [Fast Refresh] done in 255ms @ http://localhost:3000/_next/static/chunks/node_modules_next_dist_1e8vcs8._.js:776
[   52656ms] [LOG] [Fast Refresh] done in 255ms @ http://localhost:3000/_next/static/chunks/node_modules_next_dist_1e8vcs8._.js:776
[   52720ms] [LOG] [Fast Refresh] done in 255ms @ http://localhost:3000/_next/static/chunks/node_modules_next_dist_1e8vcs8._.js:776
[   52782ms] [LOG] [Fast Refresh] done in 255ms @ http://localhost:3000/_next/static/chunks/node_modules_next_dist_1e8vcs8._.js:776
[   52859ms] [LOG] [Fast Refresh] done in 255ms @ http://localhost:3000/_next/static/chunks/node_modules_next_dist_1e8vcs8._.js:776
[   52927ms] [LOG] [Fast Refresh] done in 255ms @ http://localhost:3000/_next/static/chunks/node_modules_next_dist_1e8vcs8._.js:776
[   52987ms] [LOG] [Fast Refresh] done in 255ms @ http://localhost:3000/_next/static/chunks/node_modules_next_dist_1e8vcs8._.js:776
[   53052ms] [LOG] [Fast Refresh] done in 255ms @ http://localhost:3000/_next/static/chunks/node_modules_next_dist_1e8vcs8._.js:776
[   53114ms] [LOG] [Fast Refresh] done in 255ms @ http://localhost:3000/_next/static/chunks/node_modules_next_dist_1e8vcs8._.js:776
[   53175ms] [LOG] [Fast Refresh] done in 255ms @ http://localhost:3000/_next/static/chunks/node_modules_next_dist_1e8vcs8._.js:776
[   53241ms] [LOG] [Fast Refresh] done in 255ms @ http://localhost:3000/_next/static/chunks/node_modules_next_dist_1e8vcs8._.js:776
[   53303ms] [LOG] [Fast Refresh] done in 255ms @ http://localhost:3000/_next/static/chunks/node_modules_next_dist_1e8vcs8._.js:776
[   53369ms] [LOG] [Fast Refresh] done in 255ms @ http://localhost:3000/_next/static/chunks/node_modules_next_dist_1e8vcs8._.js:776
[   53429ms] [LOG] [Fast Refresh] done in 255ms @ http://localhost:3000/_next/static/chunks/node_modules_next_dist_1e8vcs8._.js:776
[   53493ms] [LOG] [Fast Refresh] done in 255ms @ http://localhost:3000/_next/static/chunks/node_modules_next_dist_1e8vcs8._.js:776
[   53559ms] [LOG] [Fast Refresh] done in 255ms @ http://localhost:3000/_next/static/chunks/node_modules_next_dist_1e8vcs8._.js:776
[   53619ms] [LOG] [Fast Refresh] done in 255ms @ http://localhost:3000/_next/static/chunks/node_modules_next_dist_1e8vcs8._.js:776
[   53684ms] [LOG] [Fast Refresh] done in 255ms @ http://localhost:3000/_next/static/chunks/node_modules_next_dist_1e8vcs8._.js:776
[   53744ms] [LOG] [Fast Refresh] done in 255ms @ http://localhost:3000/_next/static/chunks/node_modules_next_dist_1e8vcs8._.js:776
[   53812ms] [LOG] [Fast Refresh] done in 255ms @ http://localhost:3000/_next/static/chunks/node_modules_next_dist_1e8vcs8._.js:776
[   53872ms] [LOG] [Fast Refresh] done in 255ms @ http://localhost:3000/_next/static/chunks/node_modules_next_dist_1e8vcs8._.js:776
[   53935ms] [LOG] [Fast Refresh] done in 255ms @ http://localhost:3000/_next/static/chunks/node_modules_next_dist_1e8vcs8._.js:776
[   53997ms] [LOG] [Fast Refresh] done in 255ms @ http://localhost:3000/_next/static/chunks/node_modules_next_dist_1e8vcs8._.js:776
[   54061ms] [LOG] [Fast Refresh] done in 255ms @ http://localhost:3000/_next/static/chunks/node_modules_next_dist_1e8vcs8._.js:776
[   54127ms] [LOG] [Fast Refresh] done in 255ms @ http://localhost:3000/_next/static/chunks/node_modules_next_dist_1e8vcs8._.js:776
[   54189ms] [LOG] [Fast Refresh] done in 255ms @ http://localhost:3000/_next/static/chunks/node_modules_next_dist_1e8vcs8._.js:776
[   54279ms] [LOG] [Fast Refresh] done in 255ms @ http://localhost:3000/_next/static/chunks/node_modules_next_dist_1e8vcs8._.js:776
[   54481ms] [LOG] [Fast Refresh] done in 255ms @ http://localhost:3000/_next/static/chunks/node_modules_next_dist_1e8vcs8._.js:776
[   54974ms] [LOG] [Fast Refresh] done in 255ms @ http://localhost:3000/_next/static/chunks/node_modules_next_dist_1e8vcs8._.js:776
[   55041ms] [LOG] [Fast Refresh] done in 255ms @ http://localhost:3000/_next/static/chunks/node_modules_next_dist_1e8vcs8._.js:776
[   55106ms] [LOG] [Fast Refresh] done in 255ms @ http://localhost:3000/_next/static/chunks/node_modules_next_dist_1e8vcs8._.js:776
[   55167ms] [LOG] [Fast Refresh] done in 255ms @ http://localhost:3000/_next/static/chunks/node_modules_next_dist_1e8vcs8._.js:776
[   55230ms] [LOG] [Fast Refresh] done in 255ms @ http://localhost:3000/_next/static/chunks/node_modules_next_dist_1e8vcs8._.js:776
[   55294ms] [LOG] [Fast Refresh] done in 255ms @ http://localhost:3000/_next/static/chunks/node_modules_next_dist_1e8vcs8._.js:776
[   55357ms] [LOG] [Fast Refresh] done in 255ms @ http://localhost:3000/_next/static/chunks/node_modules_next_dist_1e8vcs8._.js:776
[   55420ms] [LOG] [Fast Refresh] done in 255ms @ http://localhost:3000/_next/static/chunks/node_modules_next_dist_1e8vcs8._.js:776
[   55485ms] [LOG] [Fast Refresh] done in 255ms @ http://localhost:3000/_next/static/chunks/node_modules_next_dist_1e8vcs8._.js:776
[   55547ms] [LOG] [Fast Refresh] done in 255ms @ http://localhost:3000/_next/static/chunks/node_modules_next_dist_1e8vcs8._.js:776
[   55609ms] [LOG] [Fast Refresh] done in 255ms @ http://localhost:3000/_next/static/chunks/node_modules_next_dist_1e8vcs8._.js:776
[   55672ms] [LOG] [Fast Refresh] done in 255ms @ http://localhost:3000/_next/static/chunks/node_modules_next_dist_1e8vcs8._.js:776
[   55735ms] [LOG] [Fast Refresh] done in 255ms @ http://localhost:3000/_next/static/chunks/node_modules_next_dist_1e8vcs8._.js:776
[   55797ms] [LOG] [Fast Refresh] done in 255ms @ http://localhost:3000/_next/static/chunks/node_modules_next_dist_1e8vcs8._.js:776
[   55862ms] [LOG] [Fast Refresh] done in 255ms @ http://localhost:3000/_next/static/chunks/node_modules_next_dist_1e8vcs8._.js:776
[   55923ms] [LOG] [Fast Refresh] done in 255ms @ http://localhost:3000/_next/static/chunks/node_modules_next_dist_1e8vcs8._.js:776
[   56003ms] [LOG] [Fast Refresh] done in 255ms @ http://localhost:3000/_next/static/chunks/node_modules_next_dist_1e8vcs8._.js:776
[   56066ms] [LOG] [Fast Refresh] done in 255ms @ http://localhost:3000/_next/static/chunks/node_modules_next_dist_1e8vcs8._.js:776
[   56130ms] [LOG] [Fast Refresh] done in 255ms @ http://localhost:3000/_next/static/chunks/node_modules_next_dist_1e8vcs8._.js:776
[   56194ms] [LOG] [Fast Refresh] done in 255ms @ http://localhost:3000/_next/static/chunks/node_modules_next_dist_1e8vcs8._.js:776
[   56271ms] [LOG] [Fast Refresh] done in 255ms @ http://localhost:3000/_next/static/chunks/node_modules_next_dist_1e8vcs8._.js:776
[   56333ms] [LOG] [Fast Refresh] done in 255ms @ http://localhost:3000/_next/static/chunks/node_modules_next_dist_1e8vcs8._.js:776
[   56395ms] [LOG] [Fast Refresh] done in 255ms @ http://localhost:3000/_next/static/chunks/node_modules_next_dist_1e8vcs8._.js:776
[   56459ms] [LOG] [Fast Refresh] done in 255ms @ http://localhost:3000/_next/static/chunks/node_modules_next_dist_1e8vcs8._.js:776
[   56522ms] [LOG] [Fast Refresh] done in 255ms @ http://localhost:3000/_next/static/chunks/node_modules_next_dist_1e8vcs8._.js:776
[   56591ms] [LOG] [Fast Refresh] done in 255ms @ http://localhost:3000/_next/static/chunks/node_modules_next_dist_1e8vcs8._.js:776
[   56652ms] [LOG] [Fast Refresh] done in 255ms @ http://localhost:3000/_next/static/chunks/node_modules_next_dist_1e8vcs8._.js:776
[   56714ms] [LOG] [Fast Refresh] done in 255ms @ http://localhost:3000/_next/static/chunks/node_modules_next_dist_1e8vcs8._.js:776
[   56778ms] [LOG] [Fast Refresh] done in 255ms @ http://localhost:3000/_next/static/chunks/node_modules_next_dist_1e8vcs8._.js:776
[   56843ms] [LOG] [Fast Refresh] done in 255ms @ http://localhost:3000/_next/static/chunks/node_modules_next_dist_1e8vcs8._.js:776
[   56907ms] [LOG] [Fast Refresh] done in 255ms @ http://localhost:3000/_next/static/chunks/node_modules_next_dist_1e8vcs8._.js:776
[   56970ms] [LOG] [Fast Refresh] done in 255ms @ http://localhost:3000/_next/static/chunks/node_modules_next_dist_1e8vcs8._.js:776
[   57031ms] [LOG] [Fast Refresh] done in 255ms @ http://localhost:3000/_next/static/chunks/node_modules_next_dist_1e8vcs8._.js:776
[   57095ms] [LOG] [Fast Refresh] done in 255ms @ http://localhost:3000/_next/static/chunks/node_modules_next_dist_1e8vcs8._.js:776
[   57159ms] [LOG] [Fast Refresh] done in 255ms @ http://localhost:3000/_next/static/chunks/node_modules_next_dist_1e8vcs8._.js:776
[   57221ms] [LOG] [Fast Refresh] done in 255ms @ http://localhost:3000/_next/static/chunks/node_modules_next_dist_1e8vcs8._.js:776
[   57283ms] [LOG] [Fast Refresh] done in 255ms @ http://localhost:3000/_next/static/chunks/node_modules_next_dist_1e8vcs8._.js:776
[   57346ms] [LOG] [Fast Refresh] done in 255ms @ http://localhost:3000/_next/static/chunks/node_modules_next_dist_1e8vcs8._.js:776
[   57410ms] [LOG] [Fast Refresh] done in 255ms @ http://localhost:3000/_next/static/chunks/node_modules_next_dist_1e8vcs8._.js:776
[   57475ms] [LOG] [Fast Refresh] done in 255ms @ http://localhost:3000/_next/static/chunks/node_modules_next_dist_1e8vcs8._.js:776
[   57538ms] [LOG] [Fast Refresh] done in 255ms @ http://localhost:3000/_next/static/chunks/node_modules_next_dist_1e8vcs8._.js:776
[   57601ms] [LOG] [Fast Refresh] done in 255ms @ http://localhost:3000/_next/static/chunks/node_modules_next_dist_1e8vcs8._.js:776
[   57664ms] [LOG] [Fast Refresh] done in 255ms @ http://localhost:3000/_next/static/chunks/node_modules_next_dist_1e8vcs8._.js:776
[   57730ms] [LOG] [Fast Refresh] done in 255ms @ http://localhost:3000/_next/static/chunks/node_modules_next_dist_1e8vcs8._.js:776
[   57791ms] [LOG] [Fast Refresh] done in 255ms @ http://localhost:3000/_next/static/chunks/node_modules_next_dist_1e8vcs8._.js:776
[   57854ms] [LOG] [Fast Refresh] done in 255ms @ http://localhost:3000/_next/static/chunks/node_modules_next_dist_1e8vcs8._.js:776
[   57918ms] [LOG] [Fast Refresh] done in 255ms @ http://localhost:3000/_next/static/chunks/node_modules_next_dist_1e8vcs8._.js:776
[   57982ms] [LOG] [Fast Refresh] done in 255ms @ http://localhost:3000/_next/static/chunks/node_modules_next_dist_1e8vcs8._.js:776
[   58045ms] [LOG] [Fast Refresh] done in 255ms @ http://localhost:3000/_next/static/chunks/node_modules_next_dist_1e8vcs8._.js:776
[   58108ms] [LOG] [Fast Refresh] done in 255ms @ http://localhost:3000/_next/static/chunks/node_modules_next_dist_1e8vcs8._.js:776
[   58170ms] [LOG] [Fast Refresh] done in 255ms @ http://localhost:3000/_next/static/chunks/node_modules_next_dist_1e8vcs8._.js:776
[   58233ms] [LOG] [Fast Refresh] done in 255ms @ http://localhost:3000/_next/static/chunks/node_modules_next_dist_1e8vcs8._.js:776
[   58296ms] [LOG] [Fast Refresh] done in 255ms @ http://localhost:3000/_next/static/chunks/node_modules_next_dist_1e8vcs8._.js:776
[   58360ms] [LOG] [Fast Refresh] done in 255ms @ http://localhost:3000/_next/static/chunks/node_modules_next_dist_1e8vcs8._.js:776
[   58434ms] [LOG] [Fast Refresh] done in 255ms @ http://localhost:3000/_next/static/chunks/node_modules_next_dist_1e8vcs8._.js:776
[   58502ms] [LOG] [Fast Refresh] done in 255ms @ http://localhost:3000/_next/static/chunks/node_modules_next_dist_1e8vcs8._.js:776
[   58566ms] [LOG] [Fast Refresh] done in 255ms @ http://localhost:3000/_next/static/chunks/node_modules_next_dist_1e8vcs8._.js:776
[   58629ms] [LOG] [Fast Refresh] done in 255ms @ http://localhost:3000/_next/static/chunks/node_modules_next_dist_1e8vcs8._.js:776
[   58691ms] [LOG] [Fast Refresh] done in 255ms @ http://localhost:3000/_next/static/chunks/node_modules_next_dist_1e8vcs8._.js:776
[   58754ms] [LOG] [Fast Refresh] done in 255ms @ http://localhost:3000/_next/static/chunks/node_modules_next_dist_1e8vcs8._.js:776
[   58816ms] [LOG] [Fast Refresh] done in 255ms @ http://localhost:3000/_next/static/chunks/node_modules_next_dist_1e8vcs8._.js:776
[   58878ms] [LOG] [Fast Refresh] done in 255ms @ http://localhost:3000/_next/static/chunks/node_modules_next_dist_1e8vcs8._.js:776
[   58941ms] [LOG] [Fast Refresh] done in 255ms @ http://localhost:3000/_next/static/chunks/node_modules_next_dist_1e8vcs8._.js:776
[   59004ms] [LOG] [Fast Refresh] done in 255ms @ http://localhost:3000/_next/static/chunks/node_modules_next_dist_1e8vcs8._.js:776
[   59068ms] [LOG] [Fast Refresh] done in 255ms @ http://localhost:3000/_next/static/chunks/node_modules_next_dist_1e8vcs8._.js:776
[   59132ms] [LOG] [Fast Refresh] done in 255ms @ http://localhost:3000/_next/static/chunks/node_modules_next_dist_1e8vcs8._.js:776
[   59194ms] [LOG] [Fast Refresh] done in 255ms @ http://localhost:3000/_next/static/chunks/node_modules_next_dist_1e8vcs8._.js:776
[   59257ms] [LOG] [Fast Refresh] done in 255ms @ http://localhost:3000/_next/static/chunks/node_modules_next_dist_1e8vcs8._.js:776
[   59321ms] [LOG] [Fast Refresh] done in 255ms @ http://localhost:3000/_next/static/chunks/node_modules_next_dist_1e8vcs8._.js:776
[   59382ms] [LOG] [Fast Refresh] done in 255ms @ http://localhost:3000/_next/static/chunks/node_modules_next_dist_1e8vcs8._.js:776
[   59445ms] [LOG] [Fast Refresh] done in 255ms @ http://localhost:3000/_next/static/chunks/node_modules_next_dist_1e8vcs8._.js:776
[   59509ms] [LOG] [Fast Refresh] done in 255ms @ http://localhost:3000/_next/static/chunks/node_modules_next_dist_1e8vcs8._.js:776
[   59573ms] [LOG] [Fast Refresh] done in 255ms @ http://localhost:3000/_next/static/chunks/node_modules_next_dist_1e8vcs8._.js:776
[   59636ms] [LOG] [Fast Refresh] done in 255ms @ http://localhost:3000/_next/static/chunks/node_modules_next_dist_1e8vcs8._.js:776
[   59699ms] [LOG] [Fast Refresh] done in 255ms @ http://localhost:3000/_next/static/chunks/node_modules_next_dist_1e8vcs8._.js:776
[   59762ms] [LOG] [Fast Refresh] done in 255ms @ http://localhost:3000/_next/static/chunks/node_modules_next_dist_1e8vcs8._.js:776
[   59827ms] [LOG] [Fast Refresh] done in 255ms @ http://localhost:3000/_next/static/chunks/node_modules_next_dist_1e8vcs8._.js:776
[   59889ms] [LOG] [Fast Refresh] done in 255ms @ http://localhost:3000/_next/static/chunks/node_modules_next_dist_1e8vcs8._.js:776
[   59953ms] [LOG] [Fast Refresh] done in 255ms @ http://localhost:3000/_next/static/chunks/node_modules_next_dist_1e8vcs8._.js:776
[   60015ms] [LOG] [Fast Refresh] done in 255ms @ http://localhost:3000/_next/static/chunks/node_modules_next_dist_1e8vcs8._.js:776
[   60078ms] [LOG] [Fast Refresh] done in 255ms @ http://localhost:3000/_next/static/chunks/node_modules_next_dist_1e8vcs8._.js:776
[   60142ms] [LOG] [Fast Refresh] done in 255ms @ http://localhost:3000/_next/static/chunks/node_modules_next_dist_1e8vcs8._.js:776
[   60206ms] [LOG] [Fast Refresh] done in 255ms @ http://localhost:3000/_next/static/chunks/node_modules_next_dist_1e8vcs8._.js:776
[   60269ms] [LOG] [Fast Refresh] done in 255ms @ http://localhost:3000/_next/static/chunks/node_modules_next_dist_1e8vcs8._.js:776
[   60331ms] [LOG] [Fast Refresh] done in 255ms @ http://localhost:3000/_next/static/chunks/node_modules_next_dist_1e8vcs8._.js:776
[   60395ms] [LOG] [Fast Refresh] done in 255ms @ http://localhost:3000/_next/static/chunks/node_modules_next_dist_1e8vcs8._.js:776
[   60457ms] [LOG] [Fast Refresh] done in 255ms @ http://localhost:3000/_next/static/chunks/node_modules_next_dist_1e8vcs8._.js:776
[   60522ms] [LOG] [Fast Refresh] done in 255ms @ http://localhost:3000/_next/static/chunks/node_modules_next_dist_1e8vcs8._.js:776
[   60585ms] [LOG] [Fast Refresh] done in 255ms @ http://localhost:3000/_next/static/chunks/node_modules_next_dist_1e8vcs8._.js:776
[   60646ms] [LOG] [Fast Refresh] done in 255ms @ http://localhost:3000/_next/static/chunks/node_modules_next_dist_1e8vcs8._.js:776
[   60712ms] [LOG] [Fast Refresh] done in 255ms @ http://localhost:3000/_next/static/chunks/node_modules_next_dist_1e8vcs8._.js:776
[   60774ms] [LOG] [Fast Refresh] done in 255ms @ http://localhost:3000/_next/static/chunks/node_modules_next_dist_1e8vcs8._.js:776
[   60839ms] [LOG] [Fast Refresh] done in 255ms @ http://localhost:3000/_next/static/chunks/node_modules_next_dist_1e8vcs8._.js:776
[   60901ms] [LOG] [Fast Refresh] done in 255ms @ http://localhost:3000/_next/static/chunks/node_modules_next_dist_1e8vcs8._.js:776
[   60964ms] [LOG] [Fast Refresh] done in 255ms @ http://localhost:3000/_next/static/chunks/node_modules_next_dist_1e8vcs8._.js:776
[   61027ms] [LOG] [Fast Refresh] done in 255ms @ http://localhost:3000/_next/static/chunks/node_modules_next_dist_1e8vcs8._.js:776
[   61090ms] [LOG] [Fast Refresh] done in 255ms @ http://localhost:3000/_next/static/chunks/node_modules_next_dist_1e8vcs8._.js:776
[   61154ms] [LOG] [Fast Refresh] done in 255ms @ http://localhost:3000/_next/static/chunks/node_modules_next_dist_1e8vcs8._.js:776
[   61219ms] [LOG] [Fast Refresh] done in 255ms @ http://localhost:3000/_next/static/chunks/node_modules_next_dist_1e8vcs8._.js:776
[   61279ms] [LOG] [Fast Refresh] done in 255ms @ http://localhost:3000/_next/static/chunks/node_modules_next_dist_1e8vcs8._.js:776
[   61340ms] [LOG] [Fast Refresh] done in 255ms @ http://localhost:3000/_next/static/chunks/node_modules_next_dist_1e8vcs8._.js:776
[   61404ms] [LOG] [Fast Refresh] done in 255ms @ http://localhost:3000/_next/static/chunks/node_modules_next_dist_1e8vcs8._.js:776
[   61468ms] [LOG] [Fast Refresh] done in 255ms @ http://localhost:3000/_next/static/chunks/node_modules_next_dist_1e8vcs8._.js:776
[   61532ms] [LOG] [Fast Refresh] done in 255ms @ http://localhost:3000/_next/static/chunks/node_modules_next_dist_1e8vcs8._.js:776
[   61594ms] [LOG] [Fast Refresh] done in 255ms @ http://localhost:3000/_next/static/chunks/node_modules_next_dist_1e8vcs8._.js:776
[   61658ms] [LOG] [Fast Refresh] done in 255ms @ http://localhost:3000/_next/static/chunks/node_modules_next_dist_1e8vcs8._.js:776
[   61721ms] [LOG] [Fast Refresh] done in 255ms @ http://localhost:3000/_next/static/chunks/node_modules_next_dist_1e8vcs8._.js:776
[   61785ms] [LOG] [Fast Refresh] done in 255ms @ http://localhost:3000/_next/static/chunks/node_modules_next_dist_1e8vcs8._.js:776
[   61848ms] [LOG] [Fast Refresh] done in 255ms @ http://localhost:3000/_next/static/chunks/node_modules_next_dist_1e8vcs8._.js:776
[   61913ms] [LOG] [Fast Refresh] done in 255ms @ http://localhost:3000/_next/static/chunks/node_modules_next_dist_1e8vcs8._.js:776
[   61977ms] [LOG] [Fast Refresh] done in 255ms @ http://localhost:3000/_next/static/chunks/node_modules_next_dist_1e8vcs8._.js:776
[   62036ms] [LOG] [Fast Refresh] done in 255ms @ http://localhost:3000/_next/static/chunks/node_modules_next_dist_1e8vcs8._.js:776
[   62099ms] [LOG] [Fast Refresh] done in 255ms @ http://localhost:3000/_next/static/chunks/node_modules_next_dist_1e8vcs8._.js:776
[   62163ms] [LOG] [Fast Refresh] done in 255ms @ http://localhost:3000/_next/static/chunks/node_modules_next_dist_1e8vcs8._.js:776
[   62226ms] [LOG] [Fast Refresh] done in 255ms @ http://localhost:3000/_next/static/chunks/node_modules_next_dist_1e8vcs8._.js:776
[   62290ms] [LOG] [Fast Refresh] done in 255ms @ http://localhost:3000/_next/static/chunks/node_modules_next_dist_1e8vcs8._.js:776
[   62352ms] [LOG] [Fast Refresh] done in 255ms @ http://localhost:3000/_next/static/chunks/node_modules_next_dist_1e8vcs8._.js:776
[   62415ms] [LOG] [Fast Refresh] done in 255ms @ http://localhost:3000/_next/static/chunks/node_modules_next_dist_1e8vcs8._.js:776
[   62479ms] [LOG] [Fast Refresh] done in 255ms @ http://localhost:3000/_next/static/chunks/node_modules_next_dist_1e8vcs8._.js:776
[   62543ms] [LOG] [Fast Refresh] done in 255ms @ http://localhost:3000/_next/static/chunks/node_modules_next_dist_1e8vcs8._.js:776
[   62606ms] [LOG] [Fast Refresh] done in 255ms @ http://localhost:3000/_next/static/chunks/node_modules_next_dist_1e8vcs8._.js:776
[   62669ms] [LOG] [Fast Refresh] done in 255ms @ http://localhost:3000/_next/static/chunks/node_modules_next_dist_1e8vcs8._.js:776
[   62732ms] [LOG] [Fast Refresh] done in 255ms @ http://localhost:3000/_next/static/chunks/node_modules_next_dist_1e8vcs8._.js:776
[   62795ms] [LOG] [Fast Refresh] done in 255ms @ http://localhost:3000/_next/static/chunks/node_modules_next_dist_1e8vcs8._.js:776
[   62858ms] [LOG] [Fast Refresh] done in 255ms @ http://localhost:3000/_next/static/chunks/node_modules_next_dist_1e8vcs8._.js:776
[   62923ms] [LOG] [Fast Refresh] done in 255ms @ http://localhost:3000/_next/static/chunks/node_modules_next_dist_1e8vcs8._.js:776
[   62986ms] [LOG] [Fast Refresh] done in 255ms @ http://localhost:3000/_next/static/chunks/node_modules_next_dist_1e8vcs8._.js:776
[   63050ms] [LOG] [Fast Refresh] done in 255ms @ http://localhost:3000/_next/static/chunks/node_modules_next_dist_1e8vcs8._.js:776
[   63114ms] [LOG] [Fast Refresh] done in 255ms @ http://localhost:3000/_next/static/chunks/node_modules_next_dist_1e8vcs8._.js:776
[   63178ms] [LOG] [Fast Refresh] done in 255ms @ http://localhost:3000/_next/static/chunks/node_modules_next_dist_1e8vcs8._.js:776
[   63242ms] [LOG] [Fast Refresh] done in 255ms @ http://localhost:3000/_next/static/chunks/node_modules_next_dist_1e8vcs8._.js:776
[   63306ms] [LOG] [Fast Refresh] done in 255ms @ http://localhost:3000/_next/static/chunks/node_modules_next_dist_1e8vcs8._.js:776
[   63369ms] [LOG] [Fast Refresh] done in 255ms @ http://localhost:3000/_next/static/chunks/node_modules_next_dist_1e8vcs8._.js:776
[   63433ms] [LOG] [Fast Refresh] done in 255ms @ http://localhost:3000/_next/static/chunks/node_modules_next_dist_1e8vcs8._.js:776
[   63502ms] [LOG] [Fast Refresh] done in 255ms @ http://localhost:3000/_next/static/chunks/node_modules_next_dist_1e8vcs8._.js:776
[   63559ms] [LOG] [Fast Refresh] done in 255ms @ http://localhost:3000/_next/static/chunks/node_modules_next_dist_1e8vcs8._.js:776
[   63623ms] [LOG] [Fast Refresh] done in 255ms @ http://localhost:3000/_next/static/chunks/node_modules_next_dist_1e8vcs8._.js:776
[   63689ms] [LOG] [Fast Refresh] done in 255ms @ http://localhost:3000/_next/static/chunks/node_modules_next_dist_1e8vcs8._.js:776
[   63749ms] [LOG] [Fast Refresh] done in 255ms @ http://localhost:3000/_next/static/chunks/node_modules_next_dist_1e8vcs8._.js:776
[   63815ms] [LOG] [Fast Refresh] done in 255ms @ http://localhost:3000/_next/static/chunks/node_modules_next_dist_1e8vcs8._.js:776
[   63894ms] [LOG] [Fast Refresh] done in 255ms @ http://localhost:3000/_next/static/chunks/node_modules_next_dist_1e8vcs8._.js:776
[   63989ms] [LOG] [Fast Refresh] done in 255ms @ http://localhost:3000/_next/static/chunks/node_modules_next_dist_1e8vcs8._.js:776
[   64065ms] [LOG] [Fast Refresh] done in 255ms @ http://localhost:3000/_next/static/chunks/node_modules_next_dist_1e8vcs8._.js:776
[   64130ms] [LOG] [Fast Refresh] done in 255ms @ http://localhost:3000/_next/static/chunks/node_modules_next_dist_1e8vcs8._.js:776
[   64189ms] [LOG] [Fast Refresh] done in 255ms @ http://localhost:3000/_next/static/chunks/node_modules_next_dist_1e8vcs8._.js:776
[   64253ms] [LOG] [Fast Refresh] done in 255ms @ http://localhost:3000/_next/static/chunks/node_modules_next_dist_1e8vcs8._.js:776
[   64314ms] [LOG] [Fast Refresh] done in 255ms @ http://localhost:3000/_next/static/chunks/node_modules_next_dist_1e8vcs8._.js:776
[   64377ms] [LOG] [Fast Refresh] done in 255ms @ http://localhost:3000/_next/static/chunks/node_modules_next_dist_1e8vcs8._.js:776
[   64441ms] [LOG] [Fast Refresh] done in 255ms @ http://localhost:3000/_next/static/chunks/node_modules_next_dist_1e8vcs8._.js:776
[   64506ms] [LOG] [Fast Refresh] done in 255ms @ http://localhost:3000/_next/static/chunks/node_modules_next_dist_1e8vcs8._.js:776
[   64567ms] [LOG] [Fast Refresh] done in 255ms @ http://localhost:3000/_next/static/chunks/node_modules_next_dist_1e8vcs8._.js:776
[   64630ms] [LOG] [Fast Refresh] done in 255ms @ http://localhost:3000/_next/static/chunks/node_modules_next_dist_1e8vcs8._.js:776
[   64697ms] [LOG] [Fast Refresh] done in 255ms @ http://localhost:3000/_next/static/chunks/node_modules_next_dist_1e8vcs8._.js:776
[   64754ms] [LOG] [Fast Refresh] done in 255ms @ http://localhost:3000/_next/static/chunks/node_modules_next_dist_1e8vcs8._.js:776
[   64817ms] [LOG] [Fast Refresh] done in 255ms @ http://localhost:3000/_next/static/chunks/node_modules_next_dist_1e8vcs8._.js:776
[   64934ms] [LOG] [Fast Refresh] done in 255ms @ http://localhost:3000/_next/static/chunks/node_modules_next_dist_1e8vcs8._.js:776
[   64991ms] [LOG] [Fast Refresh] done in 255ms @ http://localhost:3000/_next/static/chunks/node_modules_next_dist_1e8vcs8._.js:776
[   65058ms] [LOG] [Fast Refresh] done in 255ms @ http://localhost:3000/_next/static/chunks/node_modules_next_dist_1e8vcs8._.js:776
[   65117ms] [LOG] [Fast Refresh] done in 255ms @ http://localhost:3000/_next/static/chunks/node_modules_next_dist_1e8vcs8._.js:776
[   65180ms] [LOG] [Fast Refresh] done in 255ms @ http://localhost:3000/_next/static/chunks/node_modules_next_dist_1e8vcs8._.js:776
[   65248ms] [LOG] [Fast Refresh] done in 255ms @ http://localhost:3000/_next/static/chunks/node_modules_next_dist_1e8vcs8._.js:776
[   65310ms] [LOG] [Fast Refresh] done in 255ms @ http://localhost:3000/_next/static/chunks/node_modules_next_dist_1e8vcs8._.js:776
[   65369ms] [LOG] [Fast Refresh] done in 255ms @ http://localhost:3000/_next/static/chunks/node_modules_next_dist_1e8vcs8._.js:776
[   65434ms] [LOG] [Fast Refresh] done in 255ms @ http://localhost:3000/_next/static/chunks/node_modules_next_dist_1e8vcs8._.js:776
[   65494ms] [LOG] [Fast Refresh] done in 255ms @ http://localhost:3000/_next/static/chunks/node_modules_next_dist_1e8vcs8._.js:776
[   65557ms] [LOG] [Fast Refresh] done in 255ms @ http://localhost:3000/_next/static/chunks/node_modules_next_dist_1e8vcs8._.js:776
[   65619ms] [LOG] [Fast Refresh] done in 255ms @ http://localhost:3000/_next/static/chunks/node_modules_next_dist_1e8vcs8._.js:776
[   65684ms] [LOG] [Fast Refresh] done in 255ms @ http://localhost:3000/_next/static/chunks/node_modules_next_dist_1e8vcs8._.js:776
[   65759ms] [LOG] [Fast Refresh] done in 255ms @ http://localhost:3000/_next/static/chunks/node_modules_next_dist_1e8vcs8._.js:776
[   65826ms] [LOG] [Fast Refresh] done in 255ms @ http://localhost:3000/_next/static/chunks/node_modules_next_dist_1e8vcs8._.js:776
[   65889ms] [LOG] [Fast Refresh] done in 255ms @ http://localhost:3000/_next/static/chunks/node_modules_next_dist_1e8vcs8._.js:776
[   65948ms] [LOG] [Fast Refresh] done in 255ms @ http://localhost:3000/_next/static/chunks/node_modules_next_dist_1e8vcs8._.js:776
[   66011ms] [LOG] [Fast Refresh] done in 255ms @ http://localhost:3000/_next/static/chunks/node_modules_next_dist_1e8vcs8._.js:776
[   66075ms] [LOG] [Fast Refresh] done in 255ms @ http://localhost:3000/_next/static/chunks/node_modules_next_dist_1e8vcs8._.js:776
[   66139ms] [LOG] [Fast Refresh] done in 255ms @ http://localhost:3000/_next/static/chunks/node_modules_next_dist_1e8vcs8._.js:776
[   66201ms] [LOG] [Fast Refresh] done in 255ms @ http://localhost:3000/_next/static/chunks/node_modules_next_dist_1e8vcs8._.js:776
[   66264ms] [LOG] [Fast Refresh] done in 255ms @ http://localhost:3000/_next/static/chunks/node_modules_next_dist_1e8vcs8._.js:776
[   66327ms] [LOG] [Fast Refresh] done in 255ms @ http://localhost:3000/_next/static/chunks/node_modules_next_dist_1e8vcs8._.js:776
[   66393ms] [LOG] [Fast Refresh] done in 255ms @ http://localhost:3000/_next/static/chunks/node_modules_next_dist_1e8vcs8._.js:776
[   66452ms] [LOG] [Fast Refresh] done in 255ms @ http://localhost:3000/_next/static/chunks/node_modules_next_dist_1e8vcs8._.js:776
[   66515ms] [LOG] [Fast Refresh] done in 255ms @ http://localhost:3000/_next/static/chunks/node_modules_next_dist_1e8vcs8._.js:776
[   66581ms] [LOG] [Fast Refresh] done in 255ms @ http://localhost:3000/_next/static/chunks/node_modules_next_dist_1e8vcs8._.js:776
[   66647ms] [LOG] [Fast Refresh] done in 255ms @ http://localhost:3000/_next/static/chunks/node_modules_next_dist_1e8vcs8._.js:776
[   66708ms] [LOG] [Fast Refresh] done in 255ms @ http://localhost:3000/_next/static/chunks/node_modules_next_dist_1e8vcs8._.js:776
[   66765ms] [LOG] [Fast Refresh] done in 255ms @ http://localhost:3000/_next/static/chunks/node_modules_next_dist_1e8vcs8._.js:776
[   66830ms] [LOG] [Fast Refresh] done in 255ms @ http://localhost:3000/_next/static/chunks/node_modules_next_dist_1e8vcs8._.js:776
[   66894ms] [LOG] [Fast Refresh] done in 255ms @ http://localhost:3000/_next/static/chunks/node_modules_next_dist_1e8vcs8._.js:776
[   66954ms] [LOG] [Fast Refresh] done in 255ms @ http://localhost:3000/_next/static/chunks/node_modules_next_dist_1e8vcs8._.js:776
[   67019ms] [LOG] [Fast Refresh] done in 255ms @ http://localhost:3000/_next/static/chunks/node_modules_next_dist_1e8vcs8._.js:776
[   67081ms] [LOG] [Fast Refresh] done in 255ms @ http://localhost:3000/_next/static/chunks/node_modules_next_dist_1e8vcs8._.js:776
[   67149ms] [LOG] [Fast Refresh] done in 255ms @ http://localhost:3000/_next/static/chunks/node_modules_next_dist_1e8vcs8._.js:776
[   67229ms] [LOG] [Fast Refresh] done in 255ms @ http://localhost:3000/_next/static/chunks/node_modules_next_dist_1e8vcs8._.js:776
[   67300ms] [LOG] [Fast Refresh] done in 255ms @ http://localhost:3000/_next/static/chunks/node_modules_next_dist_1e8vcs8._.js:776
[   67364ms] [LOG] [Fast Refresh] done in 255ms @ http://localhost:3000/_next/static/chunks/node_modules_next_dist_1e8vcs8._.js:776
[   67430ms] [LOG] [Fast Refresh] done in 255ms @ http://localhost:3000/_next/static/chunks/node_modules_next_dist_1e8vcs8._.js:776
[   67495ms] [LOG] [Fast Refresh] done in 255ms @ http://localhost:3000/_next/static/chunks/node_modules_next_dist_1e8vcs8._.js:776
[   67559ms] [LOG] [Fast Refresh] done in 255ms @ http://localhost:3000/_next/static/chunks/node_modules_next_dist_1e8vcs8._.js:776
[   67621ms] [LOG] [Fast Refresh] done in 255ms @ http://localhost:3000/_next/static/chunks/node_modules_next_dist_1e8vcs8._.js:776
[   67693ms] [LOG] [Fast Refresh] done in 255ms @ http://localhost:3000/_next/static/chunks/node_modules_next_dist_1e8vcs8._.js:776
[   67760ms] [LOG] [Fast Refresh] done in 255ms @ http://localhost:3000/_next/static/chunks/node_modules_next_dist_1e8vcs8._.js:776
[   67824ms] [LOG] [Fast Refresh] done in 255ms @ http://localhost:3000/_next/static/chunks/node_modules_next_dist_1e8vcs8._.js:776
[   67884ms] [LOG] [Fast Refresh] done in 255ms @ http://localhost:3000/_next/static/chunks/node_modules_next_dist_1e8vcs8._.js:776
[   67950ms] [LOG] [Fast Refresh] done in 255ms @ http://localhost:3000/_next/static/chunks/node_modules_next_dist_1e8vcs8._.js:776
[   68011ms] [LOG] [Fast Refresh] done in 255ms @ http://localhost:3000/_next/static/chunks/node_modules_next_dist_1e8vcs8._.js:776
[   68077ms] [LOG] [Fast Refresh] done in 255ms @ http://localhost:3000/_next/static/chunks/node_modules_next_dist_1e8vcs8._.js:776
[   68137ms] [LOG] [Fast Refresh] done in 255ms @ http://localhost:3000/_next/static/chunks/node_modules_next_dist_1e8vcs8._.js:776
[   68199ms] [LOG] [Fast Refresh] done in 255ms @ http://localhost:3000/_next/static/chunks/node_modules_next_dist_1e8vcs8._.js:776
[   68292ms] [LOG] [Fast Refresh] done in 255ms @ http://localhost:3000/_next/static/chunks/node_modules_next_dist_1e8vcs8._.js:776
[   68358ms] [LOG] [Fast Refresh] done in 255ms @ http://localhost:3000/_next/static/chunks/node_modules_next_dist_1e8vcs8._.js:776
[   68423ms] [LOG] [Fast Refresh] done in 255ms @ http://localhost:3000/_next/static/chunks/node_modules_next_dist_1e8vcs8._.js:776
[   68491ms] [LOG] [Fast Refresh] done in 255ms @ http://localhost:3000/_next/static/chunks/node_modules_next_dist_1e8vcs8._.js:776
[   68550ms] [LOG] [Fast Refresh] done in 255ms @ http://localhost:3000/_next/static/chunks/node_modules_next_dist_1e8vcs8._.js:776
[   68613ms] [LOG] [Fast Refresh] done in 255ms @ http://localhost:3000/_next/static/chunks/node_modules_next_dist_1e8vcs8._.js:776
[   68674ms] [LOG] [Fast Refresh] done in 255ms @ http://localhost:3000/_next/static/chunks/node_modules_next_dist_1e8vcs8._.js:776
[   68737ms] [LOG] [Fast Refresh] done in 255ms @ http://localhost:3000/_next/static/chunks/node_modules_next_dist_1e8vcs8._.js:776
[   68801ms] [LOG] [Fast Refresh] done in 255ms @ http://localhost:3000/_next/static/chunks/node_modules_next_dist_1e8vcs8._.js:776
[   68865ms] [LOG] [Fast Refresh] done in 255ms @ http://localhost:3000/_next/static/chunks/node_modules_next_dist_1e8vcs8._.js:776
[   68928ms] [LOG] [Fast Refresh] done in 255ms @ http://localhost:3000/_next/static/chunks/node_modules_next_dist_1e8vcs8._.js:776
[   68990ms] [LOG] [Fast Refresh] done in 255ms @ http://localhost:3000/_next/static/chunks/node_modules_next_dist_1e8vcs8._.js:776
[   69056ms] [LOG] [Fast Refresh] done in 255ms @ http://localhost:3000/_next/static/chunks/node_modules_next_dist_1e8vcs8._.js:776
[   69119ms] [LOG] [Fast Refresh] done in 255ms @ http://localhost:3000/_next/static/chunks/node_modules_next_dist_1e8vcs8._.js:776
[   69181ms] [LOG] [Fast Refresh] done in 255ms @ http://localhost:3000/_next/static/chunks/node_modules_next_dist_1e8vcs8._.js:776
[   69244ms] [LOG] [Fast Refresh] done in 255ms @ http://localhost:3000/_next/static/chunks/node_modules_next_dist_1e8vcs8._.js:776
[   69308ms] [LOG] [Fast Refresh] done in 255ms @ http://localhost:3000/_next/static/chunks/node_modules_next_dist_1e8vcs8._.js:776
[   69372ms] [LOG] [Fast Refresh] done in 255ms @ http://localhost:3000/_next/static/chunks/node_modules_next_dist_1e8vcs8._.js:776
[   69438ms] [LOG] [Fast Refresh] done in 255ms @ http://localhost:3000/_next/static/chunks/node_modules_next_dist_1e8vcs8._.js:776
[   69506ms] [LOG] [Fast Refresh] done in 255ms @ http://localhost:3000/_next/static/chunks/node_modules_next_dist_1e8vcs8._.js:776
[   69563ms] [LOG] [Fast Refresh] done in 255ms @ http://localhost:3000/_next/static/chunks/node_modules_next_dist_1e8vcs8._.js:776
[   69653ms] [LOG] [Fast Refresh] done in 255ms @ http://localhost:3000/_next/static/chunks/node_modules_next_dist_1e8vcs8._.js:776
[   69720ms] [LOG] [Fast Refresh] done in 255ms @ http://localhost:3000/_next/static/chunks/node_modules_next_dist_1e8vcs8._.js:776
[   69781ms] [LOG] [Fast Refresh] done in 255ms @ http://localhost:3000/_next/static/chunks/node_modules_next_dist_1e8vcs8._.js:776
[   69845ms] [LOG] [Fast Refresh] done in 255ms @ http://localhost:3000/_next/static/chunks/node_modules_next_dist_1e8vcs8._.js:776
[   69910ms] [LOG] [Fast Refresh] done in 255ms @ http://localhost:3000/_next/static/chunks/node_modules_next_dist_1e8vcs8._.js:776
[   69972ms] [LOG] [Fast Refresh] done in 255ms @ http://localhost:3000/_next/static/chunks/node_modules_next_dist_1e8vcs8._.js:776
[   70037ms] [LOG] [Fast Refresh] done in 255ms @ http://localhost:3000/_next/static/chunks/node_modules_next_dist_1e8vcs8._.js:776
[   70099ms] [LOG] [Fast Refresh] done in 255ms @ http://localhost:3000/_next/static/chunks/node_modules_next_dist_1e8vcs8._.js:776
[   70164ms] [LOG] [Fast Refresh] done in 255ms @ http://localhost:3000/_next/static/chunks/node_modules_next_dist_1e8vcs8._.js:776
[   70226ms] [LOG] [Fast Refresh] done in 255ms @ http://localhost:3000/_next/static/chunks/node_modules_next_dist_1e8vcs8._.js:776
[   70288ms] [LOG] [Fast Refresh] done in 255ms @ http://localhost:3000/_next/static/chunks/node_modules_next_dist_1e8vcs8._.js:776
[   70358ms] [LOG] [Fast Refresh] done in 255ms @ http://localhost:3000/_next/static/chunks/node_modules_next_dist_1e8vcs8._.js:776
[   70420ms] [LOG] [Fast Refresh] done in 255ms @ http://localhost:3000/_next/static/chunks/node_modules_next_dist_1e8vcs8._.js:776
[   70477ms] [LOG] [Fast Refresh] done in 255ms @ http://localhost:3000/_next/static/chunks/node_modules_next_dist_1e8vcs8._.js:776
[   70538ms] [LOG] [Fast Refresh] done in 255ms @ http://localhost:3000/_next/static/chunks/node_modules_next_dist_1e8vcs8._.js:776
[   70602ms] [LOG] [Fast Refresh] done in 255ms @ http://localhost:3000/_next/static/chunks/node_modules_next_dist_1e8vcs8._.js:776
[   70666ms] [LOG] [Fast Refresh] done in 255ms @ http://localhost:3000/_next/static/chunks/node_modules_next_dist_1e8vcs8._.js:776
[   70731ms] [LOG] [Fast Refresh] done in 255ms @ http://localhost:3000/_next/static/chunks/node_modules_next_dist_1e8vcs8._.js:776
[   70792ms] [LOG] [Fast Refresh] done in 255ms @ http://localhost:3000/_next/static/chunks/node_modules_next_dist_1e8vcs8._.js:776
[   70865ms] [LOG] [Fast Refresh] done in 255ms @ http://localhost:3000/_next/static/chunks/node_modules_next_dist_1e8vcs8._.js:776
[   70932ms] [LOG] [Fast Refresh] done in 255ms @ http://localhost:3000/_next/static/chunks/node_modules_next_dist_1e8vcs8._.js:776
[   70998ms] [LOG] [Fast Refresh] done in 255ms @ http://localhost:3000/_next/static/chunks/node_modules_next_dist_1e8vcs8._.js:776
[   71062ms] [LOG] [Fast Refresh] done in 255ms @ http://localhost:3000/_next/static/chunks/node_modules_next_dist_1e8vcs8._.js:776
[   71124ms] [LOG] [Fast Refresh] done in 255ms @ http://localhost:3000/_next/static/chunks/node_modules_next_dist_1e8vcs8._.js:776
[   71186ms] [LOG] [Fast Refresh] done in 255ms @ http://localhost:3000/_next/static/chunks/node_modules_next_dist_1e8vcs8._.js:776
[   71250ms] [LOG] [Fast Refresh] done in 255ms @ http://localhost:3000/_next/static/chunks/node_modules_next_dist_1e8vcs8._.js:776
[   71313ms] [LOG] [Fast Refresh] done in 255ms @ http://localhost:3000/_next/static/chunks/node_modules_next_dist_1e8vcs8._.js:776
[   71374ms] [LOG] [Fast Refresh] done in 255ms @ http://localhost:3000/_next/static/chunks/node_modules_next_dist_1e8vcs8._.js:776
[   71438ms] [LOG] [Fast Refresh] done in 255ms @ http://localhost:3000/_next/static/chunks/node_modules_next_dist_1e8vcs8._.js:776
[   71501ms] [LOG] [Fast Refresh] done in 255ms @ http://localhost:3000/_next/static/chunks/node_modules_next_dist_1e8vcs8._.js:776
[   71567ms] [LOG] [Fast Refresh] done in 255ms @ http://localhost:3000/_next/static/chunks/node_modules_next_dist_1e8vcs8._.js:776
[   71653ms] [LOG] [Fast Refresh] done in 255ms @ http://localhost:3000/_next/static/chunks/node_modules_next_dist_1e8vcs8._.js:776
[   71709ms] [LOG] [Fast Refresh] done in 255ms @ http://localhost:3000/_next/static/chunks/node_modules_next_dist_1e8vcs8._.js:776
[   71770ms] [LOG] [Fast Refresh] done in 255ms @ http://localhost:3000/_next/static/chunks/node_modules_next_dist_1e8vcs8._.js:776
[   71835ms] [LOG] [Fast Refresh] done in 255ms @ http://localhost:3000/_next/static/chunks/node_modules_next_dist_1e8vcs8._.js:776
[   71897ms] [LOG] [Fast Refresh] done in 255ms @ http://localhost:3000/_next/static/chunks/node_modules_next_dist_1e8vcs8._.js:776
[   71977ms] [LOG] [Fast Refresh] done in 255ms @ http://localhost:3000/_next/static/chunks/node_modules_next_dist_1e8vcs8._.js:776
[   72041ms] [LOG] [Fast Refresh] done in 255ms @ http://localhost:3000/_next/static/chunks/node_modules_next_dist_1e8vcs8._.js:776
[   72105ms] [LOG] [Fast Refresh] done in 255ms @ http://localhost:3000/_next/static/chunks/node_modules_next_dist_1e8vcs8._.js:776
[   72168ms] [LOG] [Fast Refresh] done in 255ms @ http://localhost:3000/_next/static/chunks/node_modules_next_dist_1e8vcs8._.js:776
[   72230ms] [LOG] [Fast Refresh] done in 255ms @ http://localhost:3000/_next/static/chunks/node_modules_next_dist_1e8vcs8._.js:776
[   72300ms] [LOG] [Fast Refresh] done in 255ms @ http://localhost:3000/_next/static/chunks/node_modules_next_dist_1e8vcs8._.js:776
[   72365ms] [LOG] [Fast Refresh] done in 255ms @ http://localhost:3000/_next/static/chunks/node_modules_next_dist_1e8vcs8._.js:776
[   72434ms] [LOG] [Fast Refresh] done in 255ms @ http://localhost:3000/_next/static/chunks/node_modules_next_dist_1e8vcs8._.js:776
[   72498ms] [LOG] [Fast Refresh] done in 255ms @ http://localhost:3000/_next/static/chunks/node_modules_next_dist_1e8vcs8._.js:776
[   72560ms] [LOG] [Fast Refresh] done in 255ms @ http://localhost:3000/_next/static/chunks/node_modules_next_dist_1e8vcs8._.js:776
[   72628ms] [LOG] [Fast Refresh] done in 255ms @ http://localhost:3000/_next/static/chunks/node_modules_next_dist_1e8vcs8._.js:776
[   72687ms] [LOG] [Fast Refresh] done in 255ms @ http://localhost:3000/_next/static/chunks/node_modules_next_dist_1e8vcs8._.js:776
[   72751ms] [LOG] [Fast Refresh] done in 255ms @ http://localhost:3000/_next/static/chunks/node_modules_next_dist_1e8vcs8._.js:776
[   72816ms] [LOG] [Fast Refresh] done in 255ms @ http://localhost:3000/_next/static/chunks/node_modules_next_dist_1e8vcs8._.js:776
[   72880ms] [LOG] [Fast Refresh] done in 255ms @ http://localhost:3000/_next/static/chunks/node_modules_next_dist_1e8vcs8._.js:776
[   72951ms] [LOG] [Fast Refresh] done in 255ms @ http://localhost:3000/_next/static/chunks/node_modules_next_dist_1e8vcs8._.js:776
[   73021ms] [LOG] [Fast Refresh] done in 255ms @ http://localhost:3000/_next/static/chunks/node_modules_next_dist_1e8vcs8._.js:776
[   73084ms] [LOG] [Fast Refresh] done in 255ms @ http://localhost:3000/_next/static/chunks/node_modules_next_dist_1e8vcs8._.js:776
[   73159ms] [LOG] [Fast Refresh] done in 255ms @ http://localhost:3000/_next/static/chunks/node_modules_next_dist_1e8vcs8._.js:776
[   73224ms] [LOG] [Fast Refresh] done in 255ms @ http://localhost:3000/_next/static/chunks/node_modules_next_dist_1e8vcs8._.js:776
[   73287ms] [LOG] [Fast Refresh] done in 255ms @ http://localhost:3000/_next/static/chunks/node_modules_next_dist_1e8vcs8._.js:776
[   73348ms] [LOG] [Fast Refresh] done in 255ms @ http://localhost:3000/_next/static/chunks/node_modules_next_dist_1e8vcs8._.js:776
[   73419ms] [LOG] [Fast Refresh] done in 255ms @ http://localhost:3000/_next/static/chunks/node_modules_next_dist_1e8vcs8._.js:776
[   73474ms] [LOG] [Fast Refresh] done in 255ms @ http://localhost:3000/_next/static/chunks/node_modules_next_dist_1e8vcs8._.js:776
[   73538ms] [LOG] [Fast Refresh] done in 255ms @ http://localhost:3000/_next/static/chunks/node_modules_next_dist_1e8vcs8._.js:776
[   73601ms] [LOG] [Fast Refresh] done in 255ms @ http://localhost:3000/_next/static/chunks/node_modules_next_dist_1e8vcs8._.js:776
[   73664ms] [LOG] [Fast Refresh] done in 255ms @ http://localhost:3000/_next/static/chunks/node_modules_next_dist_1e8vcs8._.js:776
[   73727ms] [LOG] [Fast Refresh] done in 255ms @ http://localhost:3000/_next/static/chunks/node_modules_next_dist_1e8vcs8._.js:776
[   73792ms] [LOG] [Fast Refresh] done in 255ms @ http://localhost:3000/_next/static/chunks/node_modules_next_dist_1e8vcs8._.js:776
[   73855ms] [LOG] [Fast Refresh] done in 255ms @ http://localhost:3000/_next/static/chunks/node_modules_next_dist_1e8vcs8._.js:776
[   73916ms] [LOG] [Fast Refresh] done in 255ms @ http://localhost:3000/_next/static/chunks/node_modules_next_dist_1e8vcs8._.js:776
[   73980ms] [LOG] [Fast Refresh] done in 255ms @ http://localhost:3000/_next/static/chunks/node_modules_next_dist_1e8vcs8._.js:776
[   74049ms] [LOG] [Fast Refresh] done in 255ms @ http://localhost:3000/_next/static/chunks/node_modules_next_dist_1e8vcs8._.js:776
[   74108ms] [LOG] [Fast Refresh] done in 255ms @ http://localhost:3000/_next/static/chunks/node_modules_next_dist_1e8vcs8._.js:776
[   74205ms] [LOG] [Fast Refresh] done in 255ms @ http://localhost:3000/_next/static/chunks/node_modules_next_dist_1e8vcs8._.js:776
[   74288ms] [LOG] [Fast Refresh] done in 255ms @ http://localhost:3000/_next/static/chunks/node_modules_next_dist_1e8vcs8._.js:776
[   74355ms] [LOG] [Fast Refresh] done in 255ms @ http://localhost:3000/_next/static/chunks/node_modules_next_dist_1e8vcs8._.js:776
[   74423ms] [LOG] [Fast Refresh] done in 255ms @ http://localhost:3000/_next/static/chunks/node_modules_next_dist_1e8vcs8._.js:776
[   74482ms] [LOG] [Fast Refresh] done in 255ms @ http://localhost:3000/_next/static/chunks/node_modules_next_dist_1e8vcs8._.js:776
[   74542ms] [LOG] [Fast Refresh] done in 255ms @ http://localhost:3000/_next/static/chunks/node_modules_next_dist_1e8vcs8._.js:776
[   74613ms] [LOG] [Fast Refresh] done in 255ms @ http://localhost:3000/_next/static/chunks/node_modules_next_dist_1e8vcs8._.js:776
[   74669ms] [LOG] [Fast Refresh] done in 255ms @ http://localhost:3000/_next/static/chunks/node_modules_next_dist_1e8vcs8._.js:776
[   74837ms] [LOG] [Fast Refresh] done in 255ms @ http://localhost:3000/_next/static/chunks/node_modules_next_dist_1e8vcs8._.js:776
[   74902ms] [LOG] [Fast Refresh] done in 255ms @ http://localhost:3000/_next/static/chunks/node_modules_next_dist_1e8vcs8._.js:776
[   74967ms] [LOG] [Fast Refresh] done in 255ms @ http://localhost:3000/_next/static/chunks/node_modules_next_dist_1e8vcs8._.js:776
[   75031ms] [LOG] [Fast Refresh] done in 255ms @ http://localhost:3000/_next/static/chunks/node_modules_next_dist_1e8vcs8._.js:776
[   75092ms] [LOG] [Fast Refresh] done in 255ms @ http://localhost:3000/_next/static/chunks/node_modules_next_dist_1e8vcs8._.js:776
[   75156ms] [LOG] [Fast Refresh] done in 255ms @ http://localhost:3000/_next/static/chunks/node_modules_next_dist_1e8vcs8._.js:776
[   75219ms] [LOG] [Fast Refresh] done in 255ms @ http://localhost:3000/_next/static/chunks/node_modules_next_dist_1e8vcs8._.js:776
[   75283ms] [LOG] [Fast Refresh] done in 255ms @ http://localhost:3000/_next/static/chunks/node_modules_next_dist_1e8vcs8._.js:776
[   75344ms] [LOG] [Fast Refresh] done in 255ms @ http://localhost:3000/_next/static/chunks/node_modules_next_dist_1e8vcs8._.js:776
[   75409ms] [LOG] [Fast Refresh] done in 255ms @ http://localhost:3000/_next/static/chunks/node_modules_next_dist_1e8vcs8._.js:776
[   75471ms] [LOG] [Fast Refresh] done in 255ms @ http://localhost:3000/_next/static/chunks/node_modules_next_dist_1e8vcs8._.js:776
[   75539ms] [LOG] [Fast Refresh] done in 255ms @ http://localhost:3000/_next/static/chunks/node_modules_next_dist_1e8vcs8._.js:776
[   75638ms] [LOG] [Fast Refresh] done in 255ms @ http://localhost:3000/_next/static/chunks/node_modules_next_dist_1e8vcs8._.js:776
[   75705ms] [LOG] [Fast Refresh] done in 255ms @ http://localhost:3000/_next/static/chunks/node_modules_next_dist_1e8vcs8._.js:776
[   75774ms] [LOG] [Fast Refresh] done in 255ms @ http://localhost:3000/_next/static/chunks/node_modules_next_dist_1e8vcs8._.js:776
[   75844ms] [LOG] [Fast Refresh] done in 255ms @ http://localhost:3000/_next/static/chunks/node_modules_next_dist_1e8vcs8._.js:776
[   75914ms] [LOG] [Fast Refresh] done in 255ms @ http://localhost:3000/_next/static/chunks/node_modules_next_dist_1e8vcs8._.js:776
[   75996ms] [LOG] [Fast Refresh] done in 255ms @ http://localhost:3000/_next/static/chunks/node_modules_next_dist_1e8vcs8._.js:776
[   76071ms] [LOG] [Fast Refresh] done in 255ms @ http://localhost:3000/_next/static/chunks/node_modules_next_dist_1e8vcs8._.js:776
[   76146ms] [LOG] [Fast Refresh] done in 255ms @ http://localhost:3000/_next/static/chunks/node_modules_next_dist_1e8vcs8._.js:776
[   76207ms] [LOG] [Fast Refresh] done in 255ms @ http://localhost:3000/_next/static/chunks/node_modules_next_dist_1e8vcs8._.js:776
[   76271ms] [LOG] [Fast Refresh] done in 255ms @ http://localhost:3000/_next/static/chunks/node_modules_next_dist_1e8vcs8._.js:776
[   76336ms] [LOG] [Fast Refresh] done in 255ms @ http://localhost:3000/_next/static/chunks/node_modules_next_dist_1e8vcs8._.js:776
[   76413ms] [LOG] [Fast Refresh] done in 255ms @ http://localhost:3000/_next/static/chunks/node_modules_next_dist_1e8vcs8._.js:776
[   76478ms] [LOG] [Fast Refresh] done in 255ms @ http://localhost:3000/_next/static/chunks/node_modules_next_dist_1e8vcs8._.js:776
[   76538ms] [LOG] [Fast Refresh] done in 255ms @ http://localhost:3000/_next/static/chunks/node_modules_next_dist_1e8vcs8._.js:776
[   76617ms] [LOG] [Fast Refresh] done in 255ms @ http://localhost:3000/_next/static/chunks/node_modules_next_dist_1e8vcs8._.js:776
[   76692ms] [LOG] [Fast Refresh] done in 255ms @ http://localhost:3000/_next/static/chunks/node_modules_next_dist_1e8vcs8._.js:776
[   76818ms] [LOG] [Fast Refresh] done in 255ms @ http://localhost:3000/_next/static/chunks/node_modules_next_dist_1e8vcs8._.js:776
[   76884ms] [LOG] [Fast Refresh] done in 255ms @ http://localhost:3000/_next/static/chunks/node_modules_next_dist_1e8vcs8._.js:776
[   76964ms] [LOG] [Fast Refresh] done in 255ms @ http://localhost:3000/_next/static/chunks/node_modules_next_dist_1e8vcs8._.js:776
[   77045ms] [LOG] [Fast Refresh] done in 255ms @ http://localhost:3000/_next/static/chunks/node_modules_next_dist_1e8vcs8._.js:776
[   77108ms] [LOG] [Fast Refresh] done in 255ms @ http://localhost:3000/_next/static/chunks/node_modules_next_dist_1e8vcs8._.js:776
[   77174ms] [LOG] [Fast Refresh] done in 255ms @ http://localhost:3000/_next/static/chunks/node_modules_next_dist_1e8vcs8._.js:776
[   77249ms] [LOG] [Fast Refresh] done in 255ms @ http://localhost:3000/_next/static/chunks/node_modules_next_dist_1e8vcs8._.js:776
[   77312ms] [LOG] [Fast Refresh] done in 255ms @ http://localhost:3000/_next/static/chunks/node_modules_next_dist_1e8vcs8._.js:776
[   77376ms] [LOG] [Fast Refresh] done in 255ms @ http://localhost:3000/_next/static/chunks/node_modules_next_dist_1e8vcs8._.js:776
[   77615ms] [LOG] [Fast Refresh] done in 255ms @ http://localhost:3000/_next/static/chunks/node_modules_next_dist_1e8vcs8._.js:776
[   77710ms] [LOG] [Fast Refresh] done in 255ms @ http://localhost:3000/_next/static/chunks/node_modules_next_dist_1e8vcs8._.js:776
[   77772ms] [LOG] [Fast Refresh] done in 255ms @ http://localhost:3000/_next/static/chunks/node_modules_next_dist_1e8vcs8._.js:776
[   77836ms] [LOG] [Fast Refresh] done in 255ms @ http://localhost:3000/_next/static/chunks/node_modules_next_dist_1e8vcs8._.js:776
[   77896ms] [LOG] [Fast Refresh] done in 255ms @ http://localhost:3000/_next/static/chunks/node_modules_next_dist_1e8vcs8._.js:776
[   77960ms] [LOG] [Fast Refresh] done in 255ms @ http://localhost:3000/_next/static/chunks/node_modules_next_dist_1e8vcs8._.js:776
[   78024ms] [LOG] [Fast Refresh] done in 255ms @ http://localhost:3000/_next/static/chunks/node_modules_next_dist_1e8vcs8._.js:776
[   78087ms] [LOG] [Fast Refresh] done in 255ms @ http://localhost:3000/_next/static/chunks/node_modules_next_dist_1e8vcs8._.js:776
[   78148ms] [LOG] [Fast Refresh] done in 255ms @ http://localhost:3000/_next/static/chunks/node_modules_next_dist_1e8vcs8._.js:776
[   78213ms] [LOG] [Fast Refresh] done in 255ms @ http://localhost:3000/_next/static/chunks/node_modules_next_dist_1e8vcs8._.js:776
[   78280ms] [LOG] [Fast Refresh] done in 255ms @ http://localhost:3000/_next/static/chunks/node_modules_next_dist_1e8vcs8._.js:776
[   78343ms] [LOG] [Fast Refresh] done in 255ms @ http://localhost:3000/_next/static/chunks/node_modules_next_dist_1e8vcs8._.js:776
[   78420ms] [LOG] [Fast Refresh] done in 255ms @ http://localhost:3000/_next/static/chunks/node_modules_next_dist_1e8vcs8._.js:776
[   78506ms] [LOG] [Fast Refresh] done in 255ms @ http://localhost:3000/_next/static/chunks/node_modules_next_dist_1e8vcs8._.js:776
[   78578ms] [LOG] [Fast Refresh] done in 255ms @ http://localhost:3000/_next/static/chunks/node_modules_next_dist_1e8vcs8._.js:776
[   78642ms] [LOG] [Fast Refresh] done in 255ms @ http://localhost:3000/_next/static/chunks/node_modules_next_dist_1e8vcs8._.js:776
[   78707ms] [LOG] [Fast Refresh] done in 255ms @ http://localhost:3000/_next/static/chunks/node_modules_next_dist_1e8vcs8._.js:776
[   78766ms] [LOG] [Fast Refresh] done in 255ms @ http://localhost:3000/_next/static/chunks/node_modules_next_dist_1e8vcs8._.js:776
[   78832ms] [LOG] [Fast Refresh] done in 255ms @ http://localhost:3000/_next/static/chunks/node_modules_next_dist_1e8vcs8._.js:776
[   78895ms] [LOG] [Fast Refresh] done in 255ms @ http://localhost:3000/_next/static/chunks/node_modules_next_dist_1e8vcs8._.js:776
[   78974ms] [LOG] [Fast Refresh] done in 255ms @ http://localhost:3000/_next/static/chunks/node_modules_next_dist_1e8vcs8._.js:776
[   79034ms] [LOG] [Fast Refresh] done in 255ms @ http://localhost:3000/_next/static/chunks/node_modules_next_dist_1e8vcs8._.js:776
[   79098ms] [LOG] [Fast Refresh] done in 255ms @ http://localhost:3000/_next/static/chunks/node_modules_next_dist_1e8vcs8._.js:776
[   79164ms] [LOG] [Fast Refresh] done in 255ms @ http://localhost:3000/_next/static/chunks/node_modules_next_dist_1e8vcs8._.js:776
[   79233ms] [LOG] [Fast Refresh] done in 255ms @ http://localhost:3000/_next/static/chunks/node_modules_next_dist_1e8vcs8._.js:776
[   79307ms] [LOG] [Fast Refresh] done in 255ms @ http://localhost:3000/_next/static/chunks/node_modules_next_dist_1e8vcs8._.js:776
[   79366ms] [LOG] [Fast Refresh] done in 255ms @ http://localhost:3000/_next/static/chunks/node_modules_next_dist_1e8vcs8._.js:776
[   79430ms] [LOG] [Fast Refresh] done in 255ms @ http://localhost:3000/_next/static/chunks/node_modules_next_dist_1e8vcs8._.js:776
[   79493ms] [LOG] [Fast Refresh] done in 255ms @ http://localhost:3000/_next/static/chunks/node_modules_next_dist_1e8vcs8._.js:776
[   79559ms] [LOG] [Fast Refresh] done in 255ms @ http://localhost:3000/_next/static/chunks/node_modules_next_dist_1e8vcs8._.js:776
[   79619ms] [LOG] [Fast Refresh] done in 255ms @ http://localhost:3000/_next/static/chunks/node_modules_next_dist_1e8vcs8._.js:776
[   79686ms] [LOG] [Fast Refresh] done in 255ms @ http://localhost:3000/_next/static/chunks/node_modules_next_dist_1e8vcs8._.js:776
[   79762ms] [LOG] [Fast Refresh] done in 255ms @ http://localhost:3000/_next/static/chunks/node_modules_next_dist_1e8vcs8._.js:776
[   79824ms] [LOG] [Fast Refresh] done in 255ms @ http://localhost:3000/_next/static/chunks/node_modules_next_dist_1e8vcs8._.js:776
[   79890ms] [LOG] [Fast Refresh] done in 255ms @ http://localhost:3000/_next/static/chunks/node_modules_next_dist_1e8vcs8._.js:776
[   79966ms] [LOG] [Fast Refresh] done in 255ms @ http://localhost:3000/_next/static/chunks/node_modules_next_dist_1e8vcs8._.js:776
[   80029ms] [LOG] [Fast Refresh] done in 255ms @ http://localhost:3000/_next/static/chunks/node_modules_next_dist_1e8vcs8._.js:776
[   80092ms] [LOG] [Fast Refresh] done in 255ms @ http://localhost:3000/_next/static/chunks/node_modules_next_dist_1e8vcs8._.js:776
[   80156ms] [LOG] [Fast Refresh] done in 255ms @ http://localhost:3000/_next/static/chunks/node_modules_next_dist_1e8vcs8._.js:776
[   80218ms] [LOG] [Fast Refresh] done in 255ms @ http://localhost:3000/_next/static/chunks/node_modules_next_dist_1e8vcs8._.js:776
[   80280ms] [LOG] [Fast Refresh] done in 255ms @ http://localhost:3000/_next/static/chunks/node_modules_next_dist_1e8vcs8._.js:776
[   80343ms] [LOG] [Fast Refresh] done in 255ms @ http://localhost:3000/_next/static/chunks/node_modules_next_dist_1e8vcs8._.js:776
[   80407ms] [LOG] [Fast Refresh] done in 255ms @ http://localhost:3000/_next/static/chunks/node_modules_next_dist_1e8vcs8._.js:776
[   80469ms] [LOG] [Fast Refresh] done in 255ms @ http://localhost:3000/_next/static/chunks/node_modules_next_dist_1e8vcs8._.js:776
[   80532ms] [LOG] [Fast Refresh] done in 255ms @ http://localhost:3000/_next/static/chunks/node_modules_next_dist_1e8vcs8._.js:776
[   80597ms] [LOG] [Fast Refresh] done in 255ms @ http://localhost:3000/_next/static/chunks/node_modules_next_dist_1e8vcs8._.js:776
[   80661ms] [LOG] [Fast Refresh] done in 255ms @ http://localhost:3000/_next/static/chunks/node_modules_next_dist_1e8vcs8._.js:776
[   80722ms] [LOG] [Fast Refresh] done in 255ms @ http://localhost:3000/_next/static/chunks/node_modules_next_dist_1e8vcs8._.js:776
[   80787ms] [LOG] [Fast Refresh] done in 255ms @ http://localhost:3000/_next/static/chunks/node_modules_next_dist_1e8vcs8._.js:776
[   80853ms] [LOG] [Fast Refresh] done in 255ms @ http://localhost:3000/_next/static/chunks/node_modules_next_dist_1e8vcs8._.js:776
[   80915ms] [LOG] [Fast Refresh] done in 255ms @ http://localhost:3000/_next/static/chunks/node_modules_next_dist_1e8vcs8._.js:776
[   80976ms] [LOG] [Fast Refresh] done in 255ms @ http://localhost:3000/_next/static/chunks/node_modules_next_dist_1e8vcs8._.js:776
[   81042ms] [LOG] [Fast Refresh] done in 255ms @ http://localhost:3000/_next/static/chunks/node_modules_next_dist_1e8vcs8._.js:776
[   81114ms] [LOG] [Fast Refresh] done in 255ms @ http://localhost:3000/_next/static/chunks/node_modules_next_dist_1e8vcs8._.js:776
[   81193ms] [LOG] [Fast Refresh] done in 255ms @ http://localhost:3000/_next/static/chunks/node_modules_next_dist_1e8vcs8._.js:776
[   81261ms] [LOG] [Fast Refresh] done in 255ms @ http://localhost:3000/_next/static/chunks/node_modules_next_dist_1e8vcs8._.js:776
[   81326ms] [LOG] [Fast Refresh] done in 255ms @ http://localhost:3000/_next/static/chunks/node_modules_next_dist_1e8vcs8._.js:776
[   81390ms] [LOG] [Fast Refresh] done in 255ms @ http://localhost:3000/_next/static/chunks/node_modules_next_dist_1e8vcs8._.js:776
[   81455ms] [LOG] [Fast Refresh] done in 255ms @ http://localhost:3000/_next/static/chunks/node_modules_next_dist_1e8vcs8._.js:776
[   81527ms] [LOG] [Fast Refresh] done in 255ms @ http://localhost:3000/_next/static/chunks/node_modules_next_dist_1e8vcs8._.js:776
[   81596ms] [LOG] [Fast Refresh] done in 255ms @ http://localhost:3000/_next/static/chunks/node_modules_next_dist_1e8vcs8._.js:776
[   81671ms] [LOG] [Fast Refresh] done in 255ms @ http://localhost:3000/_next/static/chunks/node_modules_next_dist_1e8vcs8._.js:776
[   81739ms] [LOG] [Fast Refresh] done in 255ms @ http://localhost:3000/_next/static/chunks/node_modules_next_dist_1e8vcs8._.js:776
[   81799ms] [LOG] [Fast Refresh] done in 255ms @ http://localhost:3000/_next/static/chunks/node_modules_next_dist_1e8vcs8._.js:776
[   81859ms] [LOG] [Fast Refresh] done in 255ms @ http://localhost:3000/_next/static/chunks/node_modules_next_dist_1e8vcs8._.js:776
[   81922ms] [LOG] [Fast Refresh] done in 255ms @ http://localhost:3000/_next/static/chunks/node_modules_next_dist_1e8vcs8._.js:776
[   81986ms] [LOG] [Fast Refresh] done in 255ms @ http://localhost:3000/_next/static/chunks/node_modules_next_dist_1e8vcs8._.js:776
[   82049ms] [LOG] [Fast Refresh] done in 255ms @ http://localhost:3000/_next/static/chunks/node_modules_next_dist_1e8vcs8._.js:776
[   82112ms] [LOG] [Fast Refresh] done in 255ms @ http://localhost:3000/_next/static/chunks/node_modules_next_dist_1e8vcs8._.js:776
[   82177ms] [LOG] [Fast Refresh] done in 255ms @ http://localhost:3000/_next/static/chunks/node_modules_next_dist_1e8vcs8._.js:776
[   82240ms] [LOG] [Fast Refresh] done in 255ms @ http://localhost:3000/_next/static/chunks/node_modules_next_dist_1e8vcs8._.js:776
[   82303ms] [LOG] [Fast Refresh] done in 255ms @ http://localhost:3000/_next/static/chunks/node_modules_next_dist_1e8vcs8._.js:776
[   82364ms] [LOG] [Fast Refresh] done in 255ms @ http://localhost:3000/_next/static/chunks/node_modules_next_dist_1e8vcs8._.js:776
[   82431ms] [LOG] [Fast Refresh] done in 255ms @ http://localhost:3000/_next/static/chunks/node_modules_next_dist_1e8vcs8._.js:776
[   82493ms] [LOG] [Fast Refresh] done in 255ms @ http://localhost:3000/_next/static/chunks/node_modules_next_dist_1e8vcs8._.js:776
[   82554ms] [LOG] [Fast Refresh] done in 255ms @ http://localhost:3000/_next/static/chunks/node_modules_next_dist_1e8vcs8._.js:776
[   82619ms] [LOG] [Fast Refresh] done in 255ms @ http://localhost:3000/_next/static/chunks/node_modules_next_dist_1e8vcs8._.js:776
[   82683ms] [LOG] [Fast Refresh] done in 255ms @ http://localhost:3000/_next/static/chunks/node_modules_next_dist_1e8vcs8._.js:776
[   82747ms] [LOG] [Fast Refresh] done in 255ms @ http://localhost:3000/_next/static/chunks/node_modules_next_dist_1e8vcs8._.js:776
[   82811ms] [LOG] [Fast Refresh] done in 255ms @ http://localhost:3000/_next/static/chunks/node_modules_next_dist_1e8vcs8._.js:776
[   82871ms] [LOG] [Fast Refresh] done in 255ms @ http://localhost:3000/_next/static/chunks/node_modules_next_dist_1e8vcs8._.js:776
[   82938ms] [LOG] [Fast Refresh] done in 255ms @ http://localhost:3000/_next/static/chunks/node_modules_next_dist_1e8vcs8._.js:776
[   82997ms] [LOG] [Fast Refresh] done in 255ms @ http://localhost:3000/_next/static/chunks/node_modules_next_dist_1e8vcs8._.js:776
[   83064ms] [LOG] [Fast Refresh] done in 255ms @ http://localhost:3000/_next/static/chunks/node_modules_next_dist_1e8vcs8._.js:776
[   83125ms] [LOG] [Fast Refresh] done in 255ms @ http://localhost:3000/_next/static/chunks/node_modules_next_dist_1e8vcs8._.js:776
[   83188ms] [LOG] [Fast Refresh] done in 255ms @ http://localhost:3000/_next/static/chunks/node_modules_next_dist_1e8vcs8._.js:776
[   83251ms] [LOG] [Fast Refresh] done in 255ms @ http://localhost:3000/_next/static/chunks/node_modules_next_dist_1e8vcs8._.js:776
[   83317ms] [LOG] [Fast Refresh] done in 255ms @ http://localhost:3000/_next/static/chunks/node_modules_next_dist_1e8vcs8._.js:776
[   83381ms] [LOG] [Fast Refresh] done in 255ms @ http://localhost:3000/_next/static/chunks/node_modules_next_dist_1e8vcs8._.js:776
[   83442ms] [LOG] [Fast Refresh] done in 255ms @ http://localhost:3000/_next/static/chunks/node_modules_next_dist_1e8vcs8._.js:776
[   83505ms] [LOG] [Fast Refresh] done in 255ms @ http://localhost:3000/_next/static/chunks/node_modules_next_dist_1e8vcs8._.js:776
[   83568ms] [LOG] [Fast Refresh] done in 255ms @ http://localhost:3000/_next/static/chunks/node_modules_next_dist_1e8vcs8._.js:776
[   83630ms] [LOG] [Fast Refresh] done in 255ms @ http://localhost:3000/_next/static/chunks/node_modules_next_dist_1e8vcs8._.js:776
[   83696ms] [LOG] [Fast Refresh] done in 255ms @ http://localhost:3000/_next/static/chunks/node_modules_next_dist_1e8vcs8._.js:776
[   83756ms] [LOG] [Fast Refresh] done in 255ms @ http://localhost:3000/_next/static/chunks/node_modules_next_dist_1e8vcs8._.js:776
[   83823ms] [LOG] [Fast Refresh] done in 255ms @ http://localhost:3000/_next/static/chunks/node_modules_next_dist_1e8vcs8._.js:776
[   83883ms] [LOG] [Fast Refresh] done in 255ms @ http://localhost:3000/_next/static/chunks/node_modules_next_dist_1e8vcs8._.js:776
[   83948ms] [LOG] [Fast Refresh] done in 255ms @ http://localhost:3000/_next/static/chunks/node_modules_next_dist_1e8vcs8._.js:776
[   84011ms] [LOG] [Fast Refresh] done in 255ms @ http://localhost:3000/_next/static/chunks/node_modules_next_dist_1e8vcs8._.js:776
[   84073ms] [LOG] [Fast Refresh] done in 255ms @ http://localhost:3000/_next/static/chunks/node_modules_next_dist_1e8vcs8._.js:776
[   84138ms] [LOG] [Fast Refresh] done in 255ms @ http://localhost:3000/_next/static/chunks/node_modules_next_dist_1e8vcs8._.js:776
[   84200ms] [LOG] [Fast Refresh] done in 255ms @ http://localhost:3000/_next/static/chunks/node_modules_next_dist_1e8vcs8._.js:776
[   84269ms] [LOG] [Fast Refresh] done in 255ms @ http://localhost:3000/_next/static/chunks/node_modules_next_dist_1e8vcs8._.js:776
[   84333ms] [LOG] [Fast Refresh] done in 255ms @ http://localhost:3000/_next/static/chunks/node_modules_next_dist_1e8vcs8._.js:776
[   84404ms] [LOG] [Fast Refresh] done in 255ms @ http://localhost:3000/_next/static/chunks/node_modules_next_dist_1e8vcs8._.js:776
[   84466ms] [LOG] [Fast Refresh] done in 255ms @ http://localhost:3000/_next/static/chunks/node_modules_next_dist_1e8vcs8._.js:776
[   84533ms] [LOG] [Fast Refresh] done in 255ms @ http://localhost:3000/_next/static/chunks/node_modules_next_dist_1e8vcs8._.js:776
[   84595ms] [LOG] [Fast Refresh] done in 255ms @ http://localhost:3000/_next/static/chunks/node_modules_next_dist_1e8vcs8._.js:776
[   84660ms] [LOG] [Fast Refresh] done in 255ms @ http://localhost:3000/_next/static/chunks/node_modules_next_dist_1e8vcs8._.js:776
[   84724ms] [LOG] [Fast Refresh] done in 255ms @ http://localhost:3000/_next/static/chunks/node_modules_next_dist_1e8vcs8._.js:776
[   84784ms] [LOG] [Fast Refresh] done in 255ms @ http://localhost:3000/_next/static/chunks/node_modules_next_dist_1e8vcs8._.js:776
[   84848ms] [LOG] [Fast Refresh] done in 255ms @ http://localhost:3000/_next/static/chunks/node_modules_next_dist_1e8vcs8._.js:776
[   84911ms] [LOG] [Fast Refresh] done in 255ms @ http://localhost:3000/_next/static/chunks/node_modules_next_dist_1e8vcs8._.js:776
[   84972ms] [LOG] [Fast Refresh] done in 255ms @ http://localhost:3000/_next/static/chunks/node_modules_next_dist_1e8vcs8._.js:776
[   85035ms] [LOG] [Fast Refresh] done in 255ms @ http://localhost:3000/_next/static/chunks/node_modules_next_dist_1e8vcs8._.js:776
[   85097ms] [LOG] [Fast Refresh] done in 255ms @ http://localhost:3000/_next/static/chunks/node_modules_next_dist_1e8vcs8._.js:776
[   85164ms] [LOG] [Fast Refresh] done in 255ms @ http://localhost:3000/_next/static/chunks/node_modules_next_dist_1e8vcs8._.js:776
[   85227ms] [LOG] [Fast Refresh] done in 255ms @ http://localhost:3000/_next/static/chunks/node_modules_next_dist_1e8vcs8._.js:776
[   85288ms] [LOG] [Fast Refresh] done in 255ms @ http://localhost:3000/_next/static/chunks/node_modules_next_dist_1e8vcs8._.js:776
[   85350ms] [LOG] [Fast Refresh] done in 255ms @ http://localhost:3000/_next/static/chunks/node_modules_next_dist_1e8vcs8._.js:776
[   85413ms] [LOG] [Fast Refresh] done in 255ms @ http://localhost:3000/_next/static/chunks/node_modules_next_dist_1e8vcs8._.js:776
[   85478ms] [LOG] [Fast Refresh] done in 255ms @ http://localhost:3000/_next/static/chunks/node_modules_next_dist_1e8vcs8._.js:776
[   85539ms] [LOG] [Fast Refresh] done in 255ms @ http://localhost:3000/_next/static/chunks/node_modules_next_dist_1e8vcs8._.js:776
[   85607ms] [LOG] [Fast Refresh] done in 255ms @ http://localhost:3000/_next/static/chunks/node_modules_next_dist_1e8vcs8._.js:776
[   85667ms] [LOG] [Fast Refresh] done in 255ms @ http://localhost:3000/_next/static/chunks/node_modules_next_dist_1e8vcs8._.js:776
[   85728ms] [LOG] [Fast Refresh] done in 255ms @ http://localhost:3000/_next/static/chunks/node_modules_next_dist_1e8vcs8._.js:776
[   85792ms] [LOG] [Fast Refresh] done in 255ms @ http://localhost:3000/_next/static/chunks/node_modules_next_dist_1e8vcs8._.js:776
[   85858ms] [LOG] [Fast Refresh] done in 255ms @ http://localhost:3000/_next/static/chunks/node_modules_next_dist_1e8vcs8._.js:776
[   85922ms] [LOG] [Fast Refresh] done in 255ms @ http://localhost:3000/_next/static/chunks/node_modules_next_dist_1e8vcs8._.js:776
[   85988ms] [LOG] [Fast Refresh] done in 255ms @ http://localhost:3000/_next/static/chunks/node_modules_next_dist_1e8vcs8._.js:776
[   86046ms] [LOG] [Fast Refresh] done in 255ms @ http://localhost:3000/_next/static/chunks/node_modules_next_dist_1e8vcs8._.js:776
[   86109ms] [LOG] [Fast Refresh] done in 255ms @ http://localhost:3000/_next/static/chunks/node_modules_next_dist_1e8vcs8._.js:776
[   86173ms] [LOG] [Fast Refresh] done in 255ms @ http://localhost:3000/_next/static/chunks/node_modules_next_dist_1e8vcs8._.js:776
[   86235ms] [LOG] [Fast Refresh] done in 255ms @ http://localhost:3000/_next/static/chunks/node_modules_next_dist_1e8vcs8._.js:776
[   86296ms] [LOG] [Fast Refresh] done in 255ms @ http://localhost:3000/_next/static/chunks/node_modules_next_dist_1e8vcs8._.js:776
[   86360ms] [LOG] [Fast Refresh] done in 255ms @ http://localhost:3000/_next/static/chunks/node_modules_next_dist_1e8vcs8._.js:776
[   86426ms] [LOG] [Fast Refresh] done in 255ms @ http://localhost:3000/_next/static/chunks/node_modules_next_dist_1e8vcs8._.js:776
[   86486ms] [LOG] [Fast Refresh] done in 255ms @ http://localhost:3000/_next/static/chunks/node_modules_next_dist_1e8vcs8._.js:776
[   86548ms] [LOG] [Fast Refresh] done in 255ms @ http://localhost:3000/_next/static/chunks/node_modules_next_dist_1e8vcs8._.js:776
[   86612ms] [LOG] [Fast Refresh] done in 255ms @ http://localhost:3000/_next/static/chunks/node_modules_next_dist_1e8vcs8._.js:776
[   86675ms] [LOG] [Fast Refresh] done in 255ms @ http://localhost:3000/_next/static/chunks/node_modules_next_dist_1e8vcs8._.js:776
[   86739ms] [LOG] [Fast Refresh] done in 255ms @ http://localhost:3000/_next/static/chunks/node_modules_next_dist_1e8vcs8._.js:776
[   86803ms] [LOG] [Fast Refresh] done in 255ms @ http://localhost:3000/_next/static/chunks/node_modules_next_dist_1e8vcs8._.js:776
[   86865ms] [LOG] [Fast Refresh] done in 255ms @ http://localhost:3000/_next/static/chunks/node_modules_next_dist_1e8vcs8._.js:776
[   86929ms] [LOG] [Fast Refresh] done in 255ms @ http://localhost:3000/_next/static/chunks/node_modules_next_dist_1e8vcs8._.js:776
[   86994ms] [LOG] [Fast Refresh] done in 255ms @ http://localhost:3000/_next/static/chunks/node_modules_next_dist_1e8vcs8._.js:776
[   87054ms] [LOG] [Fast Refresh] done in 255ms @ http://localhost:3000/_next/static/chunks/node_modules_next_dist_1e8vcs8._.js:776
[   87117ms] [LOG] [Fast Refresh] done in 255ms @ http://localhost:3000/_next/static/chunks/node_modules_next_dist_1e8vcs8._.js:776
[   87181ms] [LOG] [Fast Refresh] done in 255ms @ http://localhost:3000/_next/static/chunks/node_modules_next_dist_1e8vcs8._.js:776
[   87243ms] [LOG] [Fast Refresh] done in 255ms @ http://localhost:3000/_next/static/chunks/node_modules_next_dist_1e8vcs8._.js:776
[   87307ms] [LOG] [Fast Refresh] done in 255ms @ http://localhost:3000/_next/static/chunks/node_modules_next_dist_1e8vcs8._.js:776
[   87371ms] [LOG] [Fast Refresh] done in 255ms @ http://localhost:3000/_next/static/chunks/node_modules_next_dist_1e8vcs8._.js:776
[   87434ms] [LOG] [Fast Refresh] done in 255ms @ http://localhost:3000/_next/static/chunks/node_modules_next_dist_1e8vcs8._.js:776
[   87584ms] [LOG] [Fast Refresh] done in 255ms @ http://localhost:3000/_next/static/chunks/node_modules_next_dist_1e8vcs8._.js:776
[   87719ms] [LOG] [Fast Refresh] done in 255ms @ http://localhost:3000/_next/static/chunks/node_modules_next_dist_1e8vcs8._.js:776
[   87782ms] [LOG] [Fast Refresh] done in 255ms @ http://localhost:3000/_next/static/chunks/node_modules_next_dist_1e8vcs8._.js:776
[   87846ms] [LOG] [Fast Refresh] done in 255ms @ http://localhost:3000/_next/static/chunks/node_modules_next_dist_1e8vcs8._.js:776
[   87910ms] [LOG] [Fast Refresh] done in 255ms @ http://localhost:3000/_next/static/chunks/node_modules_next_dist_1e8vcs8._.js:776
[   87974ms] [LOG] [Fast Refresh] done in 255ms @ http://localhost:3000/_next/static/chunks/node_modules_next_dist_1e8vcs8._.js:776
[   88037ms] [LOG] [Fast Refresh] done in 255ms @ http://localhost:3000/_next/static/chunks/node_modules_next_dist_1e8vcs8._.js:776
[   88101ms] [LOG] [Fast Refresh] done in 255ms @ http://localhost:3000/_next/static/chunks/node_modules_next_dist_1e8vcs8._.js:776
[   88162ms] [LOG] [Fast Refresh] done in 255ms @ http://localhost:3000/_next/static/chunks/node_modules_next_dist_1e8vcs8._.js:776
[   88226ms] [LOG] [Fast Refresh] done in 255ms @ http://localhost:3000/_next/static/chunks/node_modules_next_dist_1e8vcs8._.js:776
[   88289ms] [LOG] [Fast Refresh] done in 255ms @ http://localhost:3000/_next/static/chunks/node_modules_next_dist_1e8vcs8._.js:776
[   88353ms] [LOG] [Fast Refresh] done in 255ms @ http://localhost:3000/_next/static/chunks/node_modules_next_dist_1e8vcs8._.js:776
[   88414ms] [LOG] [Fast Refresh] done in 255ms @ http://localhost:3000/_next/static/chunks/node_modules_next_dist_1e8vcs8._.js:776
[   88478ms] [LOG] [Fast Refresh] done in 255ms @ http://localhost:3000/_next/static/chunks/node_modules_next_dist_1e8vcs8._.js:776
[   88542ms] [LOG] [Fast Refresh] done in 255ms @ http://localhost:3000/_next/static/chunks/node_modules_next_dist_1e8vcs8._.js:776
[   88605ms] [LOG] [Fast Refresh] done in 255ms @ http://localhost:3000/_next/static/chunks/node_modules_next_dist_1e8vcs8._.js:776
[   88669ms] [LOG] [Fast Refresh] done in 255ms @ http://localhost:3000/_next/static/chunks/node_modules_next_dist_1e8vcs8._.js:776
[   88732ms] [LOG] [Fast Refresh] done in 255ms @ http://localhost:3000/_next/static/chunks/node_modules_next_dist_1e8vcs8._.js:776
[   88796ms] [LOG] [Fast Refresh] done in 255ms @ http://localhost:3000/_next/static/chunks/node_modules_next_dist_1e8vcs8._.js:776
[   88859ms] [LOG] [Fast Refresh] done in 255ms @ http://localhost:3000/_next/static/chunks/node_modules_next_dist_1e8vcs8._.js:776
[   88921ms] [LOG] [Fast Refresh] done in 255ms @ http://localhost:3000/_next/static/chunks/node_modules_next_dist_1e8vcs8._.js:776
[   88986ms] [LOG] [Fast Refresh] done in 255ms @ http://localhost:3000/_next/static/chunks/node_modules_next_dist_1e8vcs8._.js:776
[   89048ms] [LOG] [Fast Refresh] done in 255ms @ http://localhost:3000/_next/static/chunks/node_modules_next_dist_1e8vcs8._.js:776
[   89112ms] [LOG] [Fast Refresh] done in 255ms @ http://localhost:3000/_next/static/chunks/node_modules_next_dist_1e8vcs8._.js:776
[   89176ms] [LOG] [Fast Refresh] done in 255ms @ http://localhost:3000/_next/static/chunks/node_modules_next_dist_1e8vcs8._.js:776
[   89239ms] [LOG] [Fast Refresh] done in 255ms @ http://localhost:3000/_next/static/chunks/node_modules_next_dist_1e8vcs8._.js:776
[   89301ms] [LOG] [Fast Refresh] done in 255ms @ http://localhost:3000/_next/static/chunks/node_modules_next_dist_1e8vcs8._.js:776
[   89364ms] [LOG] [Fast Refresh] done in 255ms @ http://localhost:3000/_next/static/chunks/node_modules_next_dist_1e8vcs8._.js:776
[   89427ms] [LOG] [Fast Refresh] done in 255ms @ http://localhost:3000/_next/static/chunks/node_modules_next_dist_1e8vcs8._.js:776
[   89489ms] [LOG] [Fast Refresh] done in 255ms @ http://localhost:3000/_next/static/chunks/node_modules_next_dist_1e8vcs8._.js:776
[   89555ms] [LOG] [Fast Refresh] done in 255ms @ http://localhost:3000/_next/static/chunks/node_modules_next_dist_1e8vcs8._.js:776
[   89616ms] [LOG] [Fast Refresh] done in 255ms @ http://localhost:3000/_next/static/chunks/node_modules_next_dist_1e8vcs8._.js:776
[   89679ms] [LOG] [Fast Refresh] done in 255ms @ http://localhost:3000/_next/static/chunks/node_modules_next_dist_1e8vcs8._.js:776
[   89741ms] [LOG] [Fast Refresh] done in 255ms @ http://localhost:3000/_next/static/chunks/node_modules_next_dist_1e8vcs8._.js:776
[   89804ms] [LOG] [Fast Refresh] done in 255ms @ http://localhost:3000/_next/static/chunks/node_modules_next_dist_1e8vcs8._.js:776
[   89869ms] [LOG] [Fast Refresh] done in 255ms @ http://localhost:3000/_next/static/chunks/node_modules_next_dist_1e8vcs8._.js:776
[   89932ms] [LOG] [Fast Refresh] done in 255ms @ http://localhost:3000/_next/static/chunks/node_modules_next_dist_1e8vcs8._.js:776
[   90129ms] [LOG] [Fast Refresh] done in 255ms @ http://localhost:3000/_next/static/chunks/node_modules_next_dist_1e8vcs8._.js:776
[   90198ms] [LOG] [Fast Refresh] done in 255ms @ http://localhost:3000/_next/static/chunks/node_modules_next_dist_1e8vcs8._.js:776
[   90261ms] [LOG] [Fast Refresh] done in 255ms @ http://localhost:3000/_next/static/chunks/node_modules_next_dist_1e8vcs8._.js:776
[   90325ms] [LOG] [Fast Refresh] done in 255ms @ http://localhost:3000/_next/static/chunks/node_modules_next_dist_1e8vcs8._.js:776
[   90389ms] [LOG] [Fast Refresh] done in 255ms @ http://localhost:3000/_next/static/chunks/node_modules_next_dist_1e8vcs8._.js:776
[   90450ms] [LOG] [Fast Refresh] done in 255ms @ http://localhost:3000/_next/static/chunks/node_modules_next_dist_1e8vcs8._.js:776
[   90513ms] [LOG] [Fast Refresh] done in 255ms @ http://localhost:3000/_next/static/chunks/node_modules_next_dist_1e8vcs8._.js:776
[   90591ms] [LOG] [Fast Refresh] done in 255ms @ http://localhost:3000/_next/static/chunks/node_modules_next_dist_1e8vcs8._.js:776
[   90656ms] [LOG] [Fast Refresh] done in 255ms @ http://localhost:3000/_next/static/chunks/node_modules_next_dist_1e8vcs8._.js:776
[   90718ms] [LOG] [Fast Refresh] done in 255ms @ http://localhost:3000/_next/static/chunks/node_modules_next_dist_1e8vcs8._.js:776
[   90780ms] [LOG] [Fast Refresh] done in 255ms @ http://localhost:3000/_next/static/chunks/node_modules_next_dist_1e8vcs8._.js:776
[   90875ms] [LOG] [Fast Refresh] done in 255ms @ http://localhost:3000/_next/static/chunks/node_modules_next_dist_1e8vcs8._.js:776
[   90960ms] [LOG] [Fast Refresh] done in 255ms @ http://localhost:3000/_next/static/chunks/node_modules_next_dist_1e8vcs8._.js:776
[   91034ms] [LOG] [Fast Refresh] done in 255ms @ http://localhost:3000/_next/static/chunks/node_modules_next_dist_1e8vcs8._.js:776
[   91097ms] [LOG] [Fast Refresh] done in 255ms @ http://localhost:3000/_next/static/chunks/node_modules_next_dist_1e8vcs8._.js:776
[   91159ms] [LOG] [Fast Refresh] done in 255ms @ http://localhost:3000/_next/static/chunks/node_modules_next_dist_1e8vcs8._.js:776
[   91223ms] [LOG] [Fast Refresh] done in 255ms @ http://localhost:3000/_next/static/chunks/node_modules_next_dist_1e8vcs8._.js:776
[   91286ms] [LOG] [Fast Refresh] done in 255ms @ http://localhost:3000/_next/static/chunks/node_modules_next_dist_1e8vcs8._.js:776
[   91350ms] [LOG] [Fast Refresh] done in 255ms @ http://localhost:3000/_next/static/chunks/node_modules_next_dist_1e8vcs8._.js:776
[   91412ms] [LOG] [Fast Refresh] done in 255ms @ http://localhost:3000/_next/static/chunks/node_modules_next_dist_1e8vcs8._.js:776
[   91475ms] [LOG] [Fast Refresh] done in 255ms @ http://localhost:3000/_next/static/chunks/node_modules_next_dist_1e8vcs8._.js:776
[   91538ms] [LOG] [Fast Refresh] done in 255ms @ http://localhost:3000/_next/static/chunks/node_modules_next_dist_1e8vcs8._.js:776
[   91616ms] [LOG] [Fast Refresh] done in 255ms @ http://localhost:3000/_next/static/chunks/node_modules_next_dist_1e8vcs8._.js:776
[   91680ms] [LOG] [Fast Refresh] done in 255ms @ http://localhost:3000/_next/static/chunks/node_modules_next_dist_1e8vcs8._.js:776
[   91745ms] [LOG] [Fast Refresh] done in 255ms @ http://localhost:3000/_next/static/chunks/node_modules_next_dist_1e8vcs8._.js:776
[   91805ms] [LOG] [Fast Refresh] done in 255ms @ http://localhost:3000/_next/static/chunks/node_modules_next_dist_1e8vcs8._.js:776
[   91869ms] [LOG] [Fast Refresh] done in 255ms @ http://localhost:3000/_next/static/chunks/node_modules_next_dist_1e8vcs8._.js:776
[   91933ms] [LOG] [Fast Refresh] done in 255ms @ http://localhost:3000/_next/static/chunks/node_modules_next_dist_1e8vcs8._.js:776
[   91996ms] [LOG] [Fast Refresh] done in 255ms @ http://localhost:3000/_next/static/chunks/node_modules_next_dist_1e8vcs8._.js:776
[   92060ms] [LOG] [Fast Refresh] done in 255ms @ http://localhost:3000/_next/static/chunks/node_modules_next_dist_1e8vcs8._.js:776
[   92124ms] [LOG] [Fast Refresh] done in 255ms @ http://localhost:3000/_next/static/chunks/node_modules_next_dist_1e8vcs8._.js:776
[   92185ms] [LOG] [Fast Refresh] done in 255ms @ http://localhost:3000/_next/static/chunks/node_modules_next_dist_1e8vcs8._.js:776
[   92247ms] [LOG] [Fast Refresh] done in 255ms @ http://localhost:3000/_next/static/chunks/node_modules_next_dist_1e8vcs8._.js:776
[   92310ms] [LOG] [Fast Refresh] done in 255ms @ http://localhost:3000/_next/static/chunks/node_modules_next_dist_1e8vcs8._.js:776
[   92375ms] [LOG] [Fast Refresh] done in 255ms @ http://localhost:3000/_next/static/chunks/node_modules_next_dist_1e8vcs8._.js:776
[   92439ms] [LOG] [Fast Refresh] done in 255ms @ http://localhost:3000/_next/static/chunks/node_modules_next_dist_1e8vcs8._.js:776
[   92501ms] [LOG] [Fast Refresh] done in 255ms @ http://localhost:3000/_next/static/chunks/node_modules_next_dist_1e8vcs8._.js:776
[   92564ms] [LOG] [Fast Refresh] done in 255ms @ http://localhost:3000/_next/static/chunks/node_modules_next_dist_1e8vcs8._.js:776
[   92631ms] [LOG] [Fast Refresh] done in 255ms @ http://localhost:3000/_next/static/chunks/node_modules_next_dist_1e8vcs8._.js:776
[   92690ms] [LOG] [Fast Refresh] done in 255ms @ http://localhost:3000/_next/static/chunks/node_modules_next_dist_1e8vcs8._.js:776
[   92755ms] [LOG] [Fast Refresh] done in 255ms @ http://localhost:3000/_next/static/chunks/node_modules_next_dist_1e8vcs8._.js:776
[   92817ms] [LOG] [Fast Refresh] done in 255ms @ http://localhost:3000/_next/static/chunks/node_modules_next_dist_1e8vcs8._.js:776
[   92880ms] [LOG] [Fast Refresh] done in 255ms @ http://localhost:3000/_next/static/chunks/node_modules_next_dist_1e8vcs8._.js:776
[   92943ms] [LOG] [Fast Refresh] done in 255ms @ http://localhost:3000/_next/static/chunks/node_modules_next_dist_1e8vcs8._.js:776
[   93007ms] [LOG] [Fast Refresh] done in 255ms @ http://localhost:3000/_next/static/chunks/node_modules_next_dist_1e8vcs8._.js:776
[   93071ms] [LOG] [Fast Refresh] done in 255ms @ http://localhost:3000/_next/static/chunks/node_modules_next_dist_1e8vcs8._.js:776
[   93132ms] [LOG] [Fast Refresh] done in 255ms @ http://localhost:3000/_next/static/chunks/node_modules_next_dist_1e8vcs8._.js:776
[   93196ms] [LOG] [Fast Refresh] done in 255ms @ http://localhost:3000/_next/static/chunks/node_modules_next_dist_1e8vcs8._.js:776
[   93259ms] [LOG] [Fast Refresh] done in 255ms @ http://localhost:3000/_next/static/chunks/node_modules_next_dist_1e8vcs8._.js:776
[   93322ms] [LOG] [Fast Refresh] done in 255ms @ http://localhost:3000/_next/static/chunks/node_modules_next_dist_1e8vcs8._.js:776
[   93385ms] [LOG] [Fast Refresh] done in 255ms @ http://localhost:3000/_next/static/chunks/node_modules_next_dist_1e8vcs8._.js:776
[   93451ms] [LOG] [Fast Refresh] done in 255ms @ http://localhost:3000/_next/static/chunks/node_modules_next_dist_1e8vcs8._.js:776
[   93510ms] [LOG] [Fast Refresh] done in 255ms @ http://localhost:3000/_next/static/chunks/node_modules_next_dist_1e8vcs8._.js:776
[   93575ms] [LOG] [Fast Refresh] done in 255ms @ http://localhost:3000/_next/static/chunks/node_modules_next_dist_1e8vcs8._.js:776
[   93640ms] [LOG] [Fast Refresh] done in 255ms @ http://localhost:3000/_next/static/chunks/node_modules_next_dist_1e8vcs8._.js:776
[   93701ms] [LOG] [Fast Refresh] done in 255ms @ http://localhost:3000/_next/static/chunks/node_modules_next_dist_1e8vcs8._.js:776
[   93763ms] [LOG] [Fast Refresh] done in 255ms @ http://localhost:3000/_next/static/chunks/node_modules_next_dist_1e8vcs8._.js:776
[   93826ms] [LOG] [Fast Refresh] done in 255ms @ http://localhost:3000/_next/static/chunks/node_modules_next_dist_1e8vcs8._.js:776
[   93889ms] [LOG] [Fast Refresh] done in 255ms @ http://localhost:3000/_next/static/chunks/node_modules_next_dist_1e8vcs8._.js:776
[   93952ms] [LOG] [Fast Refresh] done in 255ms @ http://localhost:3000/_next/static/chunks/node_modules_next_dist_1e8vcs8._.js:776
[   94016ms] [LOG] [Fast Refresh] done in 255ms @ http://localhost:3000/_next/static/chunks/node_modules_next_dist_1e8vcs8._.js:776
[   94078ms] [LOG] [Fast Refresh] done in 255ms @ http://localhost:3000/_next/static/chunks/node_modules_next_dist_1e8vcs8._.js:776
[   94142ms] [LOG] [Fast Refresh] done in 255ms @ http://localhost:3000/_next/static/chunks/node_modules_next_dist_1e8vcs8._.js:776
[   94205ms] [LOG] [Fast Refresh] done in 255ms @ http://localhost:3000/_next/static/chunks/node_modules_next_dist_1e8vcs8._.js:776
[   94270ms] [LOG] [Fast Refresh] done in 255ms @ http://localhost:3000/_next/static/chunks/node_modules_next_dist_1e8vcs8._.js:776
[   94331ms] [LOG] [Fast Refresh] done in 255ms @ http://localhost:3000/_next/static/chunks/node_modules_next_dist_1e8vcs8._.js:776
[   94394ms] [LOG] [Fast Refresh] done in 255ms @ http://localhost:3000/_next/static/chunks/node_modules_next_dist_1e8vcs8._.js:776
[   94460ms] [LOG] [Fast Refresh] done in 255ms @ http://localhost:3000/_next/static/chunks/node_modules_next_dist_1e8vcs8._.js:776
[   94523ms] [LOG] [Fast Refresh] done in 255ms @ http://localhost:3000/_next/static/chunks/node_modules_next_dist_1e8vcs8._.js:776
[   94584ms] [LOG] [Fast Refresh] done in 255ms @ http://localhost:3000/_next/static/chunks/node_modules_next_dist_1e8vcs8._.js:776
[   94647ms] [LOG] [Fast Refresh] done in 255ms @ http://localhost:3000/_next/static/chunks/node_modules_next_dist_1e8vcs8._.js:776
[   94711ms] [LOG] [Fast Refresh] done in 255ms @ http://localhost:3000/_next/static/chunks/node_modules_next_dist_1e8vcs8._.js:776
[   94776ms] [LOG] [Fast Refresh] done in 255ms @ http://localhost:3000/_next/static/chunks/node_modules_next_dist_1e8vcs8._.js:776
[   94839ms] [LOG] [Fast Refresh] done in 255ms @ http://localhost:3000/_next/static/chunks/node_modules_next_dist_1e8vcs8._.js:776
[   94902ms] [LOG] [Fast Refresh] done in 255ms @ http://localhost:3000/_next/static/chunks/node_modules_next_dist_1e8vcs8._.js:776
[   94964ms] [LOG] [Fast Refresh] done in 255ms @ http://localhost:3000/_next/static/chunks/node_modules_next_dist_1e8vcs8._.js:776
[   95028ms] [LOG] [Fast Refresh] done in 255ms @ http://localhost:3000/_next/static/chunks/node_modules_next_dist_1e8vcs8._.js:776
[   95092ms] [LOG] [Fast Refresh] done in 255ms @ http://localhost:3000/_next/static/chunks/node_modules_next_dist_1e8vcs8._.js:776
[   95158ms] [LOG] [Fast Refresh] done in 255ms @ http://localhost:3000/_next/static/chunks/node_modules_next_dist_1e8vcs8._.js:776
[   95219ms] [LOG] [Fast Refresh] done in 255ms @ http://localhost:3000/_next/static/chunks/node_modules_next_dist_1e8vcs8._.js:776
[   95291ms] [LOG] [Fast Refresh] done in 255ms @ http://localhost:3000/_next/static/chunks/node_modules_next_dist_1e8vcs8._.js:776
[   95363ms] [LOG] [Fast Refresh] done in 255ms @ http://localhost:3000/_next/static/chunks/node_modules_next_dist_1e8vcs8._.js:776
[   95428ms] [LOG] [Fast Refresh] done in 255ms @ http://localhost:3000/_next/static/chunks/node_modules_next_dist_1e8vcs8._.js:776
[   95483ms] [LOG] [Fast Refresh] done in 255ms @ http://localhost:3000/_next/static/chunks/node_modules_next_dist_1e8vcs8._.js:776
[   95581ms] [LOG] [Fast Refresh] done in 255ms @ http://localhost:3000/_next/static/chunks/node_modules_next_dist_1e8vcs8._.js:776
[   95643ms] [LOG] [Fast Refresh] done in 255ms @ http://localhost:3000/_next/static/chunks/node_modules_next_dist_1e8vcs8._.js:776
[   95705ms] [LOG] [Fast Refresh] done in 255ms @ http://localhost:3000/_next/static/chunks/node_modules_next_dist_1e8vcs8._.js:776
[   95768ms] [LOG] [Fast Refresh] done in 255ms @ http://localhost:3000/_next/static/chunks/node_modules_next_dist_1e8vcs8._.js:776
[   95835ms] [LOG] [Fast Refresh] done in 255ms @ http://localhost:3000/_next/static/chunks/node_modules_next_dist_1e8vcs8._.js:776
[   95898ms] [LOG] [Fast Refresh] done in 255ms @ http://localhost:3000/_next/static/chunks/node_modules_next_dist_1e8vcs8._.js:776
[   95959ms] [LOG] [Fast Refresh] done in 255ms @ http://localhost:3000/_next/static/chunks/node_modules_next_dist_1e8vcs8._.js:776
[   96022ms] [LOG] [Fast Refresh] done in 255ms @ http://localhost:3000/_next/static/chunks/node_modules_next_dist_1e8vcs8._.js:776
[   96085ms] [LOG] [Fast Refresh] done in 255ms @ http://localhost:3000/_next/static/chunks/node_modules_next_dist_1e8vcs8._.js:776
[   96152ms] [LOG] [Fast Refresh] done in 255ms @ http://localhost:3000/_next/static/chunks/node_modules_next_dist_1e8vcs8._.js:776
[   96213ms] [LOG] [Fast Refresh] done in 255ms @ http://localhost:3000/_next/static/chunks/node_modules_next_dist_1e8vcs8._.js:776
[   96274ms] [LOG] [Fast Refresh] done in 255ms @ http://localhost:3000/_next/static/chunks/node_modules_next_dist_1e8vcs8._.js:776
[   96337ms] [LOG] [Fast Refresh] done in 255ms @ http://localhost:3000/_next/static/chunks/node_modules_next_dist_1e8vcs8._.js:776
[   96401ms] [LOG] [Fast Refresh] done in 255ms @ http://localhost:3000/_next/static/chunks/node_modules_next_dist_1e8vcs8._.js:776
[   96466ms] [LOG] [Fast Refresh] done in 255ms @ http://localhost:3000/_next/static/chunks/node_modules_next_dist_1e8vcs8._.js:776
[   96526ms] [LOG] [Fast Refresh] done in 255ms @ http://localhost:3000/_next/static/chunks/node_modules_next_dist_1e8vcs8._.js:776
[   96590ms] [LOG] [Fast Refresh] done in 255ms @ http://localhost:3000/_next/static/chunks/node_modules_next_dist_1e8vcs8._.js:776
[   96703ms] [LOG] [Fast Refresh] done in 255ms @ http://localhost:3000/_next/static/chunks/node_modules_next_dist_1e8vcs8._.js:776
[   96794ms] [LOG] [Fast Refresh] done in 255ms @ http://localhost:3000/_next/static/chunks/node_modules_next_dist_1e8vcs8._.js:776
[   96857ms] [LOG] [Fast Refresh] done in 255ms @ http://localhost:3000/_next/static/chunks/node_modules_next_dist_1e8vcs8._.js:776
[   96918ms] [LOG] [Fast Refresh] done in 255ms @ http://localhost:3000/_next/static/chunks/node_modules_next_dist_1e8vcs8._.js:776
[   96984ms] [LOG] [Fast Refresh] done in 255ms @ http://localhost:3000/_next/static/chunks/node_modules_next_dist_1e8vcs8._.js:776
[   97046ms] [LOG] [Fast Refresh] done in 255ms @ http://localhost:3000/_next/static/chunks/node_modules_next_dist_1e8vcs8._.js:776
[   97110ms] [LOG] [Fast Refresh] done in 255ms @ http://localhost:3000/_next/static/chunks/node_modules_next_dist_1e8vcs8._.js:776
[   97173ms] [LOG] [Fast Refresh] done in 255ms @ http://localhost:3000/_next/static/chunks/node_modules_next_dist_1e8vcs8._.js:776
[   97235ms] [LOG] [Fast Refresh] done in 255ms @ http://localhost:3000/_next/static/chunks/node_modules_next_dist_1e8vcs8._.js:776
[   97298ms] [LOG] [Fast Refresh] done in 255ms @ http://localhost:3000/_next/static/chunks/node_modules_next_dist_1e8vcs8._.js:776
[   97361ms] [LOG] [Fast Refresh] done in 255ms @ http://localhost:3000/_next/static/chunks/node_modules_next_dist_1e8vcs8._.js:776
[   97423ms] [LOG] [Fast Refresh] done in 255ms @ http://localhost:3000/_next/static/chunks/node_modules_next_dist_1e8vcs8._.js:776
[   97485ms] [LOG] [Fast Refresh] done in 255ms @ http://localhost:3000/_next/static/chunks/node_modules_next_dist_1e8vcs8._.js:776
[   97549ms] [LOG] [Fast Refresh] done in 255ms @ http://localhost:3000/_next/static/chunks/node_modules_next_dist_1e8vcs8._.js:776
[   97614ms] [LOG] [Fast Refresh] done in 255ms @ http://localhost:3000/_next/static/chunks/node_modules_next_dist_1e8vcs8._.js:776
[   97679ms] [LOG] [Fast Refresh] done in 255ms @ http://localhost:3000/_next/static/chunks/node_modules_next_dist_1e8vcs8._.js:776
[   97739ms] [LOG] [Fast Refresh] done in 255ms @ http://localhost:3000/_next/static/chunks/node_modules_next_dist_1e8vcs8._.js:776
[   97803ms] [LOG] [Fast Refresh] done in 255ms @ http://localhost:3000/_next/static/chunks/node_modules_next_dist_1e8vcs8._.js:776
[   97866ms] [LOG] [Fast Refresh] done in 255ms @ http://localhost:3000/_next/static/chunks/node_modules_next_dist_1e8vcs8._.js:776
[   97931ms] [LOG] [Fast Refresh] done in 255ms @ http://localhost:3000/_next/static/chunks/node_modules_next_dist_1e8vcs8._.js:776
[   97993ms] [LOG] [Fast Refresh] done in 255ms @ http://localhost:3000/_next/static/chunks/node_modules_next_dist_1e8vcs8._.js:776
[   98054ms] [LOG] [Fast Refresh] done in 255ms @ http://localhost:3000/_next/static/chunks/node_modules_next_dist_1e8vcs8._.js:776
[   98123ms] [LOG] [Fast Refresh] done in 255ms @ http://localhost:3000/_next/static/chunks/node_modules_next_dist_1e8vcs8._.js:776
[   98187ms] [LOG] [Fast Refresh] done in 255ms @ http://localhost:3000/_next/static/chunks/node_modules_next_dist_1e8vcs8._.js:776
[   98245ms] [LOG] [Fast Refresh] done in 255ms @ http://localhost:3000/_next/static/chunks/node_modules_next_dist_1e8vcs8._.js:776
[   98307ms] [LOG] [Fast Refresh] done in 255ms @ http://localhost:3000/_next/static/chunks/node_modules_next_dist_1e8vcs8._.js:776
[   98371ms] [LOG] [Fast Refresh] done in 255ms @ http://localhost:3000/_next/static/chunks/node_modules_next_dist_1e8vcs8._.js:776
[   98435ms] [LOG] [Fast Refresh] done in 255ms @ http://localhost:3000/_next/static/chunks/node_modules_next_dist_1e8vcs8._.js:776
[   98503ms] [LOG] [Fast Refresh] done in 255ms @ http://localhost:3000/_next/static/chunks/node_modules_next_dist_1e8vcs8._.js:776
[   98579ms] [LOG] [Fast Refresh] done in 255ms @ http://localhost:3000/_next/static/chunks/node_modules_next_dist_1e8vcs8._.js:776
[   98642ms] [LOG] [Fast Refresh] done in 255ms @ http://localhost:3000/_next/static/chunks/node_modules_next_dist_1e8vcs8._.js:776
[   98703ms] [LOG] [Fast Refresh] done in 255ms @ http://localhost:3000/_next/static/chunks/node_modules_next_dist_1e8vcs8._.js:776
[   98765ms] [LOG] [Fast Refresh] done in 255ms @ http://localhost:3000/_next/static/chunks/node_modules_next_dist_1e8vcs8._.js:776
[   98829ms] [LOG] [Fast Refresh] done in 255ms @ http://localhost:3000/_next/static/chunks/node_modules_next_dist_1e8vcs8._.js:776
[   98889ms] [LOG] [Fast Refresh] done in 255ms @ http://localhost:3000/_next/static/chunks/node_modules_next_dist_1e8vcs8._.js:776
[   99113ms] [LOG] [Fast Refresh] done in 255ms @ http://localhost:3000/_next/static/chunks/node_modules_next_dist_1e8vcs8._.js:776
[   99314ms] [LOG] [Fast Refresh] rebuilding @ http://localhost:3000/_next/static/chunks/node_modules_next_dist_1e8vcs8._.js:776
[  100304ms] [LOG] [Fast Refresh] done in 878ms @ http://localhost:3000/_next/static/chunks/node_modules_next_dist_1e8vcs8._.js:776
[  100313ms] [LOG] [Fast Refresh] done in 878ms @ http://localhost:3000/_next/static/chunks/node_modules_next_dist_1e8vcs8._.js:776
[  100384ms] [LOG] [Fast Refresh] done in 878ms @ http://localhost:3000/_next/static/chunks/node_modules_next_dist_1e8vcs8._.js:776
[  100500ms] [LOG] [Fast Refresh] done in 878ms @ http://localhost:3000/_next/static/chunks/node_modules_next_dist_1e8vcs8._.js:776
[  100573ms] [LOG] [Fast Refresh] done in 878ms @ http://localhost:3000/_next/static/chunks/node_modules_next_dist_1e8vcs8._.js:776
[  100635ms] [LOG] [Fast Refresh] done in 878ms @ http://localhost:3000/_next/static/chunks/node_modules_next_dist_1e8vcs8._.js:776
[  100697ms] [LOG] [Fast Refresh] done in 878ms @ http://localhost:3000/_next/static/chunks/node_modules_next_dist_1e8vcs8._.js:776
[  100778ms] [LOG] [Fast Refresh] done in 878ms @ http://localhost:3000/_next/static/chunks/node_modules_next_dist_1e8vcs8._.js:776
[  100842ms] [LOG] [Fast Refresh] done in 878ms @ http://localhost:3000/_next/static/chunks/node_modules_next_dist_1e8vcs8._.js:776
[  100900ms] [LOG] [Fast Refresh] done in 878ms @ http://localhost:3000/_next/static/chunks/node_modules_next_dist_1e8vcs8._.js:776
[  100967ms] [LOG] [Fast Refresh] done in 878ms @ http://localhost:3000/_next/static/chunks/node_modules_next_dist_1e8vcs8._.js:776
[  101052ms] [LOG] [Fast Refresh] done in 878ms @ http://localhost:3000/_next/static/chunks/node_modules_next_dist_1e8vcs8._.js:776
[  101143ms] [LOG] [Fast Refresh] done in 878ms @ http://localhost:3000/_next/static/chunks/node_modules_next_dist_1e8vcs8._.js:776
[  101290ms] [LOG] [Fast Refresh] done in 878ms @ http://localhost:3000/_next/static/chunks/node_modules_next_dist_1e8vcs8._.js:776
[  101394ms] [LOG] [Fast Refresh] done in 878ms @ http://localhost:3000/_next/static/chunks/node_modules_next_dist_1e8vcs8._.js:776
[  101535ms] [LOG] [Fast Refresh] done in 878ms @ http://localhost:3000/_next/static/chunks/node_modules_next_dist_1e8vcs8._.js:776
[  101598ms] [LOG] [Fast Refresh] done in 878ms @ http://localhost:3000/_next/static/chunks/node_modules_next_dist_1e8vcs8._.js:776
[  101660ms] [LOG] [Fast Refresh] done in 878ms @ http://localhost:3000/_next/static/chunks/node_modules_next_dist_1e8vcs8._.js:776
[  101725ms] [LOG] [Fast Refresh] done in 878ms @ http://localhost:3000/_next/static/chunks/node_modules_next_dist_1e8vcs8._.js:776
[  101798ms] [LOG] [Fast Refresh] done in 878ms @ http://localhost:3000/_next/static/chunks/node_modules_next_dist_1e8vcs8._.js:776
[  101862ms] [LOG] [Fast Refresh] done in 878ms @ http://localhost:3000/_next/static/chunks/node_modules_next_dist_1e8vcs8._.js:776
[  101931ms] [LOG] [Fast Refresh] done in 878ms @ http://localhost:3000/_next/static/chunks/node_modules_next_dist_1e8vcs8._.js:776
[  102006ms] [LOG] [Fast Refresh] done in 878ms @ http://localhost:3000/_next/static/chunks/node_modules_next_dist_1e8vcs8._.js:776
[  102074ms] [LOG] [Fast Refresh] done in 878ms @ http://localhost:3000/_next/static/chunks/node_modules_next_dist_1e8vcs8._.js:776
[  102152ms] [LOG] [Fast Refresh] done in 878ms @ http://localhost:3000/_next/static/chunks/node_modules_next_dist_1e8vcs8._.js:776
[  102217ms] [LOG] [Fast Refresh] done in 878ms @ http://localhost:3000/_next/static/chunks/node_modules_next_dist_1e8vcs8._.js:776
[  102281ms] [LOG] [Fast Refresh] done in 878ms @ http://localhost:3000/_next/static/chunks/node_modules_next_dist_1e8vcs8._.js:776
[  102356ms] [LOG] [Fast Refresh] done in 878ms @ http://localhost:3000/_next/static/chunks/node_modules_next_dist_1e8vcs8._.js:776
[  102418ms] [LOG] [Fast Refresh] done in 878ms @ http://localhost:3000/_next/static/chunks/node_modules_next_dist_1e8vcs8._.js:776
[  102477ms] [LOG] [Fast Refresh] done in 878ms @ http://localhost:3000/_next/static/chunks/node_modules_next_dist_1e8vcs8._.js:776
[  102598ms] [LOG] [Fast Refresh] done in 878ms @ http://localhost:3000/_next/static/chunks/node_modules_next_dist_1e8vcs8._.js:776
[  103103ms] [LOG] [Fast Refresh] done in 878ms @ http://localhost:3000/_next/static/chunks/node_modules_next_dist_1e8vcs8._.js:776
[  103107ms] [LOG] [Fast Refresh] done in 878ms @ http://localhost:3000/_next/static/chunks/node_modules_next_dist_1e8vcs8._.js:776
[  103174ms] [LOG] [Fast Refresh] done in 878ms @ http://localhost:3000/_next/static/chunks/node_modules_next_dist_1e8vcs8._.js:776
[  103274ms] [LOG] [Fast Refresh] done in 878ms @ http://localhost:3000/_next/static/chunks/node_modules_next_dist_1e8vcs8._.js:776
[  103331ms] [LOG] [Fast Refresh] done in 878ms @ http://localhost:3000/_next/static/chunks/node_modules_next_dist_1e8vcs8._.js:776
[  103391ms] [LOG] [Fast Refresh] done in 878ms @ http://localhost:3000/_next/static/chunks/node_modules_next_dist_1e8vcs8._.js:776
[  103652ms] [LOG] [Fast Refresh] done in 878ms @ http://localhost:3000/_next/static/chunks/node_modules_next_dist_1e8vcs8._.js:776
[  103724ms] [LOG] [Fast Refresh] done in 878ms @ http://localhost:3000/_next/static/chunks/node_modules_next_dist_1e8vcs8._.js:776
[  103792ms] [LOG] [Fast Refresh] done in 878ms @ http://localhost:3000/_next/static/chunks/node_modules_next_dist_1e8vcs8._.js:776
[  103850ms] [LOG] [Fast Refresh] done in 878ms @ http://localhost:3000/_next/static/chunks/node_modules_next_dist_1e8vcs8._.js:776
[  103912ms] [LOG] [Fast Refresh] done in 878ms @ http://localhost:3000/_next/static/chunks/node_modules_next_dist_1e8vcs8._.js:776
[  103976ms] [LOG] [Fast Refresh] done in 878ms @ http://localhost:3000/_next/static/chunks/node_modules_next_dist_1e8vcs8._.js:776
[  104041ms] [LOG] [Fast Refresh] done in 878ms @ http://localhost:3000/_next/static/chunks/node_modules_next_dist_1e8vcs8._.js:776
[  104101ms] [LOG] [Fast Refresh] done in 878ms @ http://localhost:3000/_next/static/chunks/node_modules_next_dist_1e8vcs8._.js:776
[  104168ms] [LOG] [Fast Refresh] done in 878ms @ http://localhost:3000/_next/static/chunks/node_modules_next_dist_1e8vcs8._.js:776
[  104240ms] [LOG] [Fast Refresh] done in 878ms @ http://localhost:3000/_next/static/chunks/node_modules_next_dist_1e8vcs8._.js:776
[  104308ms] [LOG] [Fast Refresh] done in 878ms @ http://localhost:3000/_next/static/chunks/node_modules_next_dist_1e8vcs8._.js:776
[  104372ms] [LOG] [Fast Refresh] done in 878ms @ http://localhost:3000/_next/static/chunks/node_modules_next_dist_1e8vcs8._.js:776
[  104435ms] [LOG] [Fast Refresh] done in 878ms @ http://localhost:3000/_next/static/chunks/node_modules_next_dist_1e8vcs8._.js:776
[  104504ms] [LOG] [Fast Refresh] done in 878ms @ http://localhost:3000/_next/static/chunks/node_modules_next_dist_1e8vcs8._.js:776
[  104575ms] [LOG] [Fast Refresh] done in 878ms @ http://localhost:3000/_next/static/chunks/node_modules_next_dist_1e8vcs8._.js:776
[  104637ms] [LOG] [Fast Refresh] done in 878ms @ http://localhost:3000/_next/static/chunks/node_modules_next_dist_1e8vcs8._.js:776
[  104699ms] [LOG] [Fast Refresh] done in 878ms @ http://localhost:3000/_next/static/chunks/node_modules_next_dist_1e8vcs8._.js:776
[  104764ms] [LOG] [Fast Refresh] done in 878ms @ http://localhost:3000/_next/static/chunks/node_modules_next_dist_1e8vcs8._.js:776
[  104826ms] [LOG] [Fast Refresh] done in 878ms @ http://localhost:3000/_next/static/chunks/node_modules_next_dist_1e8vcs8._.js:776
[  104887ms] [LOG] [Fast Refresh] done in 878ms @ http://localhost:3000/_next/static/chunks/node_modules_next_dist_1e8vcs8._.js:776
[  104949ms] [LOG] [Fast Refresh] done in 878ms @ http://localhost:3000/_next/static/chunks/node_modules_next_dist_1e8vcs8._.js:776
[  105014ms] [LOG] [Fast Refresh] done in 878ms @ http://localhost:3000/_next/static/chunks/node_modules_next_dist_1e8vcs8._.js:776
[  105077ms] [LOG] [Fast Refresh] done in 878ms @ http://localhost:3000/_next/static/chunks/node_modules_next_dist_1e8vcs8._.js:776
[  105139ms] [LOG] [Fast Refresh] done in 878ms @ http://localhost:3000/_next/static/chunks/node_modules_next_dist_1e8vcs8._.js:776
[  105203ms] [LOG] [Fast Refresh] done in 878ms @ http://localhost:3000/_next/static/chunks/node_modules_next_dist_1e8vcs8._.js:776
[  105267ms] [LOG] [Fast Refresh] done in 878ms @ http://localhost:3000/_next/static/chunks/node_modules_next_dist_1e8vcs8._.js:776
[  105331ms] [LOG] [Fast Refresh] done in 878ms @ http://localhost:3000/_next/static/chunks/node_modules_next_dist_1e8vcs8._.js:776
[  105393ms] [LOG] [Fast Refresh] done in 878ms @ http://localhost:3000/_next/static/chunks/node_modules_next_dist_1e8vcs8._.js:776
[  105456ms] [LOG] [Fast Refresh] done in 878ms @ http://localhost:3000/_next/static/chunks/node_modules_next_dist_1e8vcs8._.js:776
[  105517ms] [LOG] [Fast Refresh] done in 878ms @ http://localhost:3000/_next/static/chunks/node_modules_next_dist_1e8vcs8._.js:776
[  105580ms] [LOG] [Fast Refresh] done in 878ms @ http://localhost:3000/_next/static/chunks/node_modules_next_dist_1e8vcs8._.js:776
[  105643ms] [LOG] [Fast Refresh] done in 878ms @ http://localhost:3000/_next/static/chunks/node_modules_next_dist_1e8vcs8._.js:776
[  105704ms] [LOG] [Fast Refresh] done in 878ms @ http://localhost:3000/_next/static/chunks/node_modules_next_dist_1e8vcs8._.js:776
[  105767ms] [LOG] [Fast Refresh] done in 878ms @ http://localhost:3000/_next/static/chunks/node_modules_next_dist_1e8vcs8._.js:776
[  105832ms] [LOG] [Fast Refresh] done in 878ms @ http://localhost:3000/_next/static/chunks/node_modules_next_dist_1e8vcs8._.js:776
[  105894ms] [LOG] [Fast Refresh] done in 878ms @ http://localhost:3000/_next/static/chunks/node_modules_next_dist_1e8vcs8._.js:776
[  105958ms] [LOG] [Fast Refresh] done in 878ms @ http://localhost:3000/_next/static/chunks/node_modules_next_dist_1e8vcs8._.js:776
[  106022ms] [LOG] [Fast Refresh] done in 878ms @ http://localhost:3000/_next/static/chunks/node_modules_next_dist_1e8vcs8._.js:776
[  106085ms] [LOG] [Fast Refresh] done in 878ms @ http://localhost:3000/_next/static/chunks/node_modules_next_dist_1e8vcs8._.js:776
[  106150ms] [LOG] [Fast Refresh] done in 878ms @ http://localhost:3000/_next/static/chunks/node_modules_next_dist_1e8vcs8._.js:776
[  106213ms] [LOG] [Fast Refresh] done in 878ms @ http://localhost:3000/_next/static/chunks/node_modules_next_dist_1e8vcs8._.js:776
[  106286ms] [LOG] [Fast Refresh] done in 878ms @ http://localhost:3000/_next/static/chunks/node_modules_next_dist_1e8vcs8._.js:776
[  106358ms] [LOG] [Fast Refresh] done in 878ms @ http://localhost:3000/_next/static/chunks/node_modules_next_dist_1e8vcs8._.js:776
[  106416ms] [LOG] [Fast Refresh] done in 878ms @ http://localhost:3000/_next/static/chunks/node_modules_next_dist_1e8vcs8._.js:776
[  106481ms] [LOG] [Fast Refresh] done in 878ms @ http://localhost:3000/_next/static/chunks/node_modules_next_dist_1e8vcs8._.js:776
[  106561ms] [LOG] [Fast Refresh] done in 878ms @ http://localhost:3000/_next/static/chunks/node_modules_next_dist_1e8vcs8._.js:776
[  106620ms] [LOG] [Fast Refresh] done in 878ms @ http://localhost:3000/_next/static/chunks/node_modules_next_dist_1e8vcs8._.js:776
[  106683ms] [LOG] [Fast Refresh] done in 878ms @ http://localhost:3000/_next/static/chunks/node_modules_next_dist_1e8vcs8._.js:776
[  106747ms] [LOG] [Fast Refresh] done in 878ms @ http://localhost:3000/_next/static/chunks/node_modules_next_dist_1e8vcs8._.js:776
[  106811ms] [LOG] [Fast Refresh] done in 878ms @ http://localhost:3000/_next/static/chunks/node_modules_next_dist_1e8vcs8._.js:776
[  106874ms] [LOG] [Fast Refresh] done in 878ms @ http://localhost:3000/_next/static/chunks/node_modules_next_dist_1e8vcs8._.js:776
[  106936ms] [LOG] [Fast Refresh] done in 878ms @ http://localhost:3000/_next/static/chunks/node_modules_next_dist_1e8vcs8._.js:776
[  107000ms] [LOG] [Fast Refresh] done in 878ms @ http://localhost:3000/_next/static/chunks/node_modules_next_dist_1e8vcs8._.js:776
[  107066ms] [LOG] [Fast Refresh] done in 878ms @ http://localhost:3000/_next/static/chunks/node_modules_next_dist_1e8vcs8._.js:776
[  107129ms] [LOG] [Fast Refresh] done in 878ms @ http://localhost:3000/_next/static/chunks/node_modules_next_dist_1e8vcs8._.js:776
[  107191ms] [LOG] [Fast Refresh] done in 878ms @ http://localhost:3000/_next/static/chunks/node_modules_next_dist_1e8vcs8._.js:776
[  107253ms] [LOG] [Fast Refresh] done in 878ms @ http://localhost:3000/_next/static/chunks/node_modules_next_dist_1e8vcs8._.js:776
[  107316ms] [LOG] [Fast Refresh] done in 878ms @ http://localhost:3000/_next/static/chunks/node_modules_next_dist_1e8vcs8._.js:776
[  107381ms] [LOG] [Fast Refresh] done in 878ms @ http://localhost:3000/_next/static/chunks/node_modules_next_dist_1e8vcs8._.js:776
[  107445ms] [LOG] [Fast Refresh] done in 878ms @ http://localhost:3000/_next/static/chunks/node_modules_next_dist_1e8vcs8._.js:776
[  107507ms] [LOG] [Fast Refresh] done in 878ms @ http://localhost:3000/_next/static/chunks/node_modules_next_dist_1e8vcs8._.js:776
[  107574ms] [LOG] [Fast Refresh] done in 878ms @ http://localhost:3000/_next/static/chunks/node_modules_next_dist_1e8vcs8._.js:776
[  107636ms] [LOG] [Fast Refresh] done in 878ms @ http://localhost:3000/_next/static/chunks/node_modules_next_dist_1e8vcs8._.js:776
[  107702ms] [LOG] [Fast Refresh] done in 878ms @ http://localhost:3000/_next/static/chunks/node_modules_next_dist_1e8vcs8._.js:776
[  107761ms] [LOG] [Fast Refresh] done in 878ms @ http://localhost:3000/_next/static/chunks/node_modules_next_dist_1e8vcs8._.js:776
[  107822ms] [LOG] [Fast Refresh] done in 878ms @ http://localhost:3000/_next/static/chunks/node_modules_next_dist_1e8vcs8._.js:776
[  107885ms] [LOG] [Fast Refresh] done in 878ms @ http://localhost:3000/_next/static/chunks/node_modules_next_dist_1e8vcs8._.js:776
[  107952ms] [LOG] [Fast Refresh] done in 878ms @ http://localhost:3000/_next/static/chunks/node_modules_next_dist_1e8vcs8._.js:776
[  108013ms] [LOG] [Fast Refresh] done in 878ms @ http://localhost:3000/_next/static/chunks/node_modules_next_dist_1e8vcs8._.js:776
[  108076ms] [LOG] [Fast Refresh] done in 878ms @ http://localhost:3000/_next/static/chunks/node_modules_next_dist_1e8vcs8._.js:776
[  108138ms] [LOG] [Fast Refresh] done in 878ms @ http://localhost:3000/_next/static/chunks/node_modules_next_dist_1e8vcs8._.js:776
[  108200ms] [LOG] [Fast Refresh] done in 878ms @ http://localhost:3000/_next/static/chunks/node_modules_next_dist_1e8vcs8._.js:776
[  108265ms] [LOG] [Fast Refresh] done in 878ms @ http://localhost:3000/_next/static/chunks/node_modules_next_dist_1e8vcs8._.js:776
[  108328ms] [LOG] [Fast Refresh] done in 878ms @ http://localhost:3000/_next/static/chunks/node_modules_next_dist_1e8vcs8._.js:776
[  108391ms] [LOG] [Fast Refresh] done in 878ms @ http://localhost:3000/_next/static/chunks/node_modules_next_dist_1e8vcs8._.js:776
[  108456ms] [LOG] [Fast Refresh] done in 878ms @ http://localhost:3000/_next/static/chunks/node_modules_next_dist_1e8vcs8._.js:776
[  108517ms] [LOG] [Fast Refresh] done in 878ms @ http://localhost:3000/_next/static/chunks/node_modules_next_dist_1e8vcs8._.js:776
[  108581ms] [LOG] [Fast Refresh] done in 878ms @ http://localhost:3000/_next/static/chunks/node_modules_next_dist_1e8vcs8._.js:776
[  108644ms] [LOG] [Fast Refresh] done in 878ms @ http://localhost:3000/_next/static/chunks/node_modules_next_dist_1e8vcs8._.js:776
[  108716ms] [LOG] [Fast Refresh] done in 878ms @ http://localhost:3000/_next/static/chunks/node_modules_next_dist_1e8vcs8._.js:776
[  108784ms] [LOG] [Fast Refresh] done in 878ms @ http://localhost:3000/_next/static/chunks/node_modules_next_dist_1e8vcs8._.js:776
[  108845ms] [LOG] [Fast Refresh] done in 878ms @ http://localhost:3000/_next/static/chunks/node_modules_next_dist_1e8vcs8._.js:776
[  108908ms] [LOG] [Fast Refresh] done in 878ms @ http://localhost:3000/_next/static/chunks/node_modules_next_dist_1e8vcs8._.js:776
[  108972ms] [LOG] [Fast Refresh] done in 878ms @ http://localhost:3000/_next/static/chunks/node_modules_next_dist_1e8vcs8._.js:776
[  109035ms] [LOG] [Fast Refresh] done in 878ms @ http://localhost:3000/_next/static/chunks/node_modules_next_dist_1e8vcs8._.js:776
[  109098ms] [LOG] [Fast Refresh] done in 878ms @ http://localhost:3000/_next/static/chunks/node_modules_next_dist_1e8vcs8._.js:776
[  109162ms] [LOG] [Fast Refresh] done in 878ms @ http://localhost:3000/_next/static/chunks/node_modules_next_dist_1e8vcs8._.js:776
[  109225ms] [LOG] [Fast Refresh] done in 878ms @ http://localhost:3000/_next/static/chunks/node_modules_next_dist_1e8vcs8._.js:776
[  109289ms] [LOG] [Fast Refresh] done in 878ms @ http://localhost:3000/_next/static/chunks/node_modules_next_dist_1e8vcs8._.js:776
[  109355ms] [LOG] [Fast Refresh] done in 878ms @ http://localhost:3000/_next/static/chunks/node_modules_next_dist_1e8vcs8._.js:776
[  109414ms] [LOG] [Fast Refresh] done in 878ms @ http://localhost:3000/_next/static/chunks/node_modules_next_dist_1e8vcs8._.js:776
[  109477ms] [LOG] [Fast Refresh] done in 878ms @ http://localhost:3000/_next/static/chunks/node_modules_next_dist_1e8vcs8._.js:776
[  109540ms] [LOG] [Fast Refresh] done in 878ms @ http://localhost:3000/_next/static/chunks/node_modules_next_dist_1e8vcs8._.js:776
[  109605ms] [LOG] [Fast Refresh] done in 878ms @ http://localhost:3000/_next/static/chunks/node_modules_next_dist_1e8vcs8._.js:776
[  109670ms] [LOG] [Fast Refresh] done in 878ms @ http://localhost:3000/_next/static/chunks/node_modules_next_dist_1e8vcs8._.js:776
[  109848ms] [LOG] [Fast Refresh] done in 878ms @ http://localhost:3000/_next/static/chunks/node_modules_next_dist_1e8vcs8._.js:776
[  109949ms] [LOG] [Fast Refresh] done in 878ms @ http://localhost:3000/_next/static/chunks/node_modules_next_dist_1e8vcs8._.js:776
[  110087ms] [LOG] [Fast Refresh] done in 878ms @ http://localhost:3000/_next/static/chunks/node_modules_next_dist_1e8vcs8._.js:776
[  110231ms] [LOG] [Fast Refresh] done in 878ms @ http://localhost:3000/_next/static/chunks/node_modules_next_dist_1e8vcs8._.js:776
[  110344ms] [LOG] [Fast Refresh] done in 878ms @ http://localhost:3000/_next/static/chunks/node_modules_next_dist_1e8vcs8._.js:776
[  110404ms] [LOG] [Fast Refresh] done in 878ms @ http://localhost:3000/_next/static/chunks/node_modules_next_dist_1e8vcs8._.js:776
[  110477ms] [LOG] [Fast Refresh] done in 878ms @ http://localhost:3000/_next/static/chunks/node_modules_next_dist_1e8vcs8._.js:776
[  110547ms] [LOG] [Fast Refresh] done in 878ms @ http://localhost:3000/_next/static/chunks/node_modules_next_dist_1e8vcs8._.js:776
[  110660ms] [LOG] [Fast Refresh] done in 878ms @ http://localhost:3000/_next/static/chunks/node_modules_next_dist_1e8vcs8._.js:776
[  110846ms] [LOG] [Fast Refresh] done in 878ms @ http://localhost:3000/_next/static/chunks/node_modules_next_dist_1e8vcs8._.js:776
[  110911ms] [LOG] [Fast Refresh] done in 878ms @ http://localhost:3000/_next/static/chunks/node_modules_next_dist_1e8vcs8._.js:776
[  110972ms] [LOG] [Fast Refresh] done in 878ms @ http://localhost:3000/_next/static/chunks/node_modules_next_dist_1e8vcs8._.js:776
[  111037ms] [LOG] [Fast Refresh] done in 878ms @ http://localhost:3000/_next/static/chunks/node_modules_next_dist_1e8vcs8._.js:776
[  111102ms] [LOG] [Fast Refresh] done in 878ms @ http://localhost:3000/_next/static/chunks/node_modules_next_dist_1e8vcs8._.js:776
[  111165ms] [LOG] [Fast Refresh] done in 878ms @ http://localhost:3000/_next/static/chunks/node_modules_next_dist_1e8vcs8._.js:776
[  111229ms] [LOG] [Fast Refresh] done in 878ms @ http://localhost:3000/_next/static/chunks/node_modules_next_dist_1e8vcs8._.js:776
[  111290ms] [LOG] [Fast Refresh] done in 878ms @ http://localhost:3000/_next/static/chunks/node_modules_next_dist_1e8vcs8._.js:776
[  111355ms] [LOG] [Fast Refresh] done in 878ms @ http://localhost:3000/_next/static/chunks/node_modules_next_dist_1e8vcs8._.js:776
[  111417ms] [LOG] [Fast Refresh] done in 878ms @ http://localhost:3000/_next/static/chunks/node_modules_next_dist_1e8vcs8._.js:776
[  111486ms] [LOG] [Fast Refresh] done in 878ms @ http://localhost:3000/_next/static/chunks/node_modules_next_dist_1e8vcs8._.js:776
[  111545ms] [LOG] [Fast Refresh] done in 878ms @ http://localhost:3000/_next/static/chunks/node_modules_next_dist_1e8vcs8._.js:776
[  111610ms] [LOG] [Fast Refresh] done in 878ms @ http://localhost:3000/_next/static/chunks/node_modules_next_dist_1e8vcs8._.js:776
[  111672ms] [LOG] [Fast Refresh] done in 878ms @ http://localhost:3000/_next/static/chunks/node_modules_next_dist_1e8vcs8._.js:776
[  111735ms] [LOG] [Fast Refresh] done in 878ms @ http://localhost:3000/_next/static/chunks/node_modules_next_dist_1e8vcs8._.js:776
[  111797ms] [LOG] [Fast Refresh] done in 878ms @ http://localhost:3000/_next/static/chunks/node_modules_next_dist_1e8vcs8._.js:776
[  111861ms] [LOG] [Fast Refresh] done in 878ms @ http://localhost:3000/_next/static/chunks/node_modules_next_dist_1e8vcs8._.js:776
[  111925ms] [LOG] [Fast Refresh] done in 878ms @ http://localhost:3000/_next/static/chunks/node_modules_next_dist_1e8vcs8._.js:776
[  111988ms] [LOG] [Fast Refresh] done in 878ms @ http://localhost:3000/_next/static/chunks/node_modules_next_dist_1e8vcs8._.js:776
[  112052ms] [LOG] [Fast Refresh] done in 878ms @ http://localhost:3000/_next/static/chunks/node_modules_next_dist_1e8vcs8._.js:776
[  112116ms] [LOG] [Fast Refresh] done in 878ms @ http://localhost:3000/_next/static/chunks/node_modules_next_dist_1e8vcs8._.js:776
[  112177ms] [LOG] [Fast Refresh] done in 878ms @ http://localhost:3000/_next/static/chunks/node_modules_next_dist_1e8vcs8._.js:776
[  112240ms] [LOG] [Fast Refresh] done in 878ms @ http://localhost:3000/_next/static/chunks/node_modules_next_dist_1e8vcs8._.js:776
[  112304ms] [LOG] [Fast Refresh] done in 878ms @ http://localhost:3000/_next/static/chunks/node_modules_next_dist_1e8vcs8._.js:776
[  112366ms] [LOG] [Fast Refresh] done in 878ms @ http://localhost:3000/_next/static/chunks/node_modules_next_dist_1e8vcs8._.js:776
[  112429ms] [LOG] [Fast Refresh] done in 878ms @ http://localhost:3000/_next/static/chunks/node_modules_next_dist_1e8vcs8._.js:776
[  112493ms] [LOG] [Fast Refresh] done in 878ms @ http://localhost:3000/_next/static/chunks/node_modules_next_dist_1e8vcs8._.js:776
[  112555ms] [LOG] [Fast Refresh] done in 878ms @ http://localhost:3000/_next/static/chunks/node_modules_next_dist_1e8vcs8._.js:776
[  112621ms] [LOG] [Fast Refresh] done in 878ms @ http://localhost:3000/_next/static/chunks/node_modules_next_dist_1e8vcs8._.js:776
[  112698ms] [LOG] [Fast Refresh] done in 878ms @ http://localhost:3000/_next/static/chunks/node_modules_next_dist_1e8vcs8._.js:776
[  112760ms] [LOG] [Fast Refresh] done in 878ms @ http://localhost:3000/_next/static/chunks/node_modules_next_dist_1e8vcs8._.js:776
[  112823ms] [LOG] [Fast Refresh] done in 878ms @ http://localhost:3000/_next/static/chunks/node_modules_next_dist_1e8vcs8._.js:776
[  112885ms] [LOG] [Fast Refresh] done in 878ms @ http://localhost:3000/_next/static/chunks/node_modules_next_dist_1e8vcs8._.js:776
[  112948ms] [LOG] [Fast Refresh] done in 878ms @ http://localhost:3000/_next/static/chunks/node_modules_next_dist_1e8vcs8._.js:776
